19,Sun,"Couleur:color:0, Pointure:select:1","Color:color:0, Size:select:1","Rose pailleté:0, 18:1","Rose pailleté:0, 18:1",,sun-rose-pailleté-18,SUN-EN-ROPA18,Couleur:color:0,Pointure:select:1,Rose pailleté:0,0,18:1,1,,,0,,19,https://cata.meduse.co/enfants/sandales/sun/rose-paillete/sandales-enfant-sun-rose-paillete-cote.jpg,1,,,,,15,Sun,,sun-rose-pailleté-18,Couleur,Pointure,Rose pailleté,23,18,1,1,12,,,,,,Sandales enfant,Enfant,Sandale,sun enfant,sun,rose,pailleté,18,,,sunenfant
19,Sun,"Couleur:color:0, Pointure:select:1","Color:color:0, Size:select:1","Rose pailleté:0, 19:1","Rose pailleté:0, 19:1",,sun-rose-pailleté-19,SUN-EN-ROPA19,Couleur:color:0,Pointure:select:1,Rose pailleté:0,0,19:1,1,,,0,,,,1,,,,,15,Sun,,sun-rose-pailleté-19,Couleur,Pointure,Rose pailleté,23,19,2,1,12,,,,,,Sandales enfant,Enfant,Sandale,sun enfant,sun,rose,pailleté,19,,,sunenfant
19,Sun,"Couleur:color:0, Pointure:select:1","Color:color:0, Size:select:1","Rose pailleté:0, 20:1","Rose pailleté:0, 20:1",,sun-rose-pailleté-20,SUN-EN-ROPA20,Couleur:color:0,Pointure:select:1,Rose pailleté:0,0,20:1,1,,,0,,,,1,,,,,15,Sun,,sun-rose-pailleté-20,Couleur,Pointure,Rose pailleté,23,20,3,1,12,,,,,,Sandales enfant,Enfant,Sandale,sun enfant,sun,rose,pailleté,20,,,sunenfant
19,Sun,"Couleur:color:0, Pointure:select:1","Color:color:0, Size:select:1","Rose pailleté:0, 21:1","Rose pailleté:0, 21:1",,sun-rose-pailleté-21,SUN-EN-ROPA21,Couleur:color:0,Pointure:select:1,Rose pailleté:0,0,21:1,1,,,0,,,,1,,,,,15,Sun,,sun-rose-pailleté-21,Couleur,Pointure,Rose pailleté,23,21,4,1,12,,,,,,Sandales enfant,Enfant,Sandale,sun enfant,sun,rose,pailleté,21,,,sunenfant
19,Sun,"Couleur:color:0, Pointure:select:1","Color:color:0, Size:select:1","Rose pailleté:0, 22:1","Rose pailleté:0, 22:1",,sun-rose-pailleté-22,SUN-EN-ROPA22,Couleur:color:0,Pointure:select:1,Rose pailleté:0,0,22:1,1,,,0,,,,1,,,,,15,Sun,,sun-rose-pailleté-22,Couleur,Pointure,Rose pailleté,23,22,5,1,12,,,,,,Sandales enfant,Enfant,Sandale,sun enfant,sun,rose,pailleté,22,,,sunenfant
19,Sun,"Couleur:color:0, Pointure:select:1","Color:color:0, Size:select:1","Rose pailleté:0, 23:1","Rose pailleté:0, 23:1",,sun-rose-pailleté-23,SUN-EN-ROPA23,Couleur:color:0,Pointure:select:1,Rose pailleté:0,0,23:1,1,,,0,,,,1,,,,,15,Sun,,sun-rose-pailleté-23,Couleur,Pointure,Rose pailleté,23,23,6,1,12,,,,,,Sandales enfant,Enfant,Sandale,sun enfant,sun,rose,pailleté,23,,,sunenfant
19,Sun,"Couleur:color:0, Pointure:select:1","Color:color:0, Size:select:1","Rose pailleté:0, 24:1","Rose pailleté:0, 24:1",,sun-rose-pailleté-24,SUN-EN-ROPA24,Couleur:color:0,Pointure:select:1,Rose pailleté:0,0,24:1,1,,,0,,,,1,,,,,15,Sun,,sun-rose-pailleté-24,Couleur,Pointure,Rose pailleté,23,24,7,1,12,,,,,,Sandales enfant,Enfant,Sandale,sun enfant,sun,rose,pailleté,24,,,sunenfant
19,Sun,"Couleur:color:0, Pointure:select:1","Color:color:0, Size:select:1","Rose pailleté:0, 25:1","Rose pailleté:0, 25:1",,sun-rose-pailleté-25,SUN-EN-ROPA25,Couleur:color:0,Pointure:select:1,Rose pailleté:0,0,25:1,1,,,0,,,,1,,,,,15,Sun,,sun-rose-pailleté-25,Couleur,Pointure,Rose pailleté,23,25,8,1,12,,,,,,Sandales enfant,Enfant,Sandale,sun enfant,sun,rose,pailleté,25,,,sunenfant
19,Sun,"Couleur:color:0, Pointure:select:1","Color:color:0, Size:select:1","Rose pailleté:0, 26:1","Rose pailleté:0, 26:1",,sun-rose-pailleté-26,SUN-EN-ROPA26,Couleur:color:0,Pointure:select:1,Rose pailleté:0,0,26:1,1,,,0,,,,1,,,,,15,Sun,,sun-rose-pailleté-26,Couleur,Pointure,Rose pailleté,23,26,9,1,12,,,,,,Sandales enfant,Enfant,Sandale,sun enfant,sun,rose,pailleté,26,,,sunenfant
19,Sun,"Couleur:color:0, Pointure:select:1","Color:color:0, Size:select:1","Rose pailleté:0, 27:1","Rose pailleté:0, 27:1",,sun-rose-pailleté-27,SUN-EN-ROPA27,Couleur:color:0,Pointure:select:1,Rose pailleté:0,0,27:1,1,,,0,,,,1,,,,,15,Sun,,sun-rose-pailleté-27,Couleur,Pointure,Rose pailleté,23,27,10,1,12,,,,,,Sandales enfant,Enfant,Sandale,sun enfant,sun,rose,pailleté,27,,,sunenfant
19,Sun,"Couleur:color:0, Pointure:select:1","Color:color:0, Size:select:1","Rose pailleté:0, 28:1","Rose pailleté:0, 28:1",,sun-rose-pailleté-28,SUN-EN-ROPA28,Couleur:color:0,Pointure:select:1,Rose pailleté:0,3,28:1,1,,,0,,,,1,,,,,15,Sun,,sun-rose-pailleté-28,Couleur,Pointure,Rose pailleté,23,28,11,1,15,,,,,,Sandales enfant,Enfant,Sandale,sun enfant,sun,rose,pailleté,28,,,sunenfant
19,Sun,"Couleur:color:0, Pointure:select:1","Color:color:0, Size:select:1","Rose pailleté:0, 29:1","Rose pailleté:0, 29:1",,sun-rose-pailleté-29,SUN-EN-ROPA29,Couleur:color:0,Pointure:select:1,Rose pailleté:0,3,29:1,1,,,0,,,,1,,,,,15,Sun,,sun-rose-pailleté-29,Couleur,Pointure,Rose pailleté,23,29,12,1,15,,,,,,Sandales enfant,Enfant,Sandale,sun enfant,sun,rose,pailleté,29,,,sunenfant
19,Sun,"Couleur:color:0, Pointure:select:1","Color:color:0, Size:select:1","Rose pailleté:0, 30:1","Rose pailleté:0, 30:1",,sun-rose-pailleté-30,SUN-EN-ROPA30,Couleur:color:0,Pointure:select:1,Rose pailleté:0,3,30:1,1,,,0,,,,1,,,,,15,Sun,,sun-rose-pailleté-30,Couleur,Pointure,Rose pailleté,23,30,13,1,15,,,,,,Sandales enfant,Enfant,Sandale,sun enfant,sun,rose,pailleté,30,,,sunenfant
19,Sun,"Couleur:color:0, Pointure:select:1","Color:color:0, Size:select:1","Rose pailleté:0, 31:1","Rose pailleté:0, 31:1",,sun-rose-pailleté-31,SUN-EN-ROPA31,Couleur:color:0,Pointure:select:1,Rose pailleté:0,3,31:1,1,,,0,,,,1,,,,,15,Sun,,sun-rose-pailleté-31,Couleur,Pointure,Rose pailleté,23,31,14,1,15,,,,,,Sandales enfant,Enfant,Sandale,sun enfant,sun,rose,pailleté,31,,,sunenfant
19,Sun,"Couleur:color:0, Pointure:select:1","Color:color:0, Size:select:1","Rose pailleté:0, 32:1","Rose pailleté:0, 32:1",,sun-rose-pailleté-32,SUN-EN-ROPA32,Couleur:color:0,Pointure:select:1,Rose pailleté:0,3,32:1,1,,,0,,,,1,,,,,15,Sun,,sun-rose-pailleté-32,Couleur,Pointure,Rose pailleté,23,32,15,1,15,,,,,,Sandales enfant,Enfant,Sandale,sun enfant,sun,rose,pailleté,32,,,sunenfant
19,Sun,"Couleur:color:0, Pointure:select:1","Color:color:0, Size:select:1","Rose pailleté:0, 33:1","Rose pailleté:0, 33:1",,sun-rose-pailleté-33,SUN-EN-ROPA33,Couleur:color:0,Pointure:select:1,Rose pailleté:0,3,33:1,1,,,0,,,,1,,,,,15,Sun,,sun-rose-pailleté-33,Couleur,Pointure,Rose pailleté,23,33,16,1,15,,,,,,Sandales enfant,Enfant,Sandale,sun enfant,sun,rose,pailleté,33,,,sunenfant
19,Sun,"Couleur:color:0, Pointure:select:1","Color:color:0, Size:select:1","Rose pailleté:0, 34:1","Rose pailleté:0, 34:1",,sun-rose-pailleté-34,SUN-EN-ROPA34,Couleur:color:0,Pointure:select:1,Rose pailleté:0,3,34:1,1,,,0,,,,1,,,,,15,Sun,,sun-rose-pailleté-34,Couleur,Pointure,Rose pailleté,23,34,17,1,15,,,,,,Sandales enfant,Enfant,Sandale,sun enfant,sun,rose,pailleté,34,,,sunenfant
19,Sun,"Couleur:color:0, Pointure:select:1","Color:color:0, Size:select:1","Rose pastel:0, 18:1","Rose pastel:0, 18:1",,sun-rose-pastel-18,SUN-EN-ROPA18,Couleur:color:0,Pointure:select:1,Rose pastel:0,0,18:1,1,,,0,,20,https://cata.meduse.co/enfants/sandales/sun/rose-pastel/sandales-enfant-sun-rose-pastel-cote.jpg,1,,,,,15,Sun,,sun-rose-pastel-18,Couleur,Pointure,Rose pastel,24,18,1,1,12,,,,,,Sandales enfant,Enfant,Sandale,sun enfant,sun,rose,pastel,18,,,sunenfant
19,Sun,"Couleur:color:0, Pointure:select:1","Color:color:0, Size:select:1","Rose pastel:0, 19:1","Rose pastel:0, 19:1",,sun-rose-pastel-19,SUN-EN-ROPA19,Couleur:color:0,Pointure:select:1,Rose pastel:0,0,19:1,1,,,0,,,,1,,,,,15,Sun,,sun-rose-pastel-19,Couleur,Pointure,Rose pastel,24,19,2,1,12,,,,,,Sandales enfant,Enfant,Sandale,sun enfant,sun,rose,pastel,19,,,sunenfant
19,Sun,"Couleur:color:0, Pointure:select:1","Color:color:0, Size:select:1","Rose pastel:0, 20:1","Rose pastel:0, 20:1",,sun-rose-pastel-20,SUN-EN-ROPA20,Couleur:color:0,Pointure:select:1,Rose pastel:0,0,20:1,1,,,0,,,,1,,,,,15,Sun,,sun-rose-pastel-20,Couleur,Pointure,Rose pastel,24,20,3,1,12,,,,,,Sandales enfant,Enfant,Sandale,sun enfant,sun,rose,pastel,20,,,sunenfant
19,Sun,"Couleur:color:0, Pointure:select:1","Color:color:0, Size:select:1","Rose pastel:0, 21:1","Rose pastel:0, 21:1",,sun-rose-pastel-21,SUN-EN-ROPA21,Couleur:color:0,Pointure:select:1,Rose pastel:0,0,21:1,1,,,0,,,,1,,,,,15,Sun,,sun-rose-pastel-21,Couleur,Pointure,Rose pastel,24,21,4,1,12,,,,,,Sandales enfant,Enfant,Sandale,sun enfant,sun,rose,pastel,21,,,sunenfant
19,Sun,"Couleur:color:0, Pointure:select:1","Color:color:0, Size:select:1","Rose pastel:0, 22:1","Rose pastel:0, 22:1",,sun-rose-pastel-22,SUN-EN-ROPA22,Couleur:color:0,Pointure:select:1,Rose pastel:0,0,22:1,1,,,0,,,,1,,,,,15,Sun,,sun-rose-pastel-22,Couleur,Pointure,Rose pastel,24,22,5,1,12,,,,,,Sandales enfant,Enfant,Sandale,sun enfant,sun,rose,pastel,22,,,sunenfant
19,Sun,"Couleur:color:0, Pointure:select:1","Color:color:0, Size:select:1","Rose pastel:0, 23:1","Rose pastel:0, 23:1",,sun-rose-pastel-23,SUN-EN-ROPA23,Couleur:color:0,Pointure:select:1,Rose pastel:0,0,23:1,1,,,0,,,,1,,,,,15,Sun,,sun-rose-pastel-23,Couleur,Pointure,Rose pastel,24,23,6,1,12,,,,,,Sandales enfant,Enfant,Sandale,sun enfant,sun,rose,pastel,23,,,sunenfant
19,Sun,"Couleur:color:0, Pointure:select:1","Color:color:0, Size:select:1","Rose pastel:0, 24:1","Rose pastel:0, 24:1",,sun-rose-pastel-24,SUN-EN-ROPA24,Couleur:color:0,Pointure:select:1,Rose pastel:0,0,24:1,1,,,0,,,,1,,,,,15,Sun,,sun-rose-pastel-24,Couleur,Pointure,Rose pastel,24,24,7,1,12,,,,,,Sandales enfant,Enfant,Sandale,sun enfant,sun,rose,pastel,24,,,sunenfant
19,Sun,"Couleur:color:0, Pointure:select:1","Color:color:0, Size:select:1","Rose pastel:0, 25:1","Rose pastel:0, 25:1",,sun-rose-pastel-25,SUN-EN-ROPA25,Couleur:color:0,Pointure:select:1,Rose pastel:0,0,25:1,1,,,0,,,,1,,,,,15,Sun,,sun-rose-pastel-25,Couleur,Pointure,Rose pastel,24,25,8,1,12,,,,,,Sandales enfant,Enfant,Sandale,sun enfant,sun,rose,pastel,25,,,sunenfant
19,Sun,"Couleur:color:0, Pointure:select:1","Color:color:0, Size:select:1","Rose pastel:0, 26:1","Rose pastel:0, 26:1",,sun-rose-pastel-26,SUN-EN-ROPA26,Couleur:color:0,Pointure:select:1,Rose pastel:0,0,26:1,1,,,0,,,,1,,,,,15,Sun,,sun-rose-pastel-26,Couleur,Pointure,Rose pastel,24,26,9,1,12,,,,,,Sandales enfant,Enfant,Sandale,sun enfant,sun,rose,pastel,26,,,sunenfant
19,Sun,"Couleur:color:0, Pointure:select:1","Color:color:0, Size:select:1","Rose pastel:0, 27:1","Rose pastel:0, 27:1",,sun-rose-pastel-27,SUN-EN-ROPA27,Couleur:color:0,Pointure:select:1,Rose pastel:0,0,27:1,1,,,0,,,,1,,,,,15,Sun,,sun-rose-pastel-27,Couleur,Pointure,Rose pastel,24,27,10,1,12,,,,,,Sandales enfant,Enfant,Sandale,sun enfant,sun,rose,pastel,27,,,sunenfant
19,Sun,"Couleur:color:0, Pointure:select:1","Color:color:0, Size:select:1","Rose pastel:0, 28:1","Rose pastel:0, 28:1",,sun-rose-pastel-28,SUN-EN-ROPA28,Couleur:color:0,Pointure:select:1,Rose pastel:0,3,28:1,1,,,0,,,,1,,,,,15,Sun,,sun-rose-pastel-28,Couleur,Pointure,Rose pastel,24,28,11,1,15,,,,,,Sandales enfant,Enfant,Sandale,sun enfant,sun,rose,pastel,28,,,sunenfant
19,Sun,"Couleur:color:0, Pointure:select:1","Color:color:0, Size:select:1","Rose pastel:0, 29:1","Rose pastel:0, 29:1",,sun-rose-pastel-29,SUN-EN-ROPA29,Couleur:color:0,Pointure:select:1,Rose pastel:0,3,29:1,1,,,0,,,,1,,,,,15,Sun,,sun-rose-pastel-29,Couleur,Pointure,Rose pastel,24,29,12,1,15,,,,,,Sandales enfant,Enfant,Sandale,sun enfant,sun,rose,pastel,29,,,sunenfant
19,Sun,"Couleur:color:0, Pointure:select:1","Color:color:0, Size:select:1","Rose pastel:0, 30:1","Rose pastel:0, 30:1",,sun-rose-pastel-30,SUN-EN-ROPA30,Couleur:color:0,Pointure:select:1,Rose pastel:0,3,30:1,1,,,0,,,,1,,,,,15,Sun,,sun-rose-pastel-30,Couleur,Pointure,Rose pastel,24,30,13,1,15,,,,,,Sandales enfant,Enfant,Sandale,sun enfant,sun,rose,pastel,30,,,sunenfant
19,Sun,"Couleur:color:0, Pointure:select:1","Color:color:0, Size:select:1","Rose pastel:0, 31:1","Rose pastel:0, 31:1",,sun-rose-pastel-31,SUN-EN-ROPA31,Couleur:color:0,Pointure:select:1,Rose pastel:0,3,31:1,1,,,0,,,,1,,,,,15,Sun,,sun-rose-pastel-31,Couleur,Pointure,Rose pastel,24,31,14,1,15,,,,,,Sandales enfant,Enfant,Sandale,sun enfant,sun,rose,pastel,31,,,sunenfant
19,Sun,"Couleur:color:0, Pointure:select:1","Color:color:0, Size:select:1","Rose pastel:0, 32:1","Rose pastel:0, 32:1",,sun-rose-pastel-32,SUN-EN-ROPA32,Couleur:color:0,Pointure:select:1,Rose pastel:0,3,32:1,1,,,0,,,,1,,,,,15,Sun,,sun-rose-pastel-32,Couleur,Pointure,Rose pastel,24,32,15,1,15,,,,,,Sandales enfant,Enfant,Sandale,sun enfant,sun,rose,pastel,32,,,sunenfant
19,Sun,"Couleur:color:0, Pointure:select:1","Color:color:0, Size:select:1","Rose pastel:0, 33:1","Rose pastel:0, 33:1",,sun-rose-pastel-33,SUN-EN-ROPA33,Couleur:color:0,Pointure:select:1,Rose pastel:0,3,33:1,1,,,0,,,,1,,,,,15,Sun,,sun-rose-pastel-33,Couleur,Pointure,Rose pastel,24,33,16,1,15,,,,,,Sandales enfant,Enfant,Sandale,sun enfant,sun,rose,pastel,33,,,sunenfant
19,Sun,"Couleur:color:0, Pointure:select:1","Color:color:0, Size:select:1","Rose pastel:0, 34:1","Rose pastel:0, 34:1",,sun-rose-pastel-34,SUN-EN-ROPA34,Couleur:color:0,Pointure:select:1,Rose pastel:0,3,34:1,1,,,0,,,,1,,,,,15,Sun,,sun-rose-pastel-34,Couleur,Pointure,Rose pastel,24,34,17,1,15,,,,,,Sandales enfant,Enfant,Sandale,sun enfant,sun,rose,pastel,34,,,sunenfant
19,Sun,"Couleur:color:0, Pointure:select:1","Color:color:0, Size:select:1","Saumon pailleté:0, 18:1","Saumon pailleté:0, 18:1",,sun-saumon-pailleté-18,SUN-EN-SAPA18,Couleur:color:0,Pointure:select:1,Saumon pailleté:0,0,18:1,1,,,0,,21,https://cata.meduse.co/enfants/sandales/sun/saumon-paillete/sandales-enfant-sun-saumon-paillete-cote.jpg,1,,,,,15,Sun,,sun-saumon-pailleté-18,Couleur,Pointure,Saumon pailleté,26,18,1,1,12,,,,,,Sandales enfant,Enfant,Sandale,sun enfant,sun,saumon,pailleté,18,,,sunenfant
19,Sun,"Couleur:color:0, Pointure:select:1","Color:color:0, Size:select:1","Saumon pailleté:0, 19:1","Saumon pailleté:0, 19:1",,sun-saumon-pailleté-19,SUN-EN-SAPA19,Couleur:color:0,Pointure:select:1,Saumon pailleté:0,0,19:1,1,,,0,,,,1,,,,,15,Sun,,sun-saumon-pailleté-19,Couleur,Pointure,Saumon pailleté,26,19,2,1,12,,,,,,Sandales enfant,Enfant,Sandale,sun enfant,sun,saumon,pailleté,19,,,sunenfant
19,Sun,"Couleur:color:0, Pointure:select:1","Color:color:0, Size:select:1","Saumon pailleté:0, 20:1","Saumon pailleté:0, 20:1",,sun-saumon-pailleté-20,SUN-EN-SAPA20,Couleur:color:0,Pointure:select:1,Saumon pailleté:0,0,20:1,1,,,0,,,,1,,,,,15,Sun,,sun-saumon-pailleté-20,Couleur,Pointure,Saumon pailleté,26,20,3,1,12,,,,,,Sandales enfant,Enfant,Sandale,sun enfant,sun,saumon,pailleté,20,,,sunenfant
19,Sun,"Couleur:color:0, Pointure:select:1","Color:color:0, Size:select:1","Saumon pailleté:0, 21:1","Saumon pailleté:0, 21:1",,sun-saumon-pailleté-21,SUN-EN-SAPA21,Couleur:color:0,Pointure:select:1,Saumon pailleté:0,0,21:1,1,,,0,,,,1,,,,,15,Sun,,sun-saumon-pailleté-21,Couleur,Pointure,Saumon pailleté,26,21,4,1,12,,,,,,Sandales enfant,Enfant,Sandale,sun enfant,sun,saumon,pailleté,21,,,sunenfant
19,Sun,"Couleur:color:0, Pointure:select:1","Color:color:0, Size:select:1","Saumon pailleté:0, 22:1","Saumon pailleté:0, 22:1",,sun-saumon-pailleté-22,SUN-EN-SAPA22,Couleur:color:0,Pointure:select:1,Saumon pailleté:0,0,22:1,1,,,0,,,,1,,,,,15,Sun,,sun-saumon-pailleté-22,Couleur,Pointure,Saumon pailleté,26,22,5,1,12,,,,,,Sandales enfant,Enfant,Sandale,sun enfant,sun,saumon,pailleté,22,,,sunenfant
19,Sun,"Couleur:color:0, Pointure:select:1","Color:color:0, Size:select:1","Saumon pailleté:0, 23:1","Saumon pailleté:0, 23:1",,sun-saumon-pailleté-23,SUN-EN-SAPA23,Couleur:color:0,Pointure:select:1,Saumon pailleté:0,0,23:1,1,,,0,,,,1,,,,,15,Sun,,sun-saumon-pailleté-23,Couleur,Pointure,Saumon pailleté,26,23,6,1,12,,,,,,Sandales enfant,Enfant,Sandale,sun enfant,sun,saumon,pailleté,23,,,sunenfant
19,Sun,"Couleur:color:0, Pointure:select:1","Color:color:0, Size:select:1","Saumon pailleté:0, 24:1","Saumon pailleté:0, 24:1",,sun-saumon-pailleté-24,SUN-EN-SAPA24,Couleur:color:0,Pointure:select:1,Saumon pailleté:0,0,24:1,1,,,0,,,,1,,,,,15,Sun,,sun-saumon-pailleté-24,Couleur,Pointure,Saumon pailleté,26,24,7,1,12,,,,,,Sandales enfant,Enfant,Sandale,sun enfant,sun,saumon,pailleté,24,,,sunenfant
19,Sun,"Couleur:color:0, Pointure:select:1","Color:color:0, Size:select:1","Saumon pailleté:0, 25:1","Saumon pailleté:0, 25:1",,sun-saumon-pailleté-25,SUN-EN-SAPA25,Couleur:color:0,Pointure:select:1,Saumon pailleté:0,0,25:1,1,,,0,,,,1,,,,,15,Sun,,sun-saumon-pailleté-25,Couleur,Pointure,Saumon pailleté,26,25,8,1,12,,,,,,Sandales enfant,Enfant,Sandale,sun enfant,sun,saumon,pailleté,25,,,sunenfant
19,Sun,"Couleur:color:0, Pointure:select:1","Color:color:0, Size:select:1","Saumon pailleté:0, 26:1","Saumon pailleté:0, 26:1",,sun-saumon-pailleté-26,SUN-EN-SAPA26,Couleur:color:0,Pointure:select:1,Saumon pailleté:0,0,26:1,1,,,0,,,,1,,,,,15,Sun,,sun-saumon-pailleté-26,Couleur,Pointure,Saumon pailleté,26,26,9,1,12,,,,,,Sandales enfant,Enfant,Sandale,sun enfant,sun,saumon,pailleté,26,,,sunenfant
19,Sun,"Couleur:color:0, Pointure:select:1","Color:color:0, Size:select:1","Saumon pailleté:0, 27:1","Saumon pailleté:0, 27:1",,sun-saumon-pailleté-27,SUN-EN-SAPA27,Couleur:color:0,Pointure:select:1,Saumon pailleté:0,0,27:1,1,,,0,,,,1,,,,,15,Sun,,sun-saumon-pailleté-27,Couleur,Pointure,Saumon pailleté,26,27,10,1,12,,,,,,Sandales enfant,Enfant,Sandale,sun enfant,sun,saumon,pailleté,27,,,sunenfant
19,Sun,"Couleur:color:0, Pointure:select:1","Color:color:0, Size:select:1","Saumon pailleté:0, 28:1","Saumon pailleté:0, 28:1",,sun-saumon-pailleté-28,SUN-EN-SAPA28,Couleur:color:0,Pointure:select:1,Saumon pailleté:0,3,28:1,1,,,0,,,,1,,,,,15,Sun,,sun-saumon-pailleté-28,Couleur,Pointure,Saumon pailleté,26,28,11,1,15,,,,,,Sandales enfant,Enfant,Sandale,sun enfant,sun,saumon,pailleté,28,,,sunenfant
19,Sun,"Couleur:color:0, Pointure:select:1","Color:color:0, Size:select:1","Saumon pailleté:0, 29:1","Saumon pailleté:0, 29:1",,sun-saumon-pailleté-29,SUN-EN-SAPA29,Couleur:color:0,Pointure:select:1,Saumon pailleté:0,3,29:1,1,,,0,,,,1,,,,,15,Sun,,sun-saumon-pailleté-29,Couleur,Pointure,Saumon pailleté,26,29,12,1,15,,,,,,Sandales enfant,Enfant,Sandale,sun enfant,sun,saumon,pailleté,29,,,sunenfant
19,Sun,"Couleur:color:0, Pointure:select:1","Color:color:0, Size:select:1","Saumon pailleté:0, 30:1","Saumon pailleté:0, 30:1",,sun-saumon-pailleté-30,SUN-EN-SAPA30,Couleur:color:0,Pointure:select:1,Saumon pailleté:0,3,30:1,1,,,0,,,,1,,,,,15,Sun,,sun-saumon-pailleté-30,Couleur,Pointure,Saumon pailleté,26,30,13,1,15,,,,,,Sandales enfant,Enfant,Sandale,sun enfant,sun,saumon,pailleté,30,,,sunenfant
19,Sun,"Couleur:color:0, Pointure:select:1","Color:color:0, Size:select:1","Saumon pailleté:0, 31:1","Saumon pailleté:0, 31:1",,sun-saumon-pailleté-31,SUN-EN-SAPA31,Couleur:color:0,Pointure:select:1,Saumon pailleté:0,3,31:1,1,,,0,,,,1,,,,,15,Sun,,sun-saumon-pailleté-31,Couleur,Pointure,Saumon pailleté,26,31,14,1,15,,,,,,Sandales enfant,Enfant,Sandale,sun enfant,sun,saumon,pailleté,31,,,sunenfant
19,Sun,"Couleur:color:0, Pointure:select:1","Color:color:0, Size:select:1","Saumon pailleté:0, 32:1","Saumon pailleté:0, 32:1",,sun-saumon-pailleté-32,SUN-EN-SAPA32,Couleur:color:0,Pointure:select:1,Saumon pailleté:0,3,32:1,1,,,0,,,,1,,,,,15,Sun,,sun-saumon-pailleté-32,Couleur,Pointure,Saumon pailleté,26,32,15,1,15,,,,,,Sandales enfant,Enfant,Sandale,sun enfant,sun,saumon,pailleté,32,,,sunenfant
19,Sun,"Couleur:color:0, Pointure:select:1","Color:color:0, Size:select:1","Saumon pailleté:0, 33:1","Saumon pailleté:0, 33:1",,sun-saumon-pailleté-33,SUN-EN-SAPA33,Couleur:color:0,Pointure:select:1,Saumon pailleté:0,3,33:1,1,,,0,,,,1,,,,,15,Sun,,sun-saumon-pailleté-33,Couleur,Pointure,Saumon pailleté,26,33,16,1,15,,,,,,Sandales enfant,Enfant,Sandale,sun enfant,sun,saumon,pailleté,33,,,sunenfant
19,Sun,"Couleur:color:0, Pointure:select:1","Color:color:0, Size:select:1","Saumon pailleté:0, 34:1","Saumon pailleté:0, 34:1",,sun-saumon-pailleté-34,SUN-EN-SAPA34,Couleur:color:0,Pointure:select:1,Saumon pailleté:0,3,34:1,1,,,0,,,,1,,,,,15,Sun,,sun-saumon-pailleté-34,Couleur,Pointure,Saumon pailleté,26,34,17,1,15,,,,,,Sandales enfant,Enfant,Sandale,sun enfant,sun,saumon,pailleté,34,,,sunenfant
19,Sun,"Couleur:color:0, Pointure:select:1","Color:color:0, Size:select:1","Translu:0, 18:1","Translu:0, 18:1",,sun-translu-18,SUN-EN-TR18,Couleur:color:0,Pointure:select:1,Translu:0,0,18:1,1,,,0,,22,https://cata.meduse.co/enfants/sandales/sun/translu/sandales-enfant-sun-translu-cote.jpg,1,,,,,15,Sun,,sun-translu-18,Couleur,Pointure,Translu,28,18,1,1,12,,,,,,Sandales enfant,Enfant,Sandale,sun enfant,sun,translu,18,,,,sunenfant
19,Sun,"Couleur:color:0, Pointure:select:1","Color:color:0, Size:select:1","Translu:0, 19:1","Translu:0, 19:1",,sun-translu-19,SUN-EN-TR19,Couleur:color:0,Pointure:select:1,Translu:0,0,19:1,1,,,0,,,,1,,,,,15,Sun,,sun-translu-19,Couleur,Pointure,Translu,28,19,2,1,12,,,,,,Sandales enfant,Enfant,Sandale,sun enfant,sun,translu,19,,,,sunenfant
19,Sun,"Couleur:color:0, Pointure:select:1","Color:color:0, Size:select:1","Translu:0, 20:1","Translu:0, 20:1",,sun-translu-20,SUN-EN-TR20,Couleur:color:0,Pointure:select:1,Translu:0,0,20:1,1,,,0,,,,1,,,,,15,Sun,,sun-translu-20,Couleur,Pointure,Translu,28,20,3,1,12,,,,,,Sandales enfant,Enfant,Sandale,sun enfant,sun,translu,20,,,,sunenfant
19,Sun,"Couleur:color:0, Pointure:select:1","Color:color:0, Size:select:1","Translu:0, 21:1","Translu:0, 21:1",,sun-translu-21,SUN-EN-TR21,Couleur:color:0,Pointure:select:1,Translu:0,0,21:1,1,,,0,,,,1,,,,,15,Sun,,sun-translu-21,Couleur,Pointure,Translu,28,21,4,1,12,,,,,,Sandales enfant,Enfant,Sandale,sun enfant,sun,translu,21,,,,sunenfant
19,Sun,"Couleur:color:0, Pointure:select:1","Color:color:0, Size:select:1","Translu:0, 22:1","Translu:0, 22:1",,sun-translu-22,SUN-EN-TR22,Couleur:color:0,Pointure:select:1,Translu:0,0,22:1,1,,,0,,,,1,,,,,15,Sun,,sun-translu-22,Couleur,Pointure,Translu,28,22,5,1,12,,,,,,Sandales enfant,Enfant,Sandale,sun enfant,sun,translu,22,,,,sunenfant
19,Sun,"Couleur:color:0, Pointure:select:1","Color:color:0, Size:select:1","Translu:0, 23:1","Translu:0, 23:1",,sun-translu-23,SUN-EN-TR23,Couleur:color:0,Pointure:select:1,Translu:0,0,23:1,1,,,0,,,,1,,,,,15,Sun,,sun-translu-23,Couleur,Pointure,Translu,28,23,6,1,12,,,,,,Sandales enfant,Enfant,Sandale,sun enfant,sun,translu,23,,,,sunenfant
19,Sun,"Couleur:color:0, Pointure:select:1","Color:color:0, Size:select:1","Translu:0, 24:1","Translu:0, 24:1",,sun-translu-24,SUN-EN-TR24,Couleur:color:0,Pointure:select:1,Translu:0,0,24:1,1,,,0,,,,1,,,,,15,Sun,,sun-translu-24,Couleur,Pointure,Translu,28,24,7,1,12,,,,,,Sandales enfant,Enfant,Sandale,sun enfant,sun,translu,24,,,,sunenfant
19,Sun,"Couleur:color:0, Pointure:select:1","Color:color:0, Size:select:1","Translu:0, 25:1","Translu:0, 25:1",,sun-translu-25,SUN-EN-TR25,Couleur:color:0,Pointure:select:1,Translu:0,0,25:1,1,,,0,,,,1,,,,,15,Sun,,sun-translu-25,Couleur,Pointure,Translu,28,25,8,1,12,,,,,,Sandales enfant,Enfant,Sandale,sun enfant,sun,translu,25,,,,sunenfant
19,Sun,"Couleur:color:0, Pointure:select:1","Color:color:0, Size:select:1","Translu:0, 26:1","Translu:0, 26:1",,sun-translu-26,SUN-EN-TR26,Couleur:color:0,Pointure:select:1,Translu:0,0,26:1,1,,,0,,,,1,,,,,15,Sun,,sun-translu-26,Couleur,Pointure,Translu,28,26,9,1,12,,,,,,Sandales enfant,Enfant,Sandale,sun enfant,sun,translu,26,,,,sunenfant
19,Sun,"Couleur:color:0, Pointure:select:1","Color:color:0, Size:select:1","Translu:0, 27:1","Translu:0, 27:1",,sun-translu-27,SUN-EN-TR27,Couleur:color:0,Pointure:select:1,Translu:0,0,27:1,1,,,0,,,,1,,,,,15,Sun,,sun-translu-27,Couleur,Pointure,Translu,28,27,10,1,12,,,,,,Sandales enfant,Enfant,Sandale,sun enfant,sun,translu,27,,,,sunenfant
19,Sun,"Couleur:color:0, Pointure:select:1","Color:color:0, Size:select:1","Translu:0, 28:1","Translu:0, 28:1",,sun-translu-28,SUN-EN-TR28,Couleur:color:0,Pointure:select:1,Translu:0,3,28:1,1,,,0,,,,1,,,,,15,Sun,,sun-translu-28,Couleur,Pointure,Translu,28,28,11,1,15,,,,,,Sandales enfant,Enfant,Sandale,sun enfant,sun,translu,28,,,,sunenfant
19,Sun,"Couleur:color:0, Pointure:select:1","Color:color:0, Size:select:1","Translu:0, 29:1","Translu:0, 29:1",,sun-translu-29,SUN-EN-TR29,Couleur:color:0,Pointure:select:1,Translu:0,3,29:1,1,,,0,,,,1,,,,,15,Sun,,sun-translu-29,Couleur,Pointure,Translu,28,29,12,1,15,,,,,,Sandales enfant,Enfant,Sandale,sun enfant,sun,translu,29,,,,sunenfant
19,Sun,"Couleur:color:0, Pointure:select:1","Color:color:0, Size:select:1","Translu:0, 30:1","Translu:0, 30:1",,sun-translu-30,SUN-EN-TR30,Couleur:color:0,Pointure:select:1,Translu:0,3,30:1,1,,,0,,,,1,,,,,15,Sun,,sun-translu-30,Couleur,Pointure,Translu,28,30,13,1,15,,,,,,Sandales enfant,Enfant,Sandale,sun enfant,sun,translu,30,,,,sunenfant
19,Sun,"Couleur:color:0, Pointure:select:1","Color:color:0, Size:select:1","Translu:0, 31:1","Translu:0, 31:1",,sun-translu-31,SUN-EN-TR31,Couleur:color:0,Pointure:select:1,Translu:0,3,31:1,1,,,0,,,,1,,,,,15,Sun,,sun-translu-31,Couleur,Pointure,Translu,28,31,14,1,15,,,,,,Sandales enfant,Enfant,Sandale,sun enfant,sun,translu,31,,,,sunenfant
19,Sun,"Couleur:color:0, Pointure:select:1","Color:color:0, Size:select:1","Translu:0, 32:1","Translu:0, 32:1",,sun-translu-32,SUN-EN-TR32,Couleur:color:0,Pointure:select:1,Translu:0,3,32:1,1,,,0,,,,1,,,,,15,Sun,,sun-translu-32,Couleur,Pointure,Translu,28,32,15,1,15,,,,,,Sandales enfant,Enfant,Sandale,sun enfant,sun,translu,32,,,,sunenfant
19,Sun,"Couleur:color:0, Pointure:select:1","Color:color:0, Size:select:1","Translu:0, 33:1","Translu:0, 33:1",,sun-translu-33,SUN-EN-TR33,Couleur:color:0,Pointure:select:1,Translu:0,3,33:1,1,,,0,,,,1,,,,,15,Sun,,sun-translu-33,Couleur,Pointure,Translu,28,33,16,1,15,,,,,,Sandales enfant,Enfant,Sandale,sun enfant,sun,translu,33,,,,sunenfant
19,Sun,"Couleur:color:0, Pointure:select:1","Color:color:0, Size:select:1","Translu:0, 34:1","Translu:0, 34:1",,sun-translu-34,SUN-EN-TR34,Couleur:color:0,Pointure:select:1,Translu:0,3,34:1,1,,,0,,,,1,,,,,15,Sun,,sun-translu-34,Couleur,Pointure,Translu,28,34,17,1,15,,,,,,Sandales enfant,Enfant,Sandale,sun enfant,sun,translu,34,,,,sunenfant
19,Sun,"Couleur:color:0, Pointure:select:1","Color:color:0, Size:select:1","Vert pastel:0, 18:1","Vert pastel:0, 18:1",,sun-vert-pastel-18,SUN-EN-VEPA18,Couleur:color:0,Pointure:select:1,Vert pastel:0,0,18:1,1,,,0,,23,https://cata.meduse.co/enfants/sandales/sun/vert-pastel/sandales-enfant-sun-vert-pastel-cote.jpg,1,,,,,15,Sun,,sun-vert-pastel-18,Couleur,Pointure,Vert pastel,29,18,1,1,12,,,,,,Sandales enfant,Enfant,Sandale,sun enfant,sun,vert,pastel,18,,,sunenfant
19,Sun,"Couleur:color:0, Pointure:select:1","Color:color:0, Size:select:1","Vert pastel:0, 19:1","Vert pastel:0, 19:1",,sun-vert-pastel-19,SUN-EN-VEPA19,Couleur:color:0,Pointure:select:1,Vert pastel:0,0,19:1,1,,,0,,,,1,,,,,15,Sun,,sun-vert-pastel-19,Couleur,Pointure,Vert pastel,29,19,2,1,12,,,,,,Sandales enfant,Enfant,Sandale,sun enfant,sun,vert,pastel,19,,,sunenfant
19,Sun,"Couleur:color:0, Pointure:select:1","Color:color:0, Size:select:1","Vert pastel:0, 20:1","Vert pastel:0, 20:1",,sun-vert-pastel-20,SUN-EN-VEPA20,Couleur:color:0,Pointure:select:1,Vert pastel:0,0,20:1,1,,,0,,,,1,,,,,15,Sun,,sun-vert-pastel-20,Couleur,Pointure,Vert pastel,29,20,3,1,12,,,,,,Sandales enfant,Enfant,Sandale,sun enfant,sun,vert,pastel,20,,,sunenfant
19,Sun,"Couleur:color:0, Pointure:select:1","Color:color:0, Size:select:1","Vert pastel:0, 21:1","Vert pastel:0, 21:1",,sun-vert-pastel-21,SUN-EN-VEPA21,Couleur:color:0,Pointure:select:1,Vert pastel:0,0,21:1,1,,,0,,,,1,,,,,15,Sun,,sun-vert-pastel-21,Couleur,Pointure,Vert pastel,29,21,4,1,12,,,,,,Sandales enfant,Enfant,Sandale,sun enfant,sun,vert,pastel,21,,,sunenfant
19,Sun,"Couleur:color:0, Pointure:select:1","Color:color:0, Size:select:1","Vert pastel:0, 22:1","Vert pastel:0, 22:1",,sun-vert-pastel-22,SUN-EN-VEPA22,Couleur:color:0,Pointure:select:1,Vert pastel:0,0,22:1,1,,,0,,,,1,,,,,15,Sun,,sun-vert-pastel-22,Couleur,Pointure,Vert pastel,29,22,5,1,12,,,,,,Sandales enfant,Enfant,Sandale,sun enfant,sun,vert,pastel,22,,,sunenfant
19,Sun,"Couleur:color:0, Pointure:select:1","Color:color:0, Size:select:1","Vert pastel:0, 23:1","Vert pastel:0, 23:1",,sun-vert-pastel-23,SUN-EN-VEPA23,Couleur:color:0,Pointure:select:1,Vert pastel:0,0,23:1,1,,,0,,,,1,,,,,15,Sun,,sun-vert-pastel-23,Couleur,Pointure,Vert pastel,29,23,6,1,12,,,,,,Sandales enfant,Enfant,Sandale,sun enfant,sun,vert,pastel,23,,,sunenfant
19,Sun,"Couleur:color:0, Pointure:select:1","Color:color:0, Size:select:1","Vert pastel:0, 24:1","Vert pastel:0, 24:1",,sun-vert-pastel-24,SUN-EN-VEPA24,Couleur:color:0,Pointure:select:1,Vert pastel:0,0,24:1,1,,,0,,,,1,,,,,15,Sun,,sun-vert-pastel-24,Couleur,Pointure,Vert pastel,29,24,7,1,12,,,,,,Sandales enfant,Enfant,Sandale,sun enfant,sun,vert,pastel,24,,,sunenfant
19,Sun,"Couleur:color:0, Pointure:select:1","Color:color:0, Size:select:1","Vert pastel:0, 25:1","Vert pastel:0, 25:1",,sun-vert-pastel-25,SUN-EN-VEPA25,Couleur:color:0,Pointure:select:1,Vert pastel:0,0,25:1,1,,,0,,,,1,,,,,15,Sun,,sun-vert-pastel-25,Couleur,Pointure,Vert pastel,29,25,8,1,12,,,,,,Sandales enfant,Enfant,Sandale,sun enfant,sun,vert,pastel,25,,,sunenfant
19,Sun,"Couleur:color:0, Pointure:select:1","Color:color:0, Size:select:1","Vert pastel:0, 26:1","Vert pastel:0, 26:1",,sun-vert-pastel-26,SUN-EN-VEPA26,Couleur:color:0,Pointure:select:1,Vert pastel:0,0,26:1,1,,,0,,,,1,,,,,15,Sun,,sun-vert-pastel-26,Couleur,Pointure,Vert pastel,29,26,9,1,12,,,,,,Sandales enfant,Enfant,Sandale,sun enfant,sun,vert,pastel,26,,,sunenfant
19,Sun,"Couleur:color:0, Pointure:select:1","Color:color:0, Size:select:1","Vert pastel:0, 27:1","Vert pastel:0, 27:1",,sun-vert-pastel-27,SUN-EN-VEPA27,Couleur:color:0,Pointure:select:1,Vert pastel:0,0,27:1,1,,,0,,,,1,,,,,15,Sun,,sun-vert-pastel-27,Couleur,Pointure,Vert pastel,29,27,10,1,12,,,,,,Sandales enfant,Enfant,Sandale,sun enfant,sun,vert,pastel,27,,,sunenfant
19,Sun,"Couleur:color:0, Pointure:select:1","Color:color:0, Size:select:1","Vert pastel:0, 28:1","Vert pastel:0, 28:1",,sun-vert-pastel-28,SUN-EN-VEPA28,Couleur:color:0,Pointure:select:1,Vert pastel:0,3,28:1,1,,,0,,,,1,,,,,15,Sun,,sun-vert-pastel-28,Couleur,Pointure,Vert pastel,29,28,11,1,15,,,,,,Sandales enfant,Enfant,Sandale,sun enfant,sun,vert,pastel,28,,,sunenfant
19,Sun,"Couleur:color:0, Pointure:select:1","Color:color:0, Size:select:1","Vert pastel:0, 29:1","Vert pastel:0, 29:1",,sun-vert-pastel-29,SUN-EN-VEPA29,Couleur:color:0,Pointure:select:1,Vert pastel:0,3,29:1,1,,,0,,,,1,,,,,15,Sun,,sun-vert-pastel-29,Couleur,Pointure,Vert pastel,29,29,12,1,15,,,,,,Sandales enfant,Enfant,Sandale,sun enfant,sun,vert,pastel,29,,,sunenfant
19,Sun,"Couleur:color:0, Pointure:select:1","Color:color:0, Size:select:1","Vert pastel:0, 30:1","Vert pastel:0, 30:1",,sun-vert-pastel-30,SUN-EN-VEPA30,Couleur:color:0,Pointure:select:1,Vert pastel:0,3,30:1,1,,,0,,,,1,,,,,15,Sun,,sun-vert-pastel-30,Couleur,Pointure,Vert pastel,29,30,13,1,15,,,,,,Sandales enfant,Enfant,Sandale,sun enfant,sun,vert,pastel,30,,,sunenfant
19,Sun,"Couleur:color:0, Pointure:select:1","Color:color:0, Size:select:1","Vert pastel:0, 31:1","Vert pastel:0, 31:1",,sun-vert-pastel-31,SUN-EN-VEPA31,Couleur:color:0,Pointure:select:1,Vert pastel:0,3,31:1,1,,,0,,,,1,,,,,15,Sun,,sun-vert-pastel-31,Couleur,Pointure,Vert pastel,29,31,14,1,15,,,,,,Sandales enfant,Enfant,Sandale,sun enfant,sun,vert,pastel,31,,,sunenfant
19,Sun,"Couleur:color:0, Pointure:select:1","Color:color:0, Size:select:1","Vert pastel:0, 32:1","Vert pastel:0, 32:1",,sun-vert-pastel-32,SUN-EN-VEPA32,Couleur:color:0,Pointure:select:1,Vert pastel:0,3,32:1,1,,,0,,,,1,,,,,15,Sun,,sun-vert-pastel-32,Couleur,Pointure,Vert pastel,29,32,15,1,15,,,,,,Sandales enfant,Enfant,Sandale,sun enfant,sun,vert,pastel,32,,,sunenfant
19,Sun,"Couleur:color:0, Pointure:select:1","Color:color:0, Size:select:1","Vert pastel:0, 33:1","Vert pastel:0, 33:1",,sun-vert-pastel-33,SUN-EN-VEPA33,Couleur:color:0,Pointure:select:1,Vert pastel:0,3,33:1,1,,,0,,,,1,,,,,15,Sun,,sun-vert-pastel-33,Couleur,Pointure,Vert pastel,29,33,16,1,15,,,,,,Sandales enfant,Enfant,Sandale,sun enfant,sun,vert,pastel,33,,,sunenfant
19,Sun,"Couleur:color:0, Pointure:select:1","Color:color:0, Size:select:1","Vert pastel:0, 34:1","Vert pastel:0, 34:1",,sun-vert-pastel-34,SUN-EN-VEPA34,Couleur:color:0,Pointure:select:1,Vert pastel:0,3,34:1,1,,,0,,,,1,,,,,15,Sun,,sun-vert-pastel-34,Couleur,Pointure,Vert pastel,29,34,17,1,15,,,,,,Sandales enfant,Enfant,Sandale,sun enfant,sun,vert,pastel,34,,,sunenfant
23,Salsa,"Couleur:color:0, Pointure:select:1","Color:color:0, Size:select:1","Argent pailleté:0, 36:1","Argent pailleté:0, 36:1",,salsa-argent-pailleté-36,SALSA-FE-ARPA36,Couleur:color:0,Pointure:select:1,Argent pailleté:0,0,36:1,1,,,1,,1,https://cata.meduse.co/femmes/sandales/salsa/argent-paillete/sandales-femme-salsa-argent-paillete-cote.jpg,1,,,,,23,Salsa,,salsa-argent-pailleté-36,Couleur,Pointure,Argent pailleté,1,36,1,1,24,,,,,,Sandales femme,Femme,Sandale,salsa femme,salsa,argent,pailleté,36,,,salsafemme
23,Salsa,"Couleur:color:0, Pointure:select:1","Color:color:0, Size:select:1","Argent pailleté:0, 37:1","Argent pailleté:0, 37:1",,salsa-argent-pailleté-37,SALSA-FE-ARPA37,Couleur:color:0,Pointure:select:1,Argent pailleté:0,0,37:1,1,,,0,,,,1,,,,,23,Salsa,,salsa-argent-pailleté-37,Couleur,Pointure,Argent pailleté,1,37,2,1,24,,,,,,Sandales femme,Femme,Sandale,salsa femme,salsa,argent,pailleté,37,,,salsafemme
23,Salsa,"Couleur:color:0, Pointure:select:1","Color:color:0, Size:select:1","Argent pailleté:0, 38:1","Argent pailleté:0, 38:1",,salsa-argent-pailleté-38,SALSA-FE-ARPA38,Couleur:color:0,Pointure:select:1,Argent pailleté:0,0,38:1,1,,,0,,,,1,,,,,23,Salsa,,salsa-argent-pailleté-38,Couleur,Pointure,Argent pailleté,1,38,3,1,24,,,,,,Sandales femme,Femme,Sandale,salsa femme,salsa,argent,pailleté,38,,,salsafemme
23,Salsa,"Couleur:color:0, Pointure:select:1","Color:color:0, Size:select:1","Argent pailleté:0, 39:1","Argent pailleté:0, 39:1",,salsa-argent-pailleté-39,SALSA-FE-ARPA39,Couleur:color:0,Pointure:select:1,Argent pailleté:0,0,39:1,1,,,0,,,,1,,,,,23,Salsa,,salsa-argent-pailleté-39,Couleur,Pointure,Argent pailleté,1,39,4,1,24,,,,,,Sandales femme,Femme,Sandale,salsa femme,salsa,argent,pailleté,39,,,salsafemme
23,Salsa,"Couleur:color:0, Pointure:select:1","Color:color:0, Size:select:1","Argent pailleté:0, 40:1","Argent pailleté:0, 40:1",,salsa-argent-pailleté-40,SALSA-FE-ARPA40,Couleur:color:0,Pointure:select:1,Argent pailleté:0,0,40:1,1,,,0,,,,1,,,,,23,Salsa,,salsa-argent-pailleté-40,Couleur,Pointure,Argent pailleté,1,40,5,1,24,,,,,,Sandales femme,Femme,Sandale,salsa femme,salsa,argent,pailleté,40,,,salsafemme
23,Salsa,"Couleur:color:0, Pointure:select:1","Color:color:0, Size:select:1","Bleu pastel:0, 36:1","Bleu pastel:0, 36:1",,salsa-bleu-pastel-36,SALSA-FE-BLPA36,Couleur:color:0,Pointure:select:1,Bleu pastel:0,0,36:1,1,,,0,,2,https://cata.meduse.co/femmes/sandales/salsa/bleu-pastel/sandales-femme-salsa-bleu-pastel-cote.jpg,1,,,,,23,Salsa,,salsa-bleu-pastel-36,Couleur,Pointure,Bleu pastel,2,36,1,1,24,,,,,,Sandales femme,Femme,Sandale,salsa femme,salsa,bleu,pastel,36,,,salsafemme
23,Salsa,"Couleur:color:0, Pointure:select:1","Color:color:0, Size:select:1","Bleu pastel:0, 37:1","Bleu pastel:0, 37:1",,salsa-bleu-pastel-37,SALSA-FE-BLPA37,Couleur:color:0,Pointure:select:1,Bleu pastel:0,0,37:1,1,,,0,,,,1,,,,,23,Salsa,,salsa-bleu-pastel-37,Couleur,Pointure,Bleu pastel,2,37,2,1,24,,,,,,Sandales femme,Femme,Sandale,salsa femme,salsa,bleu,pastel,37,,,salsafemme
23,Salsa,"Couleur:color:0, Pointure:select:1","Color:color:0, Size:select:1","Bleu pastel:0, 38:1","Bleu pastel:0, 38:1",,salsa-bleu-pastel-38,SALSA-FE-BLPA38,Couleur:color:0,Pointure:select:1,Bleu pastel:0,0,38:1,1,,,0,,,,1,,,,,23,Salsa,,salsa-bleu-pastel-38,Couleur,Pointure,Bleu pastel,2,38,3,1,24,,,,,,Sandales femme,Femme,Sandale,salsa femme,salsa,bleu,pastel,38,,,salsafemme
23,Salsa,"Couleur:color:0, Pointure:select:1","Color:color:0, Size:select:1","Bleu pastel:0, 39:1","Bleu pastel:0, 39:1",,salsa-bleu-pastel-39,SALSA-FE-BLPA39,Couleur:color:0,Pointure:select:1,Bleu pastel:0,0,39:1,1,,,0,,,,1,,,,,23,Salsa,,salsa-bleu-pastel-39,Couleur,Pointure,Bleu pastel,2,39,4,1,24,,,,,,Sandales femme,Femme,Sandale,salsa femme,salsa,bleu,pastel,39,,,salsafemme
23,Salsa,"Couleur:color:0, Pointure:select:1","Color:color:0, Size:select:1","Bleu pastel:0, 40:1","Bleu pastel:0, 40:1",,salsa-bleu-pastel-40,SALSA-FE-BLPA40,Couleur:color:0,Pointure:select:1,Bleu pastel:0,0,40:1,1,,,0,,,,1,,,,,23,Salsa,,salsa-bleu-pastel-40,Couleur,Pointure,Bleu pastel,2,40,5,1,24,,,,,,Sandales femme,Femme,Sandale,salsa femme,salsa,bleu,pastel,40,,,salsafemme
23,Salsa,"Couleur:color:0, Pointure:select:1","Color:color:0, Size:select:1","Bonbon:0, 36:1","Bonbon:0, 36:1",,salsa-bonbon-36,SALSA-FE-BO36,Couleur:color:0,Pointure:select:1,Bonbon:0,0,36:1,1,,,0,,3,https://cata.meduse.co/femmes/sandales/salsa/bonbon/sandales-femme-salsa-bonbon-cote.jpg,1,,,,,23,Salsa,,salsa-bonbon-36,Couleur,Pointure,Bonbon,3,36,1,1,24,9,,,,,Sandales femme,Femme,Sandale,salsa femme,salsa,bonbon,36,,,,salsafemme
23,Salsa,"Couleur:color:0, Pointure:select:1","Color:color:0, Size:select:1","Bonbon:0, 37:1","Bonbon:0, 37:1",,salsa-bonbon-37,SALSA-FE-BO37,Couleur:color:0,Pointure:select:1,Bonbon:0,0,37:1,1,,,0,,,,1,,,,,23,Salsa,,salsa-bonbon-37,Couleur,Pointure,Bonbon,3,37,2,1,24,9,,,,,Sandales femme,Femme,Sandale,salsa femme,salsa,bonbon,37,,,,salsafemme
23,Salsa,"Couleur:color:0, Pointure:select:1","Color:color:0, Size:select:1","Bonbon:0, 38:1","Bonbon:0, 38:1",,salsa-bonbon-38,SALSA-FE-BO38,Couleur:color:0,Pointure:select:1,Bonbon:0,0,38:1,1,,,0,,,,1,,,,,23,Salsa,,salsa-bonbon-38,Couleur,Pointure,Bonbon,3,38,3,1,24,9,,,,,Sandales femme,Femme,Sandale,salsa femme,salsa,bonbon,38,,,,salsafemme
23,Salsa,"Couleur:color:0, Pointure:select:1","Color:color:0, Size:select:1","Bonbon:0, 39:1","Bonbon:0, 39:1",,salsa-bonbon-39,SALSA-FE-BO39,Couleur:color:0,Pointure:select:1,Bonbon:0,0,39:1,1,,,0,,,,1,,,,,23,Salsa,,salsa-bonbon-39,Couleur,Pointure,Bonbon,3,39,4,1,24,9,,,,,Sandales femme,Femme,Sandale,salsa femme,salsa,bonbon,39,,,,salsafemme
23,Salsa,"Couleur:color:0, Pointure:select:1","Color:color:0, Size:select:1","Bonbon:0, 40:1","Bonbon:0, 40:1",,salsa-bonbon-40,SALSA-FE-BO40,Couleur:color:0,Pointure:select:1,Bonbon:0,0,40:1,1,,,0,,,,1,,,,,23,Salsa,,salsa-bonbon-40,Couleur,Pointure,Bonbon,3,40,5,1,24,9,,,,,Sandales femme,Femme,Sandale,salsa femme,salsa,bonbon,40,,,,salsafemme
23,Salsa,"Couleur:color:0, Pointure:select:1","Color:color:0, Size:select:1","Bronze:0, 36:1","Bronze:0, 36:1",,salsa-bronze-36,SALSA-FE-BR36,Couleur:color:0,Pointure:select:1,Bronze:0,0,36:1,1,,,0,,4,https://cata.meduse.co/femmes/sandales/salsa/bronze/sandales-femme-salsa-bronze-cote.jpg,1,,,,,23,Salsa,,salsa-bronze-36,Couleur,Pointure,Bronze,4,36,1,1,24,,,,,,Sandales femme,Femme,Sandale,salsa femme,salsa,bronze,36,,,,salsafemme
23,Salsa,"Couleur:color:0, Pointure:select:1","Color:color:0, Size:select:1","Bronze:0, 37:1","Bronze:0, 37:1",,salsa-bronze-37,SALSA-FE-BR37,Couleur:color:0,Pointure:select:1,Bronze:0,0,37:1,1,,,0,,,,1,,,,,23,Salsa,,salsa-bronze-37,Couleur,Pointure,Bronze,4,37,2,1,24,,,,,,Sandales femme,Femme,Sandale,salsa femme,salsa,bronze,37,,,,salsafemme
23,Salsa,"Couleur:color:0, Pointure:select:1","Color:color:0, Size:select:1","Bronze:0, 38:1","Bronze:0, 38:1",,salsa-bronze-38,SALSA-FE-BR38,Couleur:color:0,Pointure:select:1,Bronze:0,0,38:1,1,,,0,,,,1,,,,,23,Salsa,,salsa-bronze-38,Couleur,Pointure,Bronze,4,38,3,1,24,,,,,,Sandales femme,Femme,Sandale,salsa femme,salsa,bronze,38,,,,salsafemme
23,Salsa,"Couleur:color:0, Pointure:select:1","Color:color:0, Size:select:1","Bronze:0, 39:1","Bronze:0, 39:1",,salsa-bronze-39,SALSA-FE-BR39,Couleur:color:0,Pointure:select:1,Bronze:0,0,39:1,1,,,0,,,,1,,,,,23,Salsa,,salsa-bronze-39,Couleur,Pointure,Bronze,4,39,4,1,24,,,,,,Sandales femme,Femme,Sandale,salsa femme,salsa,bronze,39,,,,salsafemme
23,Salsa,"Couleur:color:0, Pointure:select:1","Color:color:0, Size:select:1","Bronze:0, 40:1","Bronze:0, 40:1",,salsa-bronze-40,SALSA-FE-BR40,Couleur:color:0,Pointure:select:1,Bronze:0,0,40:1,1,,,0,,,,1,,,,,23,Salsa,,salsa-bronze-40,Couleur,Pointure,Bronze,4,40,5,1,24,,,,,,Sandales femme,Femme,Sandale,salsa femme,salsa,bronze,40,,,,salsafemme
23,Salsa,"Couleur:color:0, Pointure:select:1","Color:color:0, Size:select:1","Cobalt:0, 36:1","Cobalt:0, 36:1",,salsa-cobalt-36,SALSA-FE-CO36,Couleur:color:0,Pointure:select:1,Cobalt:0,0,36:1,1,,,0,,5,https://cata.meduse.co/femmes/sandales/salsa/cobalt/sandales-femme-salsa-cobalt-cote.jpg,1,,,,,23,Salsa,,salsa-cobalt-36,Couleur,Pointure,Cobalt,5,36,1,1,24,9,,,,,Sandales femme,Femme,Sandale,salsa femme,salsa,cobalt,36,,,,salsafemme
23,Salsa,"Couleur:color:0, Pointure:select:1","Color:color:0, Size:select:1","Cobalt:0, 37:1","Cobalt:0, 37:1",,salsa-cobalt-37,SALSA-FE-CO37,Couleur:color:0,Pointure:select:1,Cobalt:0,0,37:1,1,,,0,,,,1,,,,,23,Salsa,,salsa-cobalt-37,Couleur,Pointure,Cobalt,5,37,2,1,24,9,,,,,Sandales femme,Femme,Sandale,salsa femme,salsa,cobalt,37,,,,salsafemme
23,Salsa,"Couleur:color:0, Pointure:select:1","Color:color:0, Size:select:1","Cobalt:0, 38:1","Cobalt:0, 38:1",,salsa-cobalt-38,SALSA-FE-CO38,Couleur:color:0,Pointure:select:1,Cobalt:0,0,38:1,1,,,0,,,,1,,,,,23,Salsa,,salsa-cobalt-38,Couleur,Pointure,Cobalt,5,38,3,1,24,9,,,,,Sandales femme,Femme,Sandale,salsa femme,salsa,cobalt,38,,,,salsafemme
23,Salsa,"Couleur:color:0, Pointure:select:1","Color:color:0, Size:select:1","Cobalt:0, 39:1","Cobalt:0, 39:1",,salsa-cobalt-39,SALSA-FE-CO39,Couleur:color:0,Pointure:select:1,Cobalt:0,0,39:1,1,,,0,,,,1,,,,,23,Salsa,,salsa-cobalt-39,Couleur,Pointure,Cobalt,5,39,4,1,24,9,,,,,Sandales femme,Femme,Sandale,salsa femme,salsa,cobalt,39,,,,salsafemme
23,Salsa,"Couleur:color:0, Pointure:select:1","Color:color:0, Size:select:1","Cobalt:0, 40:1","Cobalt:0, 40:1",,salsa-cobalt-40,SALSA-FE-CO40,Couleur:color:0,Pointure:select:1,Cobalt:0,0,40:1,1,,,0,,,,1,,,,,23,Salsa,,salsa-cobalt-40,Couleur,Pointure,Cobalt,5,40,5,1,24,9,,,,,Sandales femme,Femme,Sandale,salsa femme,salsa,cobalt,40,,,,salsafemme
23,Salsa,"Couleur:color:0, Pointure:select:1","Color:color:0, Size:select:1","Corail:0, 36:1","Corail:0, 36:1",,salsa-corail-36,SALSA-FE-CO36,Couleur:color:0,Pointure:select:1,Corail:0,0,36:1,1,,,0,,6,https://cata.meduse.co/femmes/sandales/salsa/corail/sandales-femme-salsa-corail-cote.jpg,1,,,,,23,Salsa,,salsa-corail-36,Couleur,Pointure,Corail,6,36,1,1,24,9,,,,,Sandales femme,Femme,Sandale,salsa femme,salsa,corail,36,,,,salsafemme
23,Salsa,"Couleur:color:0, Pointure:select:1","Color:color:0, Size:select:1","Corail:0, 37:1","Corail:0, 37:1",,salsa-corail-37,SALSA-FE-CO37,Couleur:color:0,Pointure:select:1,Corail:0,0,37:1,1,,,0,,,,1,,,,,23,Salsa,,salsa-corail-37,Couleur,Pointure,Corail,6,37,2,1,24,9,,,,,Sandales femme,Femme,Sandale,salsa femme,salsa,corail,37,,,,salsafemme
23,Salsa,"Couleur:color:0, Pointure:select:1","Color:color:0, Size:select:1","Corail:0, 38:1","Corail:0, 38:1",,salsa-corail-38,SALSA-FE-CO38,Couleur:color:0,Pointure:select:1,Corail:0,0,38:1,1,,,0,,,,1,,,,,23,Salsa,,salsa-corail-38,Couleur,Pointure,Corail,6,38,3,1,24,9,,,,,Sandales femme,Femme,Sandale,salsa femme,salsa,corail,38,,,,salsafemme
23,Salsa,"Couleur:color:0, Pointure:select:1","Color:color:0, Size:select:1","Corail:0, 39:1","Corail:0, 39:1",,salsa-corail-39,SALSA-FE-CO39,Couleur:color:0,Pointure:select:1,Corail:0,0,39:1,1,,,0,,,,1,,,,,23,Salsa,,salsa-corail-39,Couleur,Pointure,Corail,6,39,4,1,24,9,,,,,Sandales femme,Femme,Sandale,salsa femme,salsa,corail,39,,,,salsafemme
23,Salsa,"Couleur:color:0, Pointure:select:1","Color:color:0, Size:select:1","Corail:0, 40:1","Corail:0, 40:1",,salsa-corail-40,SALSA-FE-CO40,Couleur:color:0,Pointure:select:1,Corail:0,0,40:1,1,,,0,,,,1,,,,,23,Salsa,,salsa-corail-40,Couleur,Pointure,Corail,6,40,5,1,24,9,,,,,Sandales femme,Femme,Sandale,salsa femme,salsa,corail,40,,,,salsafemme
23,Salsa,"Couleur:color:0, Pointure:select:1","Color:color:0, Size:select:1","Doré pailleté:0, 36:1","Doré pailleté:0, 36:1",,salsa-doré-pailleté-36,SALSA-FE-DOPA36,Couleur:color:0,Pointure:select:1,Doré pailleté:0,0,36:1,1,,,0,,7,https://cata.meduse.co/femmes/sandales/salsa/dore-paillete/sandales-femme-salsa-dore-paillete-cote.jpg,1,,,,,23,Salsa,,salsa-doré-pailleté-36,Couleur,Pointure,Doré pailleté,7,36,1,1,24,,,,,,Sandales femme,Femme,Sandale,salsa femme,salsa,doré,pailleté,36,,,salsafemme
23,Salsa,"Couleur:color:0, Pointure:select:1","Color:color:0, Size:select:1","Doré pailleté:0, 37:1","Doré pailleté:0, 37:1",,salsa-doré-pailleté-37,SALSA-FE-DOPA37,Couleur:color:0,Pointure:select:1,Doré pailleté:0,0,37:1,1,,,0,,,,1,,,,,23,Salsa,,salsa-doré-pailleté-37,Couleur,Pointure,Doré pailleté,7,37,2,1,24,,,,,,Sandales femme,Femme,Sandale,salsa femme,salsa,doré,pailleté,37,,,salsafemme
23,Salsa,"Couleur:color:0, Pointure:select:1","Color:color:0, Size:select:1","Doré pailleté:0, 38:1","Doré pailleté:0, 38:1",,salsa-doré-pailleté-38,SALSA-FE-DOPA38,Couleur:color:0,Pointure:select:1,Doré pailleté:0,0,38:1,1,,,0,,,,1,,,,,23,Salsa,,salsa-doré-pailleté-38,Couleur,Pointure,Doré pailleté,7,38,3,1,24,,,,,,Sandales femme,Femme,Sandale,salsa femme,salsa,doré,pailleté,38,,,salsafemme
23,Salsa,"Couleur:color:0, Pointure:select:1","Color:color:0, Size:select:1","Doré pailleté:0, 39:1","Doré pailleté:0, 39:1",,salsa-doré-pailleté-39,SALSA-FE-DOPA39,Couleur:color:0,Pointure:select:1,Doré pailleté:0,0,39:1,1,,,0,,,,1,,,,,23,Salsa,,salsa-doré-pailleté-39,Couleur,Pointure,Doré pailleté,7,39,4,1,24,,,,,,Sandales femme,Femme,Sandale,salsa femme,salsa,doré,pailleté,39,,,salsafemme
23,Salsa,"Couleur:color:0, Pointure:select:1","Color:color:0, Size:select:1","Doré pailleté:0, 40:1","Doré pailleté:0, 40:1",,salsa-doré-pailleté-40,SALSA-FE-DOPA40,Couleur:color:0,Pointure:select:1,Doré pailleté:0,0,40:1,1,,,0,,,,1,,,,,23,Salsa,,salsa-doré-pailleté-40,Couleur,Pointure,Doré pailleté,7,40,5,1,24,,,,,,Sandales femme,Femme,Sandale,salsa femme,salsa,doré,pailleté,40,,,salsafemme
23,Salsa,"Couleur:color:0, Pointure:select:1","Color:color:0, Size:select:1","Fuchsia:0, 36:1","Fuchsia:0, 36:1",,salsa-fuchsia-36,SALSA-FE-FU36,Couleur:color:0,Pointure:select:1,Fuchsia:0,0,36:1,1,,,0,,8,https://cata.meduse.co/femmes/sandales/salsa/fuchsia/sandales-femme-salsa-fuchsia-cote.jpg,1,,,,,23,Salsa,,salsa-fuchsia-36,Couleur,Pointure,Fuchsia,8,36,1,1,24,,,,,,Sandales femme,Femme,Sandale,salsa femme,salsa,fuchsia,36,,,,salsafemme
23,Salsa,"Couleur:color:0, Pointure:select:1","Color:color:0, Size:select:1","Fuchsia:0, 37:1","Fuchsia:0, 37:1",,salsa-fuchsia-37,SALSA-FE-FU37,Couleur:color:0,Pointure:select:1,Fuchsia:0,0,37:1,1,,,0,,,,1,,,,,23,Salsa,,salsa-fuchsia-37,Couleur,Pointure,Fuchsia,8,37,2,1,24,,,,,,Sandales femme,Femme,Sandale,salsa femme,salsa,fuchsia,37,,,,salsafemme
23,Salsa,"Couleur:color:0, Pointure:select:1","Color:color:0, Size:select:1","Fuchsia:0, 38:1","Fuchsia:0, 38:1",,salsa-fuchsia-38,SALSA-FE-FU38,Couleur:color:0,Pointure:select:1,Fuchsia:0,0,38:1,1,,,0,,,,1,,,,,23,Salsa,,salsa-fuchsia-38,Couleur,Pointure,Fuchsia,8,38,3,1,24,,,,,,Sandales femme,Femme,Sandale,salsa femme,salsa,fuchsia,38,,,,salsafemme
23,Salsa,"Couleur:color:0, Pointure:select:1","Color:color:0, Size:select:1","Fuchsia:0, 39:1","Fuchsia:0, 39:1",,salsa-fuchsia-39,SALSA-FE-FU39,Couleur:color:0,Pointure:select:1,Fuchsia:0,0,39:1,1,,,0,,,,1,,,,,23,Salsa,,salsa-fuchsia-39,Couleur,Pointure,Fuchsia,8,39,4,1,24,,,,,,Sandales femme,Femme,Sandale,salsa femme,salsa,fuchsia,39,,,,salsafemme
23,Salsa,"Couleur:color:0, Pointure:select:1","Color:color:0, Size:select:1","Fuchsia:0, 40:1","Fuchsia:0, 40:1",,salsa-fuchsia-40,SALSA-FE-FU40,Couleur:color:0,Pointure:select:1,Fuchsia:0,0,40:1,1,,,0,,,,1,,,,,23,Salsa,,salsa-fuchsia-40,Couleur,Pointure,Fuchsia,8,40,5,1,24,,,,,,Sandales femme,Femme,Sandale,salsa femme,salsa,fuchsia,40,,,,salsafemme
23,Salsa,"Couleur:color:0, Pointure:select:1","Color:color:0, Size:select:1","Groseille:0, 36:1","Groseille:0, 36:1",,salsa-groseille-36,SALSA-FE-GR36,Couleur:color:0,Pointure:select:1,Groseille:0,0,36:1,1,,,0,,9,https://cata.meduse.co/femmes/sandales/salsa/groseille/sandales-femme-salsa-groseille-cote.jpg,1,,,,,23,Salsa,,salsa-groseille-36,Couleur,Pointure,Groseille,9,36,1,1,24,9,,,,,Sandales femme,Femme,Sandale,salsa femme,salsa,groseille,36,,,,salsafemme
23,Salsa,"Couleur:color:0, Pointure:select:1","Color:color:0, Size:select:1","Groseille:0, 37:1","Groseille:0, 37:1",,salsa-groseille-37,SALSA-FE-GR37,Couleur:color:0,Pointure:select:1,Groseille:0,0,37:1,1,,,0,,,,1,,,,,23,Salsa,,salsa-groseille-37,Couleur,Pointure,Groseille,9,37,2,1,24,9,,,,,Sandales femme,Femme,Sandale,salsa femme,salsa,groseille,37,,,,salsafemme
23,Salsa,"Couleur:color:0, Pointure:select:1","Color:color:0, Size:select:1","Groseille:0, 38:1","Groseille:0, 38:1",,salsa-groseille-38,SALSA-FE-GR38,Couleur:color:0,Pointure:select:1,Groseille:0,0,38:1,1,,,0,,,,1,,,,,23,Salsa,,salsa-groseille-38,Couleur,Pointure,Groseille,9,38,3,1,24,9,,,,,Sandales femme,Femme,Sandale,salsa femme,salsa,groseille,38,,,,salsafemme
23,Salsa,"Couleur:color:0, Pointure:select:1","Color:color:0, Size:select:1","Groseille:0, 39:1","Groseille:0, 39:1",,salsa-groseille-39,SALSA-FE-GR39,Couleur:color:0,Pointure:select:1,Groseille:0,0,39:1,1,,,0,,,,1,,,,,23,Salsa,,salsa-groseille-39,Couleur,Pointure,Groseille,9,39,4,1,24,9,,,,,Sandales femme,Femme,Sandale,salsa femme,salsa,groseille,39,,,,salsafemme
23,Salsa,"Couleur:color:0, Pointure:select:1","Color:color:0, Size:select:1","Groseille:0, 40:1","Groseille:0, 40:1",,salsa-groseille-40,SALSA-FE-GR40,Couleur:color:0,Pointure:select:1,Groseille:0,0,40:1,1,,,0,,,,1,,,,,23,Salsa,,salsa-groseille-40,Couleur,Pointure,Groseille,9,40,5,1,24,9,,,,,Sandales femme,Femme,Sandale,salsa femme,salsa,groseille,40,,,,salsafemme
23,Salsa,"Couleur:color:0, Pointure:select:1","Color:color:0, Size:select:1","Nacre:0, 36:1","Nacre:0, 36:1",,salsa-nacre-36,SALSA-FE-NA36,Couleur:color:0,Pointure:select:1,Nacre:0,0,36:1,1,,,0,,10,https://cata.meduse.co/femmes/sandales/salsa/nacre/sandales-femme-salsa-nacre-cote.jpg,1,,,,,23,Salsa,,salsa-nacre-36,Couleur,Pointure,Nacre,10,36,1,1,24,12,,,,,Sandales femme,Femme,Sandale,salsa femme,salsa,nacre,36,,,,salsafemme
23,Salsa,"Couleur:color:0, Pointure:select:1","Color:color:0, Size:select:1","Nacre:0, 37:1","Nacre:0, 37:1",,salsa-nacre-37,SALSA-FE-NA37,Couleur:color:0,Pointure:select:1,Nacre:0,0,37:1,1,,,0,,,,1,,,,,23,Salsa,,salsa-nacre-37,Couleur,Pointure,Nacre,10,37,2,1,24,12,,,,,Sandales femme,Femme,Sandale,salsa femme,salsa,nacre,37,,,,salsafemme
23,Salsa,"Couleur:color:0, Pointure:select:1","Color:color:0, Size:select:1","Nacre:0, 38:1","Nacre:0, 38:1",,salsa-nacre-38,SALSA-FE-NA38,Couleur:color:0,Pointure:select:1,Nacre:0,0,38:1,1,,,0,,,,1,,,,,23,Salsa,,salsa-nacre-38,Couleur,Pointure,Nacre,10,38,3,1,24,12,,,,,Sandales femme,Femme,Sandale,salsa femme,salsa,nacre,38,,,,salsafemme
23,Salsa,"Couleur:color:0, Pointure:select:1","Color:color:0, Size:select:1","Nacre:0, 39:1","Nacre:0, 39:1",,salsa-nacre-39,SALSA-FE-NA39,Couleur:color:0,Pointure:select:1,Nacre:0,0,39:1,1,,,0,,,,1,,,,,23,Salsa,,salsa-nacre-39,Couleur,Pointure,Nacre,10,39,4,1,24,12,,,,,Sandales femme,Femme,Sandale,salsa femme,salsa,nacre,39,,,,salsafemme
23,Salsa,"Couleur:color:0, Pointure:select:1","Color:color:0, Size:select:1","Nacre:0, 40:1","Nacre:0, 40:1",,salsa-nacre-40,SALSA-FE-NA40,Couleur:color:0,Pointure:select:1,Nacre:0,0,40:1,1,,,0,,,,1,,,,,23,Salsa,,salsa-nacre-40,Couleur,Pointure,Nacre,10,40,5,1,24,12,,,,,Sandales femme,Femme,Sandale,salsa femme,salsa,nacre,40,,,,salsafemme
23,Salsa,"Couleur:color:0, Pointure:select:1","Color:color:0, Size:select:1","Noir:0, 36:1","Noir:0, 36:1",,salsa-noir-36,SALSA-FE-NO36,Couleur:color:0,Pointure:select:1,Noir:0,0,36:1,1,,,0,,11,https://cata.meduse.co/femmes/sandales/salsa/noir/sandales-femme-salsa-noir-cote.jpg,1,,,,,23,Salsa,,salsa-noir-36,Couleur,Pointure,Noir,11,36,1,1,24,,,,,,Sandales femme,Femme,Sandale,salsa femme,salsa,noir,36,,,,salsafemme
23,Salsa,"Couleur:color:0, Pointure:select:1","Color:color:0, Size:select:1","Noir:0, 37:1","Noir:0, 37:1",,salsa-noir-37,SALSA-FE-NO37,Couleur:color:0,Pointure:select:1,Noir:0,0,37:1,1,,,0,,,,1,,,,,23,Salsa,,salsa-noir-37,Couleur,Pointure,Noir,11,37,2,1,24,,,,,,Sandales femme,Femme,Sandale,salsa femme,salsa,noir,37,,,,salsafemme
23,Salsa,"Couleur:color:0, Pointure:select:1","Color:color:0, Size:select:1","Noir:0, 38:1","Noir:0, 38:1",,salsa-noir-38,SALSA-FE-NO38,Couleur:color:0,Pointure:select:1,Noir:0,0,38:1,1,,,0,,,,1,,,,,23,Salsa,,salsa-noir-38,Couleur,Pointure,Noir,11,38,3,1,24,,,,,,Sandales femme,Femme,Sandale,salsa femme,salsa,noir,38,,,,salsafemme
23,Salsa,"Couleur:color:0, Pointure:select:1","Color:color:0, Size:select:1","Noir:0, 39:1","Noir:0, 39:1",,salsa-noir-39,SALSA-FE-NO39,Couleur:color:0,Pointure:select:1,Noir:0,0,39:1,1,,,0,,,,1,,,,,23,Salsa,,salsa-noir-39,Couleur,Pointure,Noir,11,39,4,1,24,,,,,,Sandales femme,Femme,Sandale,salsa femme,salsa,noir,39,,,,salsafemme
23,Salsa,"Couleur:color:0, Pointure:select:1","Color:color:0, Size:select:1","Noir:0, 40:1","Noir:0, 40:1",,salsa-noir-40,SALSA-FE-NO40,Couleur:color:0,Pointure:select:1,Noir:0,0,40:1,1,,,0,,,,1,,,,,23,Salsa,,salsa-noir-40,Couleur,Pointure,Noir,11,40,5,1,24,,,,,,Sandales femme,Femme,Sandale,salsa femme,salsa,noir,40,,,,salsafemme
23,Salsa,"Couleur:color:0, Pointure:select:1","Color:color:0, Size:select:1","Paille:0, 36:1","Paille:0, 36:1",,salsa-paille-36,SALSA-FE-PA36,Couleur:color:0,Pointure:select:1,Paille:0,0,36:1,1,,,0,,12,https://cata.meduse.co/femmes/sandales/salsa/paille/sandales-femme-salsa-paille-cote.jpg,1,,,,,23,Salsa,,salsa-paille-36,Couleur,Pointure,Paille,12,36,1,1,24,9,,,,,Sandales femme,Femme,Sandale,salsa femme,salsa,paille,36,,,,salsafemme
23,Salsa,"Couleur:color:0, Pointure:select:1","Color:color:0, Size:select:1","Paille:0, 37:1","Paille:0, 37:1",,salsa-paille-37,SALSA-FE-PA37,Couleur:color:0,Pointure:select:1,Paille:0,0,37:1,1,,,0,,,,1,,,,,23,Salsa,,salsa-paille-37,Couleur,Pointure,Paille,12,37,2,1,24,9,,,,,Sandales femme,Femme,Sandale,salsa femme,salsa,paille,37,,,,salsafemme
23,Salsa,"Couleur:color:0, Pointure:select:1","Color:color:0, Size:select:1","Paille:0, 38:1","Paille:0, 38:1",,salsa-paille-38,SALSA-FE-PA38,Couleur:color:0,Pointure:select:1,Paille:0,0,38:1,1,,,0,,,,1,,,,,23,Salsa,,salsa-paille-38,Couleur,Pointure,Paille,12,38,3,1,24,9,,,,,Sandales femme,Femme,Sandale,salsa femme,salsa,paille,38,,,,salsafemme
23,Salsa,"Couleur:color:0, Pointure:select:1","Color:color:0, Size:select:1","Paille:0, 39:1","Paille:0, 39:1",,salsa-paille-39,SALSA-FE-PA39,Couleur:color:0,Pointure:select:1,Paille:0,0,39:1,1,,,0,,,,1,,,,,23,Salsa,,salsa-paille-39,Couleur,Pointure,Paille,12,39,4,1,24,9,,,,,Sandales femme,Femme,Sandale,salsa femme,salsa,paille,39,,,,salsafemme
23,Salsa,"Couleur:color:0, Pointure:select:1","Color:color:0, Size:select:1","Paille:0, 40:1","Paille:0, 40:1",,salsa-paille-40,SALSA-FE-PA40,Couleur:color:0,Pointure:select:1,Paille:0,0,40:1,1,,,0,,,,1,,,,,23,Salsa,,salsa-paille-40,Couleur,Pointure,Paille,12,40,5,1,24,9,,,,,Sandales femme,Femme,Sandale,salsa femme,salsa,paille,40,,,,salsafemme
23,Salsa,"Couleur:color:0, Pointure:select:1","Color:color:0, Size:select:1","Rose pailleté:0, 36:1","Rose pailleté:0, 36:1",,salsa-rose-pailleté-36,SALSA-FE-ROPA36,Couleur:color:0,Pointure:select:1,Rose pailleté:0,0,36:1,1,,,0,,13,https://cata.meduse.co/femmes/sandales/salsa/rose-paillete/sandales-femme-salsa-rose-paillete-cote.jpg,1,,,,,23,Salsa,,salsa-rose-pailleté-36,Couleur,Pointure,Rose pailleté,13,36,1,1,24,9,,,,,Sandales femme,Femme,Sandale,salsa femme,salsa,rose,pailleté,36,,,salsafemme
23,Salsa,"Couleur:color:0, Pointure:select:1","Color:color:0, Size:select:1","Rose pailleté:0, 37:1","Rose pailleté:0, 37:1",,salsa-rose-pailleté-37,SALSA-FE-ROPA37,Couleur:color:0,Pointure:select:1,Rose pailleté:0,0,37:1,1,,,0,,,,1,,,,,23,Salsa,,salsa-rose-pailleté-37,Couleur,Pointure,Rose pailleté,13,37,2,1,24,9,,,,,Sandales femme,Femme,Sandale,salsa femme,salsa,rose,pailleté,37,,,salsafemme
23,Salsa,"Couleur:color:0, Pointure:select:1","Color:color:0, Size:select:1","Rose pailleté:0, 38:1","Rose pailleté:0, 38:1",,salsa-rose-pailleté-38,SALSA-FE-ROPA38,Couleur:color:0,Pointure:select:1,Rose pailleté:0,0,38:1,1,,,0,,,,1,,,,,23,Salsa,,salsa-rose-pailleté-38,Couleur,Pointure,Rose pailleté,13,38,3,1,24,9,,,,,Sandales femme,Femme,Sandale,salsa femme,salsa,rose,pailleté,38,,,salsafemme
23,Salsa,"Couleur:color:0, Pointure:select:1","Color:color:0, Size:select:1","Rose pailleté:0, 39:1","Rose pailleté:0, 39:1",,salsa-rose-pailleté-39,SALSA-FE-ROPA39,Couleur:color:0,Pointure:select:1,Rose pailleté:0,0,39:1,1,,,0,,,,1,,,,,23,Salsa,,salsa-rose-pailleté-39,Couleur,Pointure,Rose pailleté,13,39,4,1,24,9,,,,,Sandales femme,Femme,Sandale,salsa femme,salsa,rose,pailleté,39,,,salsafemme
23,Salsa,"Couleur:color:0, Pointure:select:1","Color:color:0, Size:select:1","Rose pailleté:0, 40:1","Rose pailleté:0, 40:1",,salsa-rose-pailleté-40,SALSA-FE-ROPA40,Couleur:color:0,Pointure:select:1,Rose pailleté:0,0,40:1,1,,,0,,,,1,,,,,23,Salsa,,salsa-rose-pailleté-40,Couleur,Pointure,Rose pailleté,13,40,5,1,24,9,,,,,Sandales femme,Femme,Sandale,salsa femme,salsa,rose,pailleté,40,,,salsafemme
23,Salsa,"Couleur:color:0, Pointure:select:1","Color:color:0, Size:select:1","Rose pastel:0, 36:1","Rose pastel:0, 36:1",,salsa-rose-pastel-36,SALSA-FE-ROPA36,Couleur:color:0,Pointure:select:1,Rose pastel:0,0,36:1,1,,,0,,14,https://cata.meduse.co/femmes/sandales/salsa/rose-pastel/sandales-femme-salsa-rose-pastel-cote.jpg,1,,,,,23,Salsa,,salsa-rose-pastel-36,Couleur,Pointure,Rose pastel,14,36,1,1,24,9,23/05/2018,,,,Sandales femme,Femme,Sandale,salsa femme,salsa,rose,pastel,36,,,salsafemme
23,Salsa,"Couleur:color:0, Pointure:select:1","Color:color:0, Size:select:1","Rose pastel:0, 37:1","Rose pastel:0, 37:1",,salsa-rose-pastel-37,SALSA-FE-ROPA37,Couleur:color:0,Pointure:select:1,Rose pastel:0,0,37:1,1,,,0,,,,1,,,,,23,Salsa,,salsa-rose-pastel-37,Couleur,Pointure,Rose pastel,14,37,2,1,24,9,23/05/2018,,,,Sandales femme,Femme,Sandale,salsa femme,salsa,rose,pastel,37,,,salsafemme
23,Salsa,"Couleur:color:0, Pointure:select:1","Color:color:0, Size:select:1","Rose pastel:0, 38:1","Rose pastel:0, 38:1",,salsa-rose-pastel-38,SALSA-FE-ROPA38,Couleur:color:0,Pointure:select:1,Rose pastel:0,0,38:1,1,,,0,,,,1,,,,,23,Salsa,,salsa-rose-pastel-38,Couleur,Pointure,Rose pastel,14,38,3,1,24,9,23/05/2018,,,,Sandales femme,Femme,Sandale,salsa femme,salsa,rose,pastel,38,,,salsafemme
23,Salsa,"Couleur:color:0, Pointure:select:1","Color:color:0, Size:select:1","Rose pastel:0, 39:1","Rose pastel:0, 39:1",,salsa-rose-pastel-39,SALSA-FE-ROPA39,Couleur:color:0,Pointure:select:1,Rose pastel:0,0,39:1,1,,,0,,,,1,,,,,23,Salsa,,salsa-rose-pastel-39,Couleur,Pointure,Rose pastel,14,39,4,1,24,9,23/05/2018,,,,Sandales femme,Femme,Sandale,salsa femme,salsa,rose,pastel,39,,,salsafemme
23,Salsa,"Couleur:color:0, Pointure:select:1","Color:color:0, Size:select:1","Rose pastel:0, 40:1","Rose pastel:0, 40:1",,salsa-rose-pastel-40,SALSA-FE-ROPA40,Couleur:color:0,Pointure:select:1,Rose pastel:0,0,40:1,1,,,0,,,,1,,,,,23,Salsa,,salsa-rose-pastel-40,Couleur,Pointure,Rose pastel,14,40,5,1,24,9,23/05/2018,,,,Sandales femme,Femme,Sandale,salsa femme,salsa,rose,pastel,40,,,salsafemme
23,Salsa,"Couleur:color:0, Pointure:select:1","Color:color:0, Size:select:1","Saumon:0, 36:1","Saumon:0, 36:1",,salsa-saumon-36,SALSA-FE-SA36,Couleur:color:0,Pointure:select:1,Saumon:0,0,36:1,1,,,0,,15,https://cata.meduse.co/femmes/sandales/salsa/saumon/sandales-femme-salsa-saumon-cote.jpg,1,,,,,23,Salsa,,salsa-saumon-36,Couleur,Pointure,Saumon,15,36,1,1,24,9,,,,,Sandales femme,Femme,Sandale,salsa femme,salsa,saumon,36,,,,salsafemme
23,Salsa,"Couleur:color:0, Pointure:select:1","Color:color:0, Size:select:1","Saumon:0, 37:1","Saumon:0, 37:1",,salsa-saumon-37,SALSA-FE-SA37,Couleur:color:0,Pointure:select:1,Saumon:0,0,37:1,1,,,0,,,,1,,,,,23,Salsa,,salsa-saumon-37,Couleur,Pointure,Saumon,15,37,2,1,24,9,,,,,Sandales femme,Femme,Sandale,salsa femme,salsa,saumon,37,,,,salsafemme
23,Salsa,"Couleur:color:0, Pointure:select:1","Color:color:0, Size:select:1","Saumon:0, 38:1","Saumon:0, 38:1",,salsa-saumon-38,SALSA-FE-SA38,Couleur:color:0,Pointure:select:1,Saumon:0,0,38:1,1,,,0,,,,1,,,,,23,Salsa,,salsa-saumon-38,Couleur,Pointure,Saumon,15,38,3,1,24,9,,,,,Sandales femme,Femme,Sandale,salsa femme,salsa,saumon,38,,,,salsafemme
23,Salsa,"Couleur:color:0, Pointure:select:1","Color:color:0, Size:select:1","Saumon:0, 39:1","Saumon:0, 39:1",,salsa-saumon-39,SALSA-FE-SA39,Couleur:color:0,Pointure:select:1,Saumon:0,0,39:1,1,,,0,,,,1,,,,,23,Salsa,,salsa-saumon-39,Couleur,Pointure,Saumon,15,39,4,1,24,9,,,,,Sandales femme,Femme,Sandale,salsa femme,salsa,saumon,39,,,,salsafemme
23,Salsa,"Couleur:color:0, Pointure:select:1","Color:color:0, Size:select:1","Saumon:0, 40:1","Saumon:0, 40:1",,salsa-saumon-40,SALSA-FE-SA40,Couleur:color:0,Pointure:select:1,Saumon:0,0,40:1,1,,,0,,,,1,,,,,23,Salsa,,salsa-saumon-40,Couleur,Pointure,Saumon,15,40,5,1,24,9,,,,,Sandales femme,Femme,Sandale,salsa femme,salsa,saumon,40,,,,salsafemme
23,Salsa,"Couleur:color:0, Pointure:select:1","Color:color:0, Size:select:1","Saumon pailleté:0, 36:1","Saumon pailleté:0, 36:1",,salsa-saumon-pailleté-36,SALSA-FE-SAPA36,Couleur:color:0,Pointure:select:1,Saumon pailleté:0,0,36:1,1,,,0,,16,https://cata.meduse.co/femmes/sandales/salsa/saumon-paillete/sandales-femme-salsa-saumon-paillete-cote.jpg,1,,,,,23,Salsa,,salsa-saumon-pailleté-36,Couleur,Pointure,Saumon pailleté,16,36,1,1,24,9,,,,,Sandales femme,Femme,Sandale,salsa femme,salsa,saumon,pailleté,36,,,salsafemme
23,Salsa,"Couleur:color:0, Pointure:select:1","Color:color:0, Size:select:1","Saumon pailleté:0, 37:1","Saumon pailleté:0, 37:1",,salsa-saumon-pailleté-37,SALSA-FE-SAPA37,Couleur:color:0,Pointure:select:1,Saumon pailleté:0,0,37:1,1,,,0,,,,1,,,,,23,Salsa,,salsa-saumon-pailleté-37,Couleur,Pointure,Saumon pailleté,16,37,2,1,24,9,,,,,Sandales femme,Femme,Sandale,salsa femme,salsa,saumon,pailleté,37,,,salsafemme
23,Salsa,"Couleur:color:0, Pointure:select:1","Color:color:0, Size:select:1","Saumon pailleté:0, 38:1","Saumon pailleté:0, 38:1",,salsa-saumon-pailleté-38,SALSA-FE-SAPA38,Couleur:color:0,Pointure:select:1,Saumon pailleté:0,0,38:1,1,,,0,,,,1,,,,,23,Salsa,,salsa-saumon-pailleté-38,Couleur,Pointure,Saumon pailleté,16,38,3,1,24,9,,,,,Sandales femme,Femme,Sandale,salsa femme,salsa,saumon,pailleté,38,,,salsafemme
23,Salsa,"Couleur:color:0, Pointure:select:1","Color:color:0, Size:select:1","Saumon pailleté:0, 39:1","Saumon pailleté:0, 39:1",,salsa-saumon-pailleté-39,SALSA-FE-SAPA39,Couleur:color:0,Pointure:select:1,Saumon pailleté:0,0,39:1,1,,,0,,,,1,,,,,23,Salsa,,salsa-saumon-pailleté-39,Couleur,Pointure,Saumon pailleté,16,39,4,1,24,9,,,,,Sandales femme,Femme,Sandale,salsa femme,salsa,saumon,pailleté,39,,,salsafemme
23,Salsa,"Couleur:color:0, Pointure:select:1","Color:color:0, Size:select:1","Saumon pailleté:0, 40:1","Saumon pailleté:0, 40:1",,salsa-saumon-pailleté-40,SALSA-FE-SAPA40,Couleur:color:0,Pointure:select:1,Saumon pailleté:0,0,40:1,1,,,0,,,,1,,,,,23,Salsa,,salsa-saumon-pailleté-40,Couleur,Pointure,Saumon pailleté,16,40,5,1,24,9,,,,,Sandales femme,Femme,Sandale,salsa femme,salsa,saumon,pailleté,40,,,salsafemme
23,Salsa,"Couleur:color:0, Pointure:select:1","Color:color:0, Size:select:1","Silver:0, 36:1","Silver:0, 36:1",,salsa-silver-36,SALSA-FE-SI36,Couleur:color:0,Pointure:select:1,Silver:0,0,36:1,1,,,0,,17,https://cata.meduse.co/femmes/sandales/salsa/silver/sandales-femme-salsa-silver-cote.jpg,1,,,,,23,Salsa,,salsa-silver-36,Couleur,Pointure,Silver,17,36,1,1,24,,,,,,Sandales femme,Femme,Sandale,salsa femme,salsa,silver,36,,,,salsafemme
23,Salsa,"Couleur:color:0, Pointure:select:1","Color:color:0, Size:select:1","Silver:0, 37:1","Silver:0, 37:1",,salsa-silver-37,SALSA-FE-SI37,Couleur:color:0,Pointure:select:1,Silver:0,0,37:1,1,,,0,,,,1,,,,,23,Salsa,,salsa-silver-37,Couleur,Pointure,Silver,17,37,2,1,24,,,,,,Sandales femme,Femme,Sandale,salsa femme,salsa,silver,37,,,,salsafemme
23,Salsa,"Couleur:color:0, Pointure:select:1","Color:color:0, Size:select:1","Silver:0, 38:1","Silver:0, 38:1",,salsa-silver-38,SALSA-FE-SI38,Couleur:color:0,Pointure:select:1,Silver:0,0,38:1,1,,,0,,,,1,,,,,23,Salsa,,salsa-silver-38,Couleur,Pointure,Silver,17,38,3,1,24,,,,,,Sandales femme,Femme,Sandale,salsa femme,salsa,silver,38,,,,salsafemme
23,Salsa,"Couleur:color:0, Pointure:select:1","Color:color:0, Size:select:1","Silver:0, 39:1","Silver:0, 39:1",,salsa-silver-39,SALSA-FE-SI39,Couleur:color:0,Pointure:select:1,Silver:0,0,39:1,1,,,0,,,,1,,,,,23,Salsa,,salsa-silver-39,Couleur,Pointure,Silver,17,39,4,1,24,,,,,,Sandales femme,Femme,Sandale,salsa femme,salsa,silver,39,,,,salsafemme
23,Salsa,"Couleur:color:0, Pointure:select:1","Color:color:0, Size:select:1","Silver:0, 40:1","Silver:0, 40:1",,salsa-silver-40,SALSA-FE-SI40,Couleur:color:0,Pointure:select:1,Silver:0,0,40:1,1,,,0,,,,1,,,,,23,Salsa,,salsa-silver-40,Couleur,Pointure,Silver,17,40,5,1,24,,,,,,Sandales femme,Femme,Sandale,salsa femme,salsa,silver,40,,,,salsafemme
23,Salsa,"Couleur:color:0, Pointure:select:1","Color:color:0, Size:select:1","Vert d'eau:0, 36:1","Vert d'eau:0, 36:1",,salsa-vert-d-eau-36,SALSA-FE-VEDEA36,Couleur:color:0,Pointure:select:1,Vert d'eau:0,0,36:1,1,,,0,,18,https://cata.meduse.co/femmes/sandales/salsa/vert-d-eau/sandales-femme-salsa-vert-d-eau-cote.jpg,1,,,,,23,Salsa,,salsa-vert-d-eau-36,Couleur,Pointure,Vert d'eau,18,36,1,1,24,9,,,,,Sandales femme,Femme,Sandale,salsa femme,salsa,vert,d,eau,36,,salsafemme
23,Salsa,"Couleur:color:0, Pointure:select:1","Color:color:0, Size:select:1","Vert d'eau:0, 37:1","Vert d'eau:0, 37:1",,salsa-vert-d-eau-37,SALSA-FE-VEDEA37,Couleur:color:0,Pointure:select:1,Vert d'eau:0,0,37:1,1,,,0,,,,1,,,,,23,Salsa,,salsa-vert-d-eau-37,Couleur,Pointure,Vert d'eau,18,37,2,1,24,9,,,,,Sandales femme,Femme,Sandale,salsa femme,salsa,vert,d,eau,37,,salsafemme
23,Salsa,"Couleur:color:0, Pointure:select:1","Color:color:0, Size:select:1","Vert d'eau:0, 38:1","Vert d'eau:0, 38:1",,salsa-vert-d-eau-38,SALSA-FE-VEDEA38,Couleur:color:0,Pointure:select:1,Vert d'eau:0,0,38:1,1,,,0,,,,1,,,,,23,Salsa,,salsa-vert-d-eau-38,Couleur,Pointure,Vert d'eau,18,38,3,1,24,9,,,,,Sandales femme,Femme,Sandale,salsa femme,salsa,vert,d,eau,38,,salsafemme
23,Salsa,"Couleur:color:0, Pointure:select:1","Color:color:0, Size:select:1","Vert d'eau:0, 39:1","Vert d'eau:0, 39:1",,salsa-vert-d-eau-39,SALSA-FE-VEDEA39,Couleur:color:0,Pointure:select:1,Vert d'eau:0,0,39:1,1,,,0,,,,1,,,,,23,Salsa,,salsa-vert-d-eau-39,Couleur,Pointure,Vert d'eau,18,39,4,1,24,9,,,,,Sandales femme,Femme,Sandale,salsa femme,salsa,vert,d,eau,39,,salsafemme
23,Salsa,"Couleur:color:0, Pointure:select:1","Color:color:0, Size:select:1","Vert d'eau:0, 40:1","Vert d'eau:0, 40:1",,salsa-vert-d-eau-40,SALSA-FE-VEDEA40,Couleur:color:0,Pointure:select:1,Vert d'eau:0,0,40:1,1,,,0,,,,1,,,,,23,Salsa,,salsa-vert-d-eau-40,Couleur,Pointure,Vert d'eau,18,40,5,1,24,9,,,,,Sandales femme,Femme,Sandale,salsa femme,salsa,vert,d,eau,40,,salsafemme
23,Salsa,"Couleur:color:0, Pointure:select:1","Color:color:0, Size:select:1","Vert pailleté:0, 36:1","Vert pailleté:0, 36:1",,salsa-vert-pailleté-36,SALSA-FE-VEPA36,Couleur:color:0,Pointure:select:1,Vert pailleté:0,0,36:1,1,,,0,,19,https://cata.meduse.co/femmes/sandales/salsa/vert-paillete/sandales-femme-salsa-vert-paillete-cote.jpg,1,,,,,23,Salsa,,salsa-vert-pailleté-36,Couleur,Pointure,Vert pailleté,19,36,1,1,24,9,,,,,Sandales femme,Femme,Sandale,salsa femme,salsa,vert,pailleté,36,,,salsafemme
23,Salsa,"Couleur:color:0, Pointure:select:1","Color:color:0, Size:select:1","Vert pailleté:0, 37:1","Vert pailleté:0, 37:1",,salsa-vert-pailleté-37,SALSA-FE-VEPA37,Couleur:color:0,Pointure:select:1,Vert pailleté:0,0,37:1,1,,,0,,,,1,,,,,23,Salsa,,salsa-vert-pailleté-37,Couleur,Pointure,Vert pailleté,19,37,2,1,24,9,,,,,Sandales femme,Femme,Sandale,salsa femme,salsa,vert,pailleté,37,,,salsafemme
23,Salsa,"Couleur:color:0, Pointure:select:1","Color:color:0, Size:select:1","Vert pailleté:0, 38:1","Vert pailleté:0, 38:1",,salsa-vert-pailleté-38,SALSA-FE-VEPA38,Couleur:color:0,Pointure:select:1,Vert pailleté:0,0,38:1,1,,,0,,,,1,,,,,23,Salsa,,salsa-vert-pailleté-38,Couleur,Pointure,Vert pailleté,19,38,3,1,24,9,,,,,Sandales femme,Femme,Sandale,salsa femme,salsa,vert,pailleté,38,,,salsafemme
23,Salsa,"Couleur:color:0, Pointure:select:1","Color:color:0, Size:select:1","Vert pailleté:0, 39:1","Vert pailleté:0, 39:1",,salsa-vert-pailleté-39,SALSA-FE-VEPA39,Couleur:color:0,Pointure:select:1,Vert pailleté:0,0,39:1,1,,,0,,,,1,,,,,23,Salsa,,salsa-vert-pailleté-39,Couleur,Pointure,Vert pailleté,19,39,4,1,24,9,,,,,Sandales femme,Femme,Sandale,salsa femme,salsa,vert,pailleté,39,,,salsafemme
23,Salsa,"Couleur:color:0, Pointure:select:1","Color:color:0, Size:select:1","Vert pailleté:0, 40:1","Vert pailleté:0, 40:1",,salsa-vert-pailleté-40,SALSA-FE-VEPA40,Couleur:color:0,Pointure:select:1,Vert pailleté:0,0,40:1,1,,,0,,,,1,,,,,23,Salsa,,salsa-vert-pailleté-40,Couleur,Pointure,Vert pailleté,19,40,5,1,24,9,,,,,Sandales femme,Femme,Sandale,salsa femme,salsa,vert,pailleté,40,,,salsafemme
23,Salsa,"Couleur:color:0, Pointure:select:1","Color:color:0, Size:select:1","Vert pastel:0, 36:1","Vert pastel:0, 36:1",,salsa-vert-pastel-36,SALSA-FE-VEPA36,Couleur:color:0,Pointure:select:1,Vert pastel:0,0,36:1,1,,,0,,20,https://cata.meduse.co/femmes/sandales/salsa/vert-pastel/sandales-femme-salsa-vert-pastel-cote.jpg,1,,,,,23,Salsa,,salsa-vert-pastel-36,Couleur,Pointure,Vert pastel,20,36,1,1,24,,,,,,Sandales femme,Femme,Sandale,salsa femme,salsa,vert,pastel,36,,,salsafemme
23,Salsa,"Couleur:color:0, Pointure:select:1","Color:color:0, Size:select:1","Vert pastel:0, 37:1","Vert pastel:0, 37:1",,salsa-vert-pastel-37,SALSA-FE-VEPA37,Couleur:color:0,Pointure:select:1,Vert pastel:0,0,37:1,1,,,0,,,,1,,,,,23,Salsa,,salsa-vert-pastel-37,Couleur,Pointure,Vert pastel,20,37,2,1,24,,,,,,Sandales femme,Femme,Sandale,salsa femme,salsa,vert,pastel,37,,,salsafemme
23,Salsa,"Couleur:color:0, Pointure:select:1","Color:color:0, Size:select:1","Vert pastel:0, 38:1","Vert pastel:0, 38:1",,salsa-vert-pastel-38,SALSA-FE-VEPA38,Couleur:color:0,Pointure:select:1,Vert pastel:0,0,38:1,1,,,0,,,,1,,,,,23,Salsa,,salsa-vert-pastel-38,Couleur,Pointure,Vert pastel,20,38,3,1,24,,,,,,Sandales femme,Femme,Sandale,salsa femme,salsa,vert,pastel,38,,,salsafemme
23,Salsa,"Couleur:color:0, Pointure:select:1","Color:color:0, Size:select:1","Vert pastel:0, 39:1","Vert pastel:0, 39:1",,salsa-vert-pastel-39,SALSA-FE-VEPA39,Couleur:color:0,Pointure:select:1,Vert pastel:0,0,39:1,1,,,0,,,,1,,,,,23,Salsa,,salsa-vert-pastel-39,Couleur,Pointure,Vert pastel,20,39,4,1,24,,,,,,Sandales femme,Femme,Sandale,salsa femme,salsa,vert,pastel,39,,,salsafemme
23,Salsa,"Couleur:color:0, Pointure:select:1","Color:color:0, Size:select:1","Vert pastel:0, 40:1","Vert pastel:0, 40:1",,salsa-vert-pastel-40,SALSA-FE-VEPA40,Couleur:color:0,Pointure:select:1,Vert pastel:0,0,40:1,1,,,0,,,,1,,,,,23,Salsa,,salsa-vert-pastel-40,Couleur,Pointure,Vert pastel,20,40,5,1,24,,,,,,Sandales femme,Femme,Sandale,salsa femme,salsa,vert,pastel,40,,,salsafemme
52,Jutam,"Couleur:color:0, Pointure:select:1","Color:color:0, Size:select:1","Argent pailleté:0, 35:1","Argent pailleté:0, 35:1",,jutam-argent-pailleté-35,JUTAM-FE-ARPA35,Couleur:color:0,Pointure:select:1,Argent pailleté:0,0,35:1,1,,,1,,1,https://cata.meduse.co/femmes/sandales/jutam/argent-paillete/sandales-femme-jutam-argent-paillete-cote.jpg,1,,,,,52,Jutam,,jutam-argent-pailleté-35,Couleur,Pointure,Argent pailleté,1,35,1,1,21,,,,,,Sandales femme,Femme,Sandale,jutam femme,jutam,argent,pailleté,35,,,jutamfemme
52,Jutam,"Couleur:color:0, Pointure:select:1","Color:color:0, Size:select:1","Argent pailleté:0, 36:1","Argent pailleté:0, 36:1",,jutam-argent-pailleté-36,JUTAM-FE-ARPA36,Couleur:color:0,Pointure:select:1,Argent pailleté:0,0,36:1,1,,,0,,,,1,,,,,52,Jutam,,jutam-argent-pailleté-36,Couleur,Pointure,Argent pailleté,1,36,2,1,21,,,,,,Sandales femme,Femme,Sandale,jutam femme,jutam,argent,pailleté,36,,,jutamfemme
52,Jutam,"Couleur:color:0, Pointure:select:1","Color:color:0, Size:select:1","Argent pailleté:0, 37:1","Argent pailleté:0, 37:1",,jutam-argent-pailleté-37,JUTAM-FE-ARPA37,Couleur:color:0,Pointure:select:1,Argent pailleté:0,0,37:1,1,,,0,,,,1,,,,,52,Jutam,,jutam-argent-pailleté-37,Couleur,Pointure,Argent pailleté,1,37,3,1,21,,,,,,Sandales femme,Femme,Sandale,jutam femme,jutam,argent,pailleté,37,,,jutamfemme
52,Jutam,"Couleur:color:0, Pointure:select:1","Color:color:0, Size:select:1","Argent pailleté:0, 38:1","Argent pailleté:0, 38:1",,jutam-argent-pailleté-38,JUTAM-FE-ARPA38,Couleur:color:0,Pointure:select:1,Argent pailleté:0,0,38:1,1,,,0,,,,1,,,,,52,Jutam,,jutam-argent-pailleté-38,Couleur,Pointure,Argent pailleté,1,38,4,1,21,,,,,,Sandales femme,Femme,Sandale,jutam femme,jutam,argent,pailleté,38,,,jutamfemme
52,Jutam,"Couleur:color:0, Pointure:select:1","Color:color:0, Size:select:1","Argent pailleté:0, 39:1","Argent pailleté:0, 39:1",,jutam-argent-pailleté-39,JUTAM-FE-ARPA39,Couleur:color:0,Pointure:select:1,Argent pailleté:0,0,39:1,1,,,0,,,,1,,,,,52,Jutam,,jutam-argent-pailleté-39,Couleur,Pointure,Argent pailleté,1,39,5,1,21,,,,,,Sandales femme,Femme,Sandale,jutam femme,jutam,argent,pailleté,39,,,jutamfemme
52,Jutam,"Couleur:color:0, Pointure:select:1","Color:color:0, Size:select:1","Argent pailleté:0, 40:1","Argent pailleté:0, 40:1",,jutam-argent-pailleté-40,JUTAM-FE-ARPA40,Couleur:color:0,Pointure:select:1,Argent pailleté:0,0,40:1,1,,,0,,,,1,,,,,52,Jutam,,jutam-argent-pailleté-40,Couleur,Pointure,Argent pailleté,1,40,6,1,21,,,,,,Sandales femme,Femme,Sandale,jutam femme,jutam,argent,pailleté,40,,,jutamfemme
52,Jutam,"Couleur:color:0, Pointure:select:1","Color:color:0, Size:select:1","Argent pailleté:0, 41:1","Argent pailleté:0, 41:1",,jutam-argent-pailleté-41,JUTAM-FE-ARPA41,Couleur:color:0,Pointure:select:1,Argent pailleté:0,0,41:1,1,,,0,,,,1,,,,,52,Jutam,,jutam-argent-pailleté-41,Couleur,Pointure,Argent pailleté,1,41,7,1,21,,,,,,Sandales femme,Femme,Sandale,jutam femme,jutam,argent,pailleté,41,,,jutamfemme
52,Jutam,"Couleur:color:0, Pointure:select:1","Color:color:0, Size:select:1","Doré pailleté:0, 35:1","Doré pailleté:0, 35:1",,jutam-doré-pailleté-35,JUTAM-FE-DOPA35,Couleur:color:0,Pointure:select:1,Doré pailleté:0,0,35:1,1,,,0,,2,https://cata.meduse.co/femmes/sandales/jutam/dore-paillete/sandales-femme-jutam-dore-paillete-cote.jpg,1,,,,,52,Jutam,,jutam-doré-pailleté-35,Couleur,Pointure,Doré pailleté,2,35,1,1,21,,,,,,Sandales femme,Femme,Sandale,jutam femme,jutam,doré,pailleté,35,,,jutamfemme
52,Jutam,"Couleur:color:0, Pointure:select:1","Color:color:0, Size:select:1","Doré pailleté:0, 36:1","Doré pailleté:0, 36:1",,jutam-doré-pailleté-36,JUTAM-FE-DOPA36,Couleur:color:0,Pointure:select:1,Doré pailleté:0,0,36:1,1,,,0,,,,1,,,,,52,Jutam,,jutam-doré-pailleté-36,Couleur,Pointure,Doré pailleté,2,36,2,1,21,,,,,,Sandales femme,Femme,Sandale,jutam femme,jutam,doré,pailleté,36,,,jutamfemme
52,Jutam,"Couleur:color:0, Pointure:select:1","Color:color:0, Size:select:1","Doré pailleté:0, 37:1","Doré pailleté:0, 37:1",,jutam-doré-pailleté-37,JUTAM-FE-DOPA37,Couleur:color:0,Pointure:select:1,Doré pailleté:0,0,37:1,1,,,0,,,,1,,,,,52,Jutam,,jutam-doré-pailleté-37,Couleur,Pointure,Doré pailleté,2,37,3,1,21,,,,,,Sandales femme,Femme,Sandale,jutam femme,jutam,doré,pailleté,37,,,jutamfemme
52,Jutam,"Couleur:color:0, Pointure:select:1","Color:color:0, Size:select:1","Doré pailleté:0, 38:1","Doré pailleté:0, 38:1",,jutam-doré-pailleté-38,JUTAM-FE-DOPA38,Couleur:color:0,Pointure:select:1,Doré pailleté:0,0,38:1,1,,,0,,,,1,,,,,52,Jutam,,jutam-doré-pailleté-38,Couleur,Pointure,Doré pailleté,2,38,4,1,21,,,,,,Sandales femme,Femme,Sandale,jutam femme,jutam,doré,pailleté,38,,,jutamfemme
52,Jutam,"Couleur:color:0, Pointure:select:1","Color:color:0, Size:select:1","Doré pailleté:0, 39:1","Doré pailleté:0, 39:1",,jutam-doré-pailleté-39,JUTAM-FE-DOPA39,Couleur:color:0,Pointure:select:1,Doré pailleté:0,0,39:1,1,,,0,,,,1,,,,,52,Jutam,,jutam-doré-pailleté-39,Couleur,Pointure,Doré pailleté,2,39,5,1,21,,,,,,Sandales femme,Femme,Sandale,jutam femme,jutam,doré,pailleté,39,,,jutamfemme
52,Jutam,"Couleur:color:0, Pointure:select:1","Color:color:0, Size:select:1","Doré pailleté:0, 40:1","Doré pailleté:0, 40:1",,jutam-doré-pailleté-40,JUTAM-FE-DOPA40,Couleur:color:0,Pointure:select:1,Doré pailleté:0,0,40:1,1,,,0,,,,1,,,,,52,Jutam,,jutam-doré-pailleté-40,Couleur,Pointure,Doré pailleté,2,40,6,1,21,,,,,,Sandales femme,Femme,Sandale,jutam femme,jutam,doré,pailleté,40,,,jutamfemme
52,Jutam,"Couleur:color:0, Pointure:select:1","Color:color:0, Size:select:1","Doré pailleté:0, 41:1","Doré pailleté:0, 41:1",,jutam-doré-pailleté-41,JUTAM-FE-DOPA41,Couleur:color:0,Pointure:select:1,Doré pailleté:0,0,41:1,1,,,0,,,,1,,,,,52,Jutam,,jutam-doré-pailleté-41,Couleur,Pointure,Doré pailleté,2,41,7,1,21,,,,,,Sandales femme,Femme,Sandale,jutam femme,jutam,doré,pailleté,41,,,jutamfemme
52,Jutam,"Couleur:color:0, Pointure:select:1","Color:color:0, Size:select:1","Fuchsia:0, 35:1","Fuchsia:0, 35:1",,jutam-fuchsia-35,JUTAM-FE-FU35,Couleur:color:0,Pointure:select:1,Fuchsia:0,0,35:1,1,,,0,,3,https://cata.meduse.co/femmes/sandales/jutam/fuchsia/sandales-femme-jutam-fuchsia-cote.jpg,1,,,,,52,Jutam,,jutam-fuchsia-35,Couleur,Pointure,Fuchsia,3,35,1,1,21,,,,,,Sandales femme,Femme,Sandale,jutam femme,jutam,fuchsia,35,,,,jutamfemme
