275,Jumarin,"Couleur:color:0, Pointure:select:1","Color:color:0, Size:select:1","Marine/Blanc:0, 35:1","Marine/Blanc:0, 35:1",,jumarin-marine-blanc-35,JUMARIN-FE-MABL35,Couleur:color:0,Pointure:select:1,Marine-Blanc:0,0,35:1,1,,,,,,https://cata.meduse.co/femmes/bottines/jumarin/marine-blanc/bottines-femme-jumarin-marine-blanc-cote.jpg,1,,,,,275,Jumarin,,jumarin-marine-blanc-35,Couleur,Pointure,Marine/Blanc,1,35,1,1,51,,,,,,Bottines femme,Femme,Bottine,jumarin femme,jumarin,marine,blanc,35,,,jumarinfemme
275,Jumarin,"Couleur:color:0, Pointure:select:1","Color:color:0, Size:select:1","Marine/Blanc:0, 36:1","Marine/Blanc:0, 36:1",,jumarin-marine-blanc-36,JUMARIN-FE-MABL36,Couleur:color:0,Pointure:select:1,Marine-Blanc:0,0,36:1,1,,,,,,https://cata.meduse.co/femmes/bottines/jumarin/marine-blanc/bottines-femme-jumarin-marine-blanc-cote.jpg,1,,,,,275,Jumarin,,jumarin-marine-blanc-36,Couleur,Pointure,Marine/Blanc,1,36,2,1,51,,,,,,Bottines femme,Femme,Bottine,jumarin femme,jumarin,marine,blanc,36,,,jumarinfemme
275,Jumarin,"Couleur:color:0, Pointure:select:1","Color:color:0, Size:select:1","Marine/Blanc:0, 37:1","Marine/Blanc:0, 37:1",,jumarin-marine-blanc-37,JUMARIN-FE-MABL37,Couleur:color:0,Pointure:select:1,Marine-Blanc:0,0,37:1,1,,,,,,https://cata.meduse.co/femmes/bottines/jumarin/marine-blanc/bottines-femme-jumarin-marine-blanc-cote.jpg,1,,,,,275,Jumarin,,jumarin-marine-blanc-37,Couleur,Pointure,Marine/Blanc,1,37,3,1,51,,,,,,Bottines femme,Femme,Bottine,jumarin femme,jumarin,marine,blanc,37,,,jumarinfemme
275,Jumarin,"Couleur:color:0, Pointure:select:1","Color:color:0, Size:select:1","Marine/Blanc:0, 38:1","Marine/Blanc:0, 38:1",,jumarin-marine-blanc-38,JUMARIN-FE-MABL38,Couleur:color:0,Pointure:select:1,Marine-Blanc:0,0,38:1,1,,,,,,https://cata.meduse.co/femmes/bottines/jumarin/marine-blanc/bottines-femme-jumarin-marine-blanc-cote.jpg,1,,,,,275,Jumarin,,jumarin-marine-blanc-38,Couleur,Pointure,Marine/Blanc,1,38,4,1,51,,,,,,Bottines femme,Femme,Bottine,jumarin femme,jumarin,marine,blanc,38,,,jumarinfemme
275,Jumarin,"Couleur:color:0, Pointure:select:1","Color:color:0, Size:select:1","Marine/Blanc:0, 39:1","Marine/Blanc:0, 39:1",,jumarin-marine-blanc-39,JUMARIN-FE-MABL39,Couleur:color:0,Pointure:select:1,Marine-Blanc:0,0,39:1,1,,,,,,https://cata.meduse.co/femmes/bottines/jumarin/marine-blanc/bottines-femme-jumarin-marine-blanc-cote.jpg,1,,,,,275,Jumarin,,jumarin-marine-blanc-39,Couleur,Pointure,Marine/Blanc,1,39,5,1,51,,,,,,Bottines femme,Femme,Bottine,jumarin femme,jumarin,marine,blanc,39,,,jumarinfemme
275,Jumarin,"Couleur:color:0, Pointure:select:1","Color:color:0, Size:select:1","Marine/Blanc:0, 40:1","Marine/Blanc:0, 40:1",,jumarin-marine-blanc-40,JUMARIN-FE-MABL40,Couleur:color:0,Pointure:select:1,Marine-Blanc:0,0,40:1,1,,,,,,https://cata.meduse.co/femmes/bottines/jumarin/marine-blanc/bottines-femme-jumarin-marine-blanc-cote.jpg,1,,,,,275,Jumarin,,jumarin-marine-blanc-40,Couleur,Pointure,Marine/Blanc,1,40,6,1,51,,,,,,Bottines femme,Femme,Bottine,jumarin femme,jumarin,marine,blanc,40,,,jumarinfemme
275,Jumarin,"Couleur:color:0, Pointure:select:1","Color:color:0, Size:select:1","Marine/Blanc:0, 41:1","Marine/Blanc:0, 41:1",,jumarin-marine-blanc-41,JUMARIN-FE-MABL41,Couleur:color:0,Pointure:select:1,Marine-Blanc:0,0,41:1,1,,,,,,https://cata.meduse.co/femmes/bottines/jumarin/marine-blanc/bottines-femme-jumarin-marine-blanc-cote.jpg,1,,,,,275,Jumarin,,jumarin-marine-blanc-41,Couleur,Pointure,Marine/Blanc,1,41,7,1,51,,,,,,Bottines femme,Femme,Bottine,jumarin femme,jumarin,marine,blanc,41,,,jumarinfemme
275,Jumarin,"Couleur:color:0, Pointure:select:1","Color:color:0, Size:select:1","Marine/Blanc:0, 42:1","Marine/Blanc:0, 42:1",,jumarin-marine-blanc-42,JUMARIN-FE-MABL42,Couleur:color:0,Pointure:select:1,Marine-Blanc:0,0,42:1,1,,,,,,https://cata.meduse.co/femmes/bottines/jumarin/marine-blanc/bottines-femme-jumarin-marine-blanc-cote.jpg,1,,,,,275,Jumarin,,jumarin-marine-blanc-42,Couleur,Pointure,Marine/Blanc,1,42,8,1,51,,,,,,Bottines femme,Femme,Bottine,jumarin femme,jumarin,marine,blanc,42,,,jumarinfemme
278,Japaris,"Couleur:color:0, Pointure:select:1","Color:color:0, Size:select:1","Carmin/Gris:0, 36:1","Carmin/Gris:0, 36:1",,japaris-carmin-gris-36,JAPARIS-FE-CAGR36,Couleur:color:0,Pointure:select:1,Carmin-Gris:0,0,36:1,1,,,,,,https://cata.meduse.co/femmes/bottines/japaris/carmin-gris/bottines-femme-japaris-carmin-gris-cote.jpg,1,,,,,278,Japaris,,japaris-carmin-gris-36,Couleur,Pointure,Carmin/Gris,1,36,1,1,54,,,,,,Bottines femme,Femme,Bottine,japaris femme,japaris,carmin,gris,36,,,japarisfemme
278,Japaris,"Couleur:color:0, Pointure:select:1","Color:color:0, Size:select:1","Carmin/Gris:0, 37:1","Carmin/Gris:0, 37:1",,japaris-carmin-gris-37,JAPARIS-FE-CAGR37,Couleur:color:0,Pointure:select:1,Carmin-Gris:0,0,37:1,1,,,,,,https://cata.meduse.co/femmes/bottines/japaris/carmin-gris/bottines-femme-japaris-carmin-gris-cote.jpg,1,,,,,278,Japaris,,japaris-carmin-gris-37,Couleur,Pointure,Carmin/Gris,1,37,2,1,54,,,,,,Bottines femme,Femme,Bottine,japaris femme,japaris,carmin,gris,37,,,japarisfemme
278,Japaris,"Couleur:color:0, Pointure:select:1","Color:color:0, Size:select:1","Carmin/Gris:0, 38:1","Carmin/Gris:0, 38:1",,japaris-carmin-gris-38,JAPARIS-FE-CAGR38,Couleur:color:0,Pointure:select:1,Carmin-Gris:0,0,38:1,1,,,,,,https://cata.meduse.co/femmes/bottines/japaris/carmin-gris/bottines-femme-japaris-carmin-gris-cote.jpg,1,,,,,278,Japaris,,japaris-carmin-gris-38,Couleur,Pointure,Carmin/Gris,1,38,3,1,54,,,,,,Bottines femme,Femme,Bottine,japaris femme,japaris,carmin,gris,38,,,japarisfemme
278,Japaris,"Couleur:color:0, Pointure:select:1","Color:color:0, Size:select:1","Carmin/Gris:0, 39:1","Carmin/Gris:0, 39:1",,japaris-carmin-gris-39,JAPARIS-FE-CAGR39,Couleur:color:0,Pointure:select:1,Carmin-Gris:0,0,39:1,1,,,,,,https://cata.meduse.co/femmes/bottines/japaris/carmin-gris/bottines-femme-japaris-carmin-gris-cote.jpg,1,,,,,278,Japaris,,japaris-carmin-gris-39,Couleur,Pointure,Carmin/Gris,1,39,4,1,54,,,,,,Bottines femme,Femme,Bottine,japaris femme,japaris,carmin,gris,39,,,japarisfemme
278,Japaris,"Couleur:color:0, Pointure:select:1","Color:color:0, Size:select:1","Carmin/Gris:0, 40:1","Carmin/Gris:0, 40:1",,japaris-carmin-gris-40,JAPARIS-FE-CAGR40,Couleur:color:0,Pointure:select:1,Carmin-Gris:0,0,40:1,1,,,,,,https://cata.meduse.co/femmes/bottines/japaris/carmin-gris/bottines-femme-japaris-carmin-gris-cote.jpg,1,,,,,278,Japaris,,japaris-carmin-gris-40,Couleur,Pointure,Carmin/Gris,1,40,5,1,54,,,,,,Bottines femme,Femme,Bottine,japaris femme,japaris,carmin,gris,40,,,japarisfemme
278,Japaris,"Couleur:color:0, Pointure:select:1","Color:color:0, Size:select:1","Carmin/Gris:0, 41:1","Carmin/Gris:0, 41:1",,japaris-carmin-gris-41,JAPARIS-FE-CAGR41,Couleur:color:0,Pointure:select:1,Carmin-Gris:0,0,41:1,1,,,,,,https://cata.meduse.co/femmes/bottines/japaris/carmin-gris/bottines-femme-japaris-carmin-gris-cote.jpg,1,,,,,278,Japaris,,japaris-carmin-gris-41,Couleur,Pointure,Carmin/Gris,1,41,6,1,54,,,,,,Bottines femme,Femme,Bottine,japaris femme,japaris,carmin,gris,41,,,japarisfemme
278,Japaris,"Couleur:color:0, Pointure:select:1","Color:color:0, Size:select:1","Lagon/Nuage:0, 36:1","Lagon/Nuage:0, 36:1",,japaris-lagon-nuage-36,JAPARIS-FE-LANU36,Couleur:color:0,Pointure:select:1,Lagon-Nuage:0,0,36:1,1,,,,,,https://cata.meduse.co/femmes/bottines/japaris/lagon-nuage/bottines-femme-japaris-lagon-nuage-cote.jpg,1,,,,,278,Japaris,,japaris-lagon-nuage-36,Couleur,Pointure,Lagon/Nuage,2,36,1,1,54,,,,,,Bottines femme,Femme,Bottine,japaris femme,japaris,lagon,nuage,36,,,japarisfemme
278,Japaris,"Couleur:color:0, Pointure:select:1","Color:color:0, Size:select:1","Lagon/Nuage:0, 37:1","Lagon/Nuage:0, 37:1",,japaris-lagon-nuage-37,JAPARIS-FE-LANU37,Couleur:color:0,Pointure:select:1,Lagon-Nuage:0,0,37:1,1,,,,,,https://cata.meduse.co/femmes/bottines/japaris/lagon-nuage/bottines-femme-japaris-lagon-nuage-cote.jpg,1,,,,,278,Japaris,,japaris-lagon-nuage-37,Couleur,Pointure,Lagon/Nuage,2,37,2,1,54,,,,,,Bottines femme,Femme,Bottine,japaris femme,japaris,lagon,nuage,37,,,japarisfemme
278,Japaris,"Couleur:color:0, Pointure:select:1","Color:color:0, Size:select:1","Lagon/Nuage:0, 38:1","Lagon/Nuage:0, 38:1",,japaris-lagon-nuage-38,JAPARIS-FE-LANU38,Couleur:color:0,Pointure:select:1,Lagon-Nuage:0,0,38:1,1,,,,,,https://cata.meduse.co/femmes/bottines/japaris/lagon-nuage/bottines-femme-japaris-lagon-nuage-cote.jpg,1,,,,,278,Japaris,,japaris-lagon-nuage-38,Couleur,Pointure,Lagon/Nuage,2,38,3,1,54,,,,,,Bottines femme,Femme,Bottine,japaris femme,japaris,lagon,nuage,38,,,japarisfemme
278,Japaris,"Couleur:color:0, Pointure:select:1","Color:color:0, Size:select:1","Lagon/Nuage:0, 39:1","Lagon/Nuage:0, 39:1",,japaris-lagon-nuage-39,JAPARIS-FE-LANU39,Couleur:color:0,Pointure:select:1,Lagon-Nuage:0,0,39:1,1,,,,,,https://cata.meduse.co/femmes/bottines/japaris/lagon-nuage/bottines-femme-japaris-lagon-nuage-cote.jpg,1,,,,,278,Japaris,,japaris-lagon-nuage-39,Couleur,Pointure,Lagon/Nuage,2,39,4,1,54,,,,,,Bottines femme,Femme,Bottine,japaris femme,japaris,lagon,nuage,39,,,japarisfemme
278,Japaris,"Couleur:color:0, Pointure:select:1","Color:color:0, Size:select:1","Lagon/Nuage:0, 40:1","Lagon/Nuage:0, 40:1",,japaris-lagon-nuage-40,JAPARIS-FE-LANU40,Couleur:color:0,Pointure:select:1,Lagon-Nuage:0,0,40:1,1,,,,,,https://cata.meduse.co/femmes/bottines/japaris/lagon-nuage/bottines-femme-japaris-lagon-nuage-cote.jpg,1,,,,,278,Japaris,,japaris-lagon-nuage-40,Couleur,Pointure,Lagon/Nuage,2,40,5,1,54,,,,,,Bottines femme,Femme,Bottine,japaris femme,japaris,lagon,nuage,40,,,japarisfemme
278,Japaris,"Couleur:color:0, Pointure:select:1","Color:color:0, Size:select:1","Lagon/Nuage:0, 41:1","Lagon/Nuage:0, 41:1",,japaris-lagon-nuage-41,JAPARIS-FE-LANU41,Couleur:color:0,Pointure:select:1,Lagon-Nuage:0,0,41:1,1,,,,,,https://cata.meduse.co/femmes/bottines/japaris/lagon-nuage/bottines-femme-japaris-lagon-nuage-cote.jpg,1,,,,,278,Japaris,,japaris-lagon-nuage-41,Couleur,Pointure,Lagon/Nuage,2,41,6,1,54,,,,,,Bottines femme,Femme,Bottine,japaris femme,japaris,lagon,nuage,41,,,japarisfemme
278,Japaris,"Couleur:color:0, Pointure:select:1","Color:color:0, Size:select:1","Nuage/Marine:0, 36:1","Nuage/Marine:0, 36:1",,japaris-nuage-marine-36,JAPARIS-FE-NUMA36,Couleur:color:0,Pointure:select:1,Nuage-Marine:0,0,36:1,1,,,,,,https://cata.meduse.co/femmes/bottines/japaris/nuage-marine/bottines-femme-japaris-nuage-marine-cote.jpg,1,,,,,278,Japaris,,japaris-nuage-marine-36,Couleur,Pointure,Nuage/Marine,3,36,1,1,54,,,,,,Bottines femme,Femme,Bottine,japaris femme,japaris,nuage,marine,36,,,japarisfemme
278,Japaris,"Couleur:color:0, Pointure:select:1","Color:color:0, Size:select:1","Nuage/Marine:0, 37:1","Nuage/Marine:0, 37:1",,japaris-nuage-marine-37,JAPARIS-FE-NUMA37,Couleur:color:0,Pointure:select:1,Nuage-Marine:0,0,37:1,1,,,,,,https://cata.meduse.co/femmes/bottines/japaris/nuage-marine/bottines-femme-japaris-nuage-marine-cote.jpg,1,,,,,278,Japaris,,japaris-nuage-marine-37,Couleur,Pointure,Nuage/Marine,3,37,2,1,54,,,,,,Bottines femme,Femme,Bottine,japaris femme,japaris,nuage,marine,37,,,japarisfemme
278,Japaris,"Couleur:color:0, Pointure:select:1","Color:color:0, Size:select:1","Nuage/Marine:0, 38:1","Nuage/Marine:0, 38:1",,japaris-nuage-marine-38,JAPARIS-FE-NUMA38,Couleur:color:0,Pointure:select:1,Nuage-Marine:0,0,38:1,1,,,,,,https://cata.meduse.co/femmes/bottines/japaris/nuage-marine/bottines-femme-japaris-nuage-marine-cote.jpg,1,,,,,278,Japaris,,japaris-nuage-marine-38,Couleur,Pointure,Nuage/Marine,3,38,3,1,54,,,,,,Bottines femme,Femme,Bottine,japaris femme,japaris,nuage,marine,38,,,japarisfemme
278,Japaris,"Couleur:color:0, Pointure:select:1","Color:color:0, Size:select:1","Nuage/Marine:0, 39:1","Nuage/Marine:0, 39:1",,japaris-nuage-marine-39,JAPARIS-FE-NUMA39,Couleur:color:0,Pointure:select:1,Nuage-Marine:0,0,39:1,1,,,,,,https://cata.meduse.co/femmes/bottines/japaris/nuage-marine/bottines-femme-japaris-nuage-marine-cote.jpg,1,,,,,278,Japaris,,japaris-nuage-marine-39,Couleur,Pointure,Nuage/Marine,3,39,4,1,54,,,,,,Bottines femme,Femme,Bottine,japaris femme,japaris,nuage,marine,39,,,japarisfemme
278,Japaris,"Couleur:color:0, Pointure:select:1","Color:color:0, Size:select:1","Nuage/Marine:0, 40:1","Nuage/Marine:0, 40:1",,japaris-nuage-marine-40,JAPARIS-FE-NUMA40,Couleur:color:0,Pointure:select:1,Nuage-Marine:0,0,40:1,1,,,,,,https://cata.meduse.co/femmes/bottines/japaris/nuage-marine/bottines-femme-japaris-nuage-marine-cote.jpg,1,,,,,278,Japaris,,japaris-nuage-marine-40,Couleur,Pointure,Nuage/Marine,3,40,5,1,54,,,,,,Bottines femme,Femme,Bottine,japaris femme,japaris,nuage,marine,40,,,japarisfemme
278,Japaris,"Couleur:color:0, Pointure:select:1","Color:color:0, Size:select:1","Nuage/Marine:0, 41:1","Nuage/Marine:0, 41:1",,japaris-nuage-marine-41,JAPARIS-FE-NUMA41,Couleur:color:0,Pointure:select:1,Nuage-Marine:0,0,41:1,1,,,,,,https://cata.meduse.co/femmes/bottines/japaris/nuage-marine/bottines-femme-japaris-nuage-marine-cote.jpg,1,,,,,278,Japaris,,japaris-nuage-marine-41,Couleur,Pointure,Nuage/Marine,3,41,6,1,54,,,,,,Bottines femme,Femme,Bottine,japaris femme,japaris,nuage,marine,41,,,japarisfemme
279,Japmer,"Couleur:color:0, Pointure:select:1","Color:color:0, Size:select:1","Bleu nuit/Rouge:0, 36:1","Bleu nuit/Rouge:0, 36:1",,japmer-bleu-nuit-rouge-36,JAPMER-FE-BLNURO36,Couleur:color:0,Pointure:select:1,Bleu nuit-Rouge:0,0,36:1,1,,,,,,https://cata.meduse.co/femmes/bottines/japmer/bleu-nuit-rouge/bottines-femme-japmer-bleu-nuit-rouge-cote.jpg,1,,,,,279,Japmer,,japmer-bleu-nuit-rouge-36,Couleur,Pointure,Bleu nuit/Rouge,1,36,1,1,54,,,,,,Bottines femme,Femme,Bottine,japmer femme,japmer,bleu,nuit,rouge,36,,japmerfemme
279,Japmer,"Couleur:color:0, Pointure:select:1","Color:color:0, Size:select:1","Bleu nuit/Rouge:0, 37:1","Bleu nuit/Rouge:0, 37:1",,japmer-bleu-nuit-rouge-37,JAPMER-FE-BLNURO37,Couleur:color:0,Pointure:select:1,Bleu nuit-Rouge:0,0,37:1,1,,,,,,https://cata.meduse.co/femmes/bottines/japmer/bleu-nuit-rouge/bottines-femme-japmer-bleu-nuit-rouge-cote.jpg,1,,,,,279,Japmer,,japmer-bleu-nuit-rouge-37,Couleur,Pointure,Bleu nuit/Rouge,1,37,2,1,54,,,,,,Bottines femme,Femme,Bottine,japmer femme,japmer,bleu,nuit,rouge,37,,japmerfemme
279,Japmer,"Couleur:color:0, Pointure:select:1","Color:color:0, Size:select:1","Bleu nuit/Rouge:0, 38:1","Bleu nuit/Rouge:0, 38:1",,japmer-bleu-nuit-rouge-38,JAPMER-FE-BLNURO38,Couleur:color:0,Pointure:select:1,Bleu nuit-Rouge:0,0,38:1,1,,,,,,https://cata.meduse.co/femmes/bottines/japmer/bleu-nuit-rouge/bottines-femme-japmer-bleu-nuit-rouge-cote.jpg,1,,,,,279,Japmer,,japmer-bleu-nuit-rouge-38,Couleur,Pointure,Bleu nuit/Rouge,1,38,3,1,54,,,,,,Bottines femme,Femme,Bottine,japmer femme,japmer,bleu,nuit,rouge,38,,japmerfemme
279,Japmer,"Couleur:color:0, Pointure:select:1","Color:color:0, Size:select:1","Bleu nuit/Rouge:0, 39:1","Bleu nuit/Rouge:0, 39:1",,japmer-bleu-nuit-rouge-39,JAPMER-FE-BLNURO39,Couleur:color:0,Pointure:select:1,Bleu nuit-Rouge:0,0,39:1,1,,,,,,https://cata.meduse.co/femmes/bottines/japmer/bleu-nuit-rouge/bottines-femme-japmer-bleu-nuit-rouge-cote.jpg,1,,,,,279,Japmer,,japmer-bleu-nuit-rouge-39,Couleur,Pointure,Bleu nuit/Rouge,1,39,4,1,54,,,,,,Bottines femme,Femme,Bottine,japmer femme,japmer,bleu,nuit,rouge,39,,japmerfemme
279,Japmer,"Couleur:color:0, Pointure:select:1","Color:color:0, Size:select:1","Bleu nuit/Rouge:0, 40:1","Bleu nuit/Rouge:0, 40:1",,japmer-bleu-nuit-rouge-40,JAPMER-FE-BLNURO40,Couleur:color:0,Pointure:select:1,Bleu nuit-Rouge:0,0,40:1,1,,,,,,https://cata.meduse.co/femmes/bottines/japmer/bleu-nuit-rouge/bottines-femme-japmer-bleu-nuit-rouge-cote.jpg,1,,,,,279,Japmer,,japmer-bleu-nuit-rouge-40,Couleur,Pointure,Bleu nuit/Rouge,1,40,5,1,54,,,,,,Bottines femme,Femme,Bottine,japmer femme,japmer,bleu,nuit,rouge,40,,japmerfemme
279,Japmer,"Couleur:color:0, Pointure:select:1","Color:color:0, Size:select:1","Bleu nuit/Rouge:0, 41:1","Bleu nuit/Rouge:0, 41:1",,japmer-bleu-nuit-rouge-41,JAPMER-FE-BLNURO41,Couleur:color:0,Pointure:select:1,Bleu nuit-Rouge:0,0,41:1,1,,,,,,https://cata.meduse.co/femmes/bottines/japmer/bleu-nuit-rouge/bottines-femme-japmer-bleu-nuit-rouge-cote.jpg,1,,,,,279,Japmer,,japmer-bleu-nuit-rouge-41,Couleur,Pointure,Bleu nuit/Rouge,1,41,6,1,54,,,,,,Bottines femme,Femme,Bottine,japmer femme,japmer,bleu,nuit,rouge,41,,japmerfemme
280,Sunpatch,"Couleur:color:0, Pointure:select:1","Color:color:0, Size:select:1","Groseille:0, 18:1","Groseille:0, 18:1",,sunpatch-groseille-18,SUNPATCH-EN-GR18,Couleur:color:0,Pointure:select:1,Groseille:0,0,18:1,1,,,,,,https://cata.meduse.co/enfants/sandales/sunpatch/groseille/sandales-enfant-sunpatch-groseille-cote.jpg,1,,,,,280,Sunpatch,,sunpatch-groseille-18,Couleur,Pointure,Groseille,1,18,1,1,13.5,,,,,,Sandales enfant,Enfant,Sandale,sunpatch enfant,sunpatch,groseille,18,,,,sunpatchenfant
280,Sunpatch,"Couleur:color:0, Pointure:select:1","Color:color:0, Size:select:1","Groseille:0, 19:1","Groseille:0, 19:1",,sunpatch-groseille-19,SUNPATCH-EN-GR19,Couleur:color:0,Pointure:select:1,Groseille:0,0,19:1,1,,,,,,https://cata.meduse.co/enfants/sandales/sunpatch/groseille/sandales-enfant-sunpatch-groseille-cote.jpg,1,,,,,280,Sunpatch,,sunpatch-groseille-19,Couleur,Pointure,Groseille,1,19,2,1,13.5,,,,,,Sandales enfant,Enfant,Sandale,sunpatch enfant,sunpatch,groseille,19,,,,sunpatchenfant
280,Sunpatch,"Couleur:color:0, Pointure:select:1","Color:color:0, Size:select:1","Groseille:0, 20:1","Groseille:0, 20:1",,sunpatch-groseille-20,SUNPATCH-EN-GR20,Couleur:color:0,Pointure:select:1,Groseille:0,0,20:1,1,,,,,,https://cata.meduse.co/enfants/sandales/sunpatch/groseille/sandales-enfant-sunpatch-groseille-cote.jpg,1,,,,,280,Sunpatch,,sunpatch-groseille-20,Couleur,Pointure,Groseille,1,20,3,1,13.5,,,,,,Sandales enfant,Enfant,Sandale,sunpatch enfant,sunpatch,groseille,20,,,,sunpatchenfant
280,Sunpatch,"Couleur:color:0, Pointure:select:1","Color:color:0, Size:select:1","Groseille:0, 21:1","Groseille:0, 21:1",,sunpatch-groseille-21,SUNPATCH-EN-GR21,Couleur:color:0,Pointure:select:1,Groseille:0,0,21:1,1,,,,,,https://cata.meduse.co/enfants/sandales/sunpatch/groseille/sandales-enfant-sunpatch-groseille-cote.jpg,1,,,,,280,Sunpatch,,sunpatch-groseille-21,Couleur,Pointure,Groseille,1,21,4,1,13.5,,,,,,Sandales enfant,Enfant,Sandale,sunpatch enfant,sunpatch,groseille,21,,,,sunpatchenfant
280,Sunpatch,"Couleur:color:0, Pointure:select:1","Color:color:0, Size:select:1","Groseille:0, 22:1","Groseille:0, 22:1",,sunpatch-groseille-22,SUNPATCH-EN-GR22,Couleur:color:0,Pointure:select:1,Groseille:0,0,22:1,1,,,,,,https://cata.meduse.co/enfants/sandales/sunpatch/groseille/sandales-enfant-sunpatch-groseille-cote.jpg,1,,,,,280,Sunpatch,,sunpatch-groseille-22,Couleur,Pointure,Groseille,1,22,5,1,13.5,,,,,,Sandales enfant,Enfant,Sandale,sunpatch enfant,sunpatch,groseille,22,,,,sunpatchenfant
280,Sunpatch,"Couleur:color:0, Pointure:select:1","Color:color:0, Size:select:1","Groseille:0, 23:1","Groseille:0, 23:1",,sunpatch-groseille-23,SUNPATCH-EN-GR23,Couleur:color:0,Pointure:select:1,Groseille:0,0,23:1,1,,,,,,https://cata.meduse.co/enfants/sandales/sunpatch/groseille/sandales-enfant-sunpatch-groseille-cote.jpg,1,,,,,280,Sunpatch,,sunpatch-groseille-23,Couleur,Pointure,Groseille,1,23,6,1,13.5,,,,,,Sandales enfant,Enfant,Sandale,sunpatch enfant,sunpatch,groseille,23,,,,sunpatchenfant
280,Sunpatch,"Couleur:color:0, Pointure:select:1","Color:color:0, Size:select:1","Groseille:0, 24:1","Groseille:0, 24:1",,sunpatch-groseille-24,SUNPATCH-EN-GR24,Couleur:color:0,Pointure:select:1,Groseille:0,0,24:1,1,,,,,,https://cata.meduse.co/enfants/sandales/sunpatch/groseille/sandales-enfant-sunpatch-groseille-cote.jpg,1,,,,,280,Sunpatch,,sunpatch-groseille-24,Couleur,Pointure,Groseille,1,24,7,1,13.5,,,,,,Sandales enfant,Enfant,Sandale,sunpatch enfant,sunpatch,groseille,24,,,,sunpatchenfant
280,Sunpatch,"Couleur:color:0, Pointure:select:1","Color:color:0, Size:select:1","Groseille:0, 25:1","Groseille:0, 25:1",,sunpatch-groseille-25,SUNPATCH-EN-GR25,Couleur:color:0,Pointure:select:1,Groseille:0,0,25:1,1,,,,,,https://cata.meduse.co/enfants/sandales/sunpatch/groseille/sandales-enfant-sunpatch-groseille-cote.jpg,1,,,,,280,Sunpatch,,sunpatch-groseille-25,Couleur,Pointure,Groseille,1,25,8,1,13.5,,,,,,Sandales enfant,Enfant,Sandale,sunpatch enfant,sunpatch,groseille,25,,,,sunpatchenfant
280,Sunpatch,"Couleur:color:0, Pointure:select:1","Color:color:0, Size:select:1","Groseille:0, 26:1","Groseille:0, 26:1",,sunpatch-groseille-26,SUNPATCH-EN-GR26,Couleur:color:0,Pointure:select:1,Groseille:0,0,26:1,1,,,,,,https://cata.meduse.co/enfants/sandales/sunpatch/groseille/sandales-enfant-sunpatch-groseille-cote.jpg,1,,,,,280,Sunpatch,,sunpatch-groseille-26,Couleur,Pointure,Groseille,1,26,9,1,13.5,,,,,,Sandales enfant,Enfant,Sandale,sunpatch enfant,sunpatch,groseille,26,,,,sunpatchenfant
280,Sunpatch,"Couleur:color:0, Pointure:select:1","Color:color:0, Size:select:1","Groseille:0, 27:1","Groseille:0, 27:1",,sunpatch-groseille-27,SUNPATCH-EN-GR27,Couleur:color:0,Pointure:select:1,Groseille:0,0,27:1,1,,,,,,https://cata.meduse.co/enfants/sandales/sunpatch/groseille/sandales-enfant-sunpatch-groseille-cote.jpg,1,,,,,280,Sunpatch,,sunpatch-groseille-27,Couleur,Pointure,Groseille,1,27,10,1,13.5,,,,,,Sandales enfant,Enfant,Sandale,sunpatch enfant,sunpatch,groseille,27,,,,sunpatchenfant
280,Sunpatch,"Couleur:color:0, Pointure:select:1","Color:color:0, Size:select:1","Groseille:0, 28:1","Groseille:0, 28:1",,sunpatch-groseille-28,SUNPATCH-EN-GR28,Couleur:color:0,Pointure:select:1,Groseille:0,3,28:1,1,,,,,,https://cata.meduse.co/enfants/sandales/sunpatch/groseille/sandales-enfant-sunpatch-groseille-cote.jpg,1,,,,,280,Sunpatch,,sunpatch-groseille-28,Couleur,Pointure,Groseille,1,28,11,1,16.5,,,,,,Sandales enfant,Enfant,Sandale,sunpatch enfant,sunpatch,groseille,28,,,,sunpatchenfant
280,Sunpatch,"Couleur:color:0, Pointure:select:1","Color:color:0, Size:select:1","Groseille:0, 29:1","Groseille:0, 29:1",,sunpatch-groseille-29,SUNPATCH-EN-GR29,Couleur:color:0,Pointure:select:1,Groseille:0,3,29:1,1,,,,,,https://cata.meduse.co/enfants/sandales/sunpatch/groseille/sandales-enfant-sunpatch-groseille-cote.jpg,1,,,,,280,Sunpatch,,sunpatch-groseille-29,Couleur,Pointure,Groseille,1,29,12,1,16.5,,,,,,Sandales enfant,Enfant,Sandale,sunpatch enfant,sunpatch,groseille,29,,,,sunpatchenfant
280,Sunpatch,"Couleur:color:0, Pointure:select:1","Color:color:0, Size:select:1","Groseille:0, 30:1","Groseille:0, 30:1",,sunpatch-groseille-30,SUNPATCH-EN-GR30,Couleur:color:0,Pointure:select:1,Groseille:0,3,30:1,1,,,,,,https://cata.meduse.co/enfants/sandales/sunpatch/groseille/sandales-enfant-sunpatch-groseille-cote.jpg,1,,,,,280,Sunpatch,,sunpatch-groseille-30,Couleur,Pointure,Groseille,1,30,13,1,16.5,,,,,,Sandales enfant,Enfant,Sandale,sunpatch enfant,sunpatch,groseille,30,,,,sunpatchenfant
280,Sunpatch,"Couleur:color:0, Pointure:select:1","Color:color:0, Size:select:1","Groseille:0, 31:1","Groseille:0, 31:1",,sunpatch-groseille-31,SUNPATCH-EN-GR31,Couleur:color:0,Pointure:select:1,Groseille:0,3,31:1,1,,,,,,https://cata.meduse.co/enfants/sandales/sunpatch/groseille/sandales-enfant-sunpatch-groseille-cote.jpg,1,,,,,280,Sunpatch,,sunpatch-groseille-31,Couleur,Pointure,Groseille,1,31,14,1,16.5,,,,,,Sandales enfant,Enfant,Sandale,sunpatch enfant,sunpatch,groseille,31,,,,sunpatchenfant
280,Sunpatch,"Couleur:color:0, Pointure:select:1","Color:color:0, Size:select:1","Groseille:0, 32:1","Groseille:0, 32:1",,sunpatch-groseille-32,SUNPATCH-EN-GR32,Couleur:color:0,Pointure:select:1,Groseille:0,3,32:1,1,,,,,,https://cata.meduse.co/enfants/sandales/sunpatch/groseille/sandales-enfant-sunpatch-groseille-cote.jpg,1,,,,,280,Sunpatch,,sunpatch-groseille-32,Couleur,Pointure,Groseille,1,32,15,1,16.5,,,,,,Sandales enfant,Enfant,Sandale,sunpatch enfant,sunpatch,groseille,32,,,,sunpatchenfant
280,Sunpatch,"Couleur:color:0, Pointure:select:1","Color:color:0, Size:select:1","Groseille:0, 33:1","Groseille:0, 33:1",,sunpatch-groseille-33,SUNPATCH-EN-GR33,Couleur:color:0,Pointure:select:1,Groseille:0,3,33:1,1,,,,,,https://cata.meduse.co/enfants/sandales/sunpatch/groseille/sandales-enfant-sunpatch-groseille-cote.jpg,1,,,,,280,Sunpatch,,sunpatch-groseille-33,Couleur,Pointure,Groseille,1,33,16,1,16.5,,,,,,Sandales enfant,Enfant,Sandale,sunpatch enfant,sunpatch,groseille,33,,,,sunpatchenfant
280,Sunpatch,"Couleur:color:0, Pointure:select:1","Color:color:0, Size:select:1","Groseille:0, 34:1","Groseille:0, 34:1",,sunpatch-groseille-34,SUNPATCH-EN-GR34,Couleur:color:0,Pointure:select:1,Groseille:0,3,34:1,1,,,,,,https://cata.meduse.co/enfants/sandales/sunpatch/groseille/sandales-enfant-sunpatch-groseille-cote.jpg,1,,,,,280,Sunpatch,,sunpatch-groseille-34,Couleur,Pointure,Groseille,1,34,17,1,16.5,,,,,,Sandales enfant,Enfant,Sandale,sunpatch enfant,sunpatch,groseille,34,,,,sunpatchenfant
280,Sunpatch,"Couleur:color:0, Pointure:select:1","Color:color:0, Size:select:1","Menthe:0, 18:1","Menthe:0, 18:1",,sunpatch-menthe-18,SUNPATCH-EN-ME18,Couleur:color:0,Pointure:select:1,Menthe:0,0,18:1,1,,,,,,https://cata.meduse.co/enfants/sandales/sunpatch/menthe/sandales-enfant-sunpatch-menthe-cote.jpg,1,,,,,280,Sunpatch,,sunpatch-menthe-18,Couleur,Pointure,Menthe,2,18,1,1,13.5,,,,,,Sandales enfant,Enfant,Sandale,sunpatch enfant,sunpatch,menthe,18,,,,sunpatchenfant
280,Sunpatch,"Couleur:color:0, Pointure:select:1","Color:color:0, Size:select:1","Menthe:0, 19:1","Menthe:0, 19:1",,sunpatch-menthe-19,SUNPATCH-EN-ME19,Couleur:color:0,Pointure:select:1,Menthe:0,0,19:1,1,,,,,,https://cata.meduse.co/enfants/sandales/sunpatch/menthe/sandales-enfant-sunpatch-menthe-cote.jpg,1,,,,,280,Sunpatch,,sunpatch-menthe-19,Couleur,Pointure,Menthe,2,19,2,1,13.5,,,,,,Sandales enfant,Enfant,Sandale,sunpatch enfant,sunpatch,menthe,19,,,,sunpatchenfant
280,Sunpatch,"Couleur:color:0, Pointure:select:1","Color:color:0, Size:select:1","Menthe:0, 20:1","Menthe:0, 20:1",,sunpatch-menthe-20,SUNPATCH-EN-ME20,Couleur:color:0,Pointure:select:1,Menthe:0,0,20:1,1,,,,,,https://cata.meduse.co/enfants/sandales/sunpatch/menthe/sandales-enfant-sunpatch-menthe-cote.jpg,1,,,,,280,Sunpatch,,sunpatch-menthe-20,Couleur,Pointure,Menthe,2,20,3,1,13.5,,,,,,Sandales enfant,Enfant,Sandale,sunpatch enfant,sunpatch,menthe,20,,,,sunpatchenfant
280,Sunpatch,"Couleur:color:0, Pointure:select:1","Color:color:0, Size:select:1","Menthe:0, 21:1","Menthe:0, 21:1",,sunpatch-menthe-21,SUNPATCH-EN-ME21,Couleur:color:0,Pointure:select:1,Menthe:0,0,21:1,1,,,,,,https://cata.meduse.co/enfants/sandales/sunpatch/menthe/sandales-enfant-sunpatch-menthe-cote.jpg,1,,,,,280,Sunpatch,,sunpatch-menthe-21,Couleur,Pointure,Menthe,2,21,4,1,13.5,,,,,,Sandales enfant,Enfant,Sandale,sunpatch enfant,sunpatch,menthe,21,,,,sunpatchenfant
280,Sunpatch,"Couleur:color:0, Pointure:select:1","Color:color:0, Size:select:1","Menthe:0, 22:1","Menthe:0, 22:1",,sunpatch-menthe-22,SUNPATCH-EN-ME22,Couleur:color:0,Pointure:select:1,Menthe:0,0,22:1,1,,,,,,https://cata.meduse.co/enfants/sandales/sunpatch/menthe/sandales-enfant-sunpatch-menthe-cote.jpg,1,,,,,280,Sunpatch,,sunpatch-menthe-22,Couleur,Pointure,Menthe,2,22,5,1,13.5,,,,,,Sandales enfant,Enfant,Sandale,sunpatch enfant,sunpatch,menthe,22,,,,sunpatchenfant
280,Sunpatch,"Couleur:color:0, Pointure:select:1","Color:color:0, Size:select:1","Menthe:0, 23:1","Menthe:0, 23:1",,sunpatch-menthe-23,SUNPATCH-EN-ME23,Couleur:color:0,Pointure:select:1,Menthe:0,0,23:1,1,,,,,,https://cata.meduse.co/enfants/sandales/sunpatch/menthe/sandales-enfant-sunpatch-menthe-cote.jpg,1,,,,,280,Sunpatch,,sunpatch-menthe-23,Couleur,Pointure,Menthe,2,23,6,1,13.5,,,,,,Sandales enfant,Enfant,Sandale,sunpatch enfant,sunpatch,menthe,23,,,,sunpatchenfant
280,Sunpatch,"Couleur:color:0, Pointure:select:1","Color:color:0, Size:select:1","Menthe:0, 24:1","Menthe:0, 24:1",,sunpatch-menthe-24,SUNPATCH-EN-ME24,Couleur:color:0,Pointure:select:1,Menthe:0,0,24:1,1,,,,,,https://cata.meduse.co/enfants/sandales/sunpatch/menthe/sandales-enfant-sunpatch-menthe-cote.jpg,1,,,,,280,Sunpatch,,sunpatch-menthe-24,Couleur,Pointure,Menthe,2,24,7,1,13.5,,,,,,Sandales enfant,Enfant,Sandale,sunpatch enfant,sunpatch,menthe,24,,,,sunpatchenfant
280,Sunpatch,"Couleur:color:0, Pointure:select:1","Color:color:0, Size:select:1","Menthe:0, 25:1","Menthe:0, 25:1",,sunpatch-menthe-25,SUNPATCH-EN-ME25,Couleur:color:0,Pointure:select:1,Menthe:0,0,25:1,1,,,,,,https://cata.meduse.co/enfants/sandales/sunpatch/menthe/sandales-enfant-sunpatch-menthe-cote.jpg,1,,,,,280,Sunpatch,,sunpatch-menthe-25,Couleur,Pointure,Menthe,2,25,8,1,13.5,,,,,,Sandales enfant,Enfant,Sandale,sunpatch enfant,sunpatch,menthe,25,,,,sunpatchenfant
280,Sunpatch,"Couleur:color:0, Pointure:select:1","Color:color:0, Size:select:1","Menthe:0, 26:1","Menthe:0, 26:1",,sunpatch-menthe-26,SUNPATCH-EN-ME26,Couleur:color:0,Pointure:select:1,Menthe:0,0,26:1,1,,,,,,https://cata.meduse.co/enfants/sandales/sunpatch/menthe/sandales-enfant-sunpatch-menthe-cote.jpg,1,,,,,280,Sunpatch,,sunpatch-menthe-26,Couleur,Pointure,Menthe,2,26,9,1,13.5,,,,,,Sandales enfant,Enfant,Sandale,sunpatch enfant,sunpatch,menthe,26,,,,sunpatchenfant
280,Sunpatch,"Couleur:color:0, Pointure:select:1","Color:color:0, Size:select:1","Menthe:0, 27:1","Menthe:0, 27:1",,sunpatch-menthe-27,SUNPATCH-EN-ME27,Couleur:color:0,Pointure:select:1,Menthe:0,0,27:1,1,,,,,,https://cata.meduse.co/enfants/sandales/sunpatch/menthe/sandales-enfant-sunpatch-menthe-cote.jpg,1,,,,,280,Sunpatch,,sunpatch-menthe-27,Couleur,Pointure,Menthe,2,27,10,1,13.5,,,,,,Sandales enfant,Enfant,Sandale,sunpatch enfant,sunpatch,menthe,27,,,,sunpatchenfant
280,Sunpatch,"Couleur:color:0, Pointure:select:1","Color:color:0, Size:select:1","Menthe:0, 28:1","Menthe:0, 28:1",,sunpatch-menthe-28,SUNPATCH-EN-ME28,Couleur:color:0,Pointure:select:1,Menthe:0,3,28:1,1,,,,,,https://cata.meduse.co/enfants/sandales/sunpatch/menthe/sandales-enfant-sunpatch-menthe-cote.jpg,1,,,,,280,Sunpatch,,sunpatch-menthe-28,Couleur,Pointure,Menthe,2,28,11,1,16.5,,,,,,Sandales enfant,Enfant,Sandale,sunpatch enfant,sunpatch,menthe,28,,,,sunpatchenfant
280,Sunpatch,"Couleur:color:0, Pointure:select:1","Color:color:0, Size:select:1","Menthe:0, 29:1","Menthe:0, 29:1",,sunpatch-menthe-29,SUNPATCH-EN-ME29,Couleur:color:0,Pointure:select:1,Menthe:0,3,29:1,1,,,,,,https://cata.meduse.co/enfants/sandales/sunpatch/menthe/sandales-enfant-sunpatch-menthe-cote.jpg,1,,,,,280,Sunpatch,,sunpatch-menthe-29,Couleur,Pointure,Menthe,2,29,12,1,16.5,,,,,,Sandales enfant,Enfant,Sandale,sunpatch enfant,sunpatch,menthe,29,,,,sunpatchenfant
280,Sunpatch,"Couleur:color:0, Pointure:select:1","Color:color:0, Size:select:1","Menthe:0, 30:1","Menthe:0, 30:1",,sunpatch-menthe-30,SUNPATCH-EN-ME30,Couleur:color:0,Pointure:select:1,Menthe:0,3,30:1,1,,,,,,https://cata.meduse.co/enfants/sandales/sunpatch/menthe/sandales-enfant-sunpatch-menthe-cote.jpg,1,,,,,280,Sunpatch,,sunpatch-menthe-30,Couleur,Pointure,Menthe,2,30,13,1,16.5,,,,,,Sandales enfant,Enfant,Sandale,sunpatch enfant,sunpatch,menthe,30,,,,sunpatchenfant
280,Sunpatch,"Couleur:color:0, Pointure:select:1","Color:color:0, Size:select:1","Menthe:0, 31:1","Menthe:0, 31:1",,sunpatch-menthe-31,SUNPATCH-EN-ME31,Couleur:color:0,Pointure:select:1,Menthe:0,3,31:1,1,,,,,,https://cata.meduse.co/enfants/sandales/sunpatch/menthe/sandales-enfant-sunpatch-menthe-cote.jpg,1,,,,,280,Sunpatch,,sunpatch-menthe-31,Couleur,Pointure,Menthe,2,31,14,1,16.5,,,,,,Sandales enfant,Enfant,Sandale,sunpatch enfant,sunpatch,menthe,31,,,,sunpatchenfant
280,Sunpatch,"Couleur:color:0, Pointure:select:1","Color:color:0, Size:select:1","Menthe:0, 32:1","Menthe:0, 32:1",,sunpatch-menthe-32,SUNPATCH-EN-ME32,Couleur:color:0,Pointure:select:1,Menthe:0,3,32:1,1,,,,,,https://cata.meduse.co/enfants/sandales/sunpatch/menthe/sandales-enfant-sunpatch-menthe-cote.jpg,1,,,,,280,Sunpatch,,sunpatch-menthe-32,Couleur,Pointure,Menthe,2,32,15,1,16.5,,,,,,Sandales enfant,Enfant,Sandale,sunpatch enfant,sunpatch,menthe,32,,,,sunpatchenfant
280,Sunpatch,"Couleur:color:0, Pointure:select:1","Color:color:0, Size:select:1","Menthe:0, 33:1","Menthe:0, 33:1",,sunpatch-menthe-33,SUNPATCH-EN-ME33,Couleur:color:0,Pointure:select:1,Menthe:0,3,33:1,1,,,,,,https://cata.meduse.co/enfants/sandales/sunpatch/menthe/sandales-enfant-sunpatch-menthe-cote.jpg,1,,,,,280,Sunpatch,,sunpatch-menthe-33,Couleur,Pointure,Menthe,2,33,16,1,16.5,,,,,,Sandales enfant,Enfant,Sandale,sunpatch enfant,sunpatch,menthe,33,,,,sunpatchenfant
280,Sunpatch,"Couleur:color:0, Pointure:select:1","Color:color:0, Size:select:1","Menthe:0, 34:1","Menthe:0, 34:1",,sunpatch-menthe-34,SUNPATCH-EN-ME34,Couleur:color:0,Pointure:select:1,Menthe:0,3,34:1,1,,,,,,https://cata.meduse.co/enfants/sandales/sunpatch/menthe/sandales-enfant-sunpatch-menthe-cote.jpg,1,,,,,280,Sunpatch,,sunpatch-menthe-34,Couleur,Pointure,Menthe,2,34,17,1,16.5,,,,,,Sandales enfant,Enfant,Sandale,sunpatch enfant,sunpatch,menthe,34,,,,sunpatchenfant
281,Sunray,"Couleur:color:0, Pointure:select:1","Color:color:0, Size:select:1","Carmin:0, 35:1","Carmin:0, 35:1",,sunray-carmin-35,SUNRAY-FE-CA35,Couleur:color:0,Pointure:select:1,Carmin:0,9,35:1,1,,,,,,https://cata.meduse.co/femmes/sandales/sunray/carmin/sandales-femme-sunray-carmin-cote.jpg,1,,,,,281,Sunray,,sunray-carmin-35,Couleur,Pointure,Carmin,1,35,18,1,21,,,,,,Sandales femme,Femme,Sandale,sunray femme,sunray,carmin,35,,,,sunrayfemme
281,Sunray,"Couleur:color:0, Pointure:select:1","Color:color:0, Size:select:1","Carmin:0, 36:1","Carmin:0, 36:1",,sunray-carmin-36,SUNRAY-FE-CA36,Couleur:color:0,Pointure:select:1,Carmin:0,9,36:1,1,,,,,,https://cata.meduse.co/femmes/sandales/sunray/carmin/sandales-femme-sunray-carmin-cote.jpg,1,,,,,281,Sunray,,sunray-carmin-36,Couleur,Pointure,Carmin,1,36,19,1,21,,,,,,Sandales femme,Femme,Sandale,sunray femme,sunray,carmin,36,,,,sunrayfemme
281,Sunray,"Couleur:color:0, Pointure:select:1","Color:color:0, Size:select:1","Carmin:0, 37:1","Carmin:0, 37:1",,sunray-carmin-37,SUNRAY-FE-CA37,Couleur:color:0,Pointure:select:1,Carmin:0,9,37:1,1,,,,,,https://cata.meduse.co/femmes/sandales/sunray/carmin/sandales-femme-sunray-carmin-cote.jpg,1,,,,,281,Sunray,,sunray-carmin-37,Couleur,Pointure,Carmin,1,37,20,1,21,,,,,,Sandales femme,Femme,Sandale,sunray femme,sunray,carmin,37,,,,sunrayfemme
281,Sunray,"Couleur:color:0, Pointure:select:1","Color:color:0, Size:select:1","Carmin:0, 38:1","Carmin:0, 38:1",,sunray-carmin-38,SUNRAY-FE-CA38,Couleur:color:0,Pointure:select:1,Carmin:0,9,38:1,1,,,,,,https://cata.meduse.co/femmes/sandales/sunray/carmin/sandales-femme-sunray-carmin-cote.jpg,1,,,,,281,Sunray,,sunray-carmin-38,Couleur,Pointure,Carmin,1,38,21,1,21,,,,,,Sandales femme,Femme,Sandale,sunray femme,sunray,carmin,38,,,,sunrayfemme
281,Sunray,"Couleur:color:0, Pointure:select:1","Color:color:0, Size:select:1","Carmin:0, 39:1","Carmin:0, 39:1",,sunray-carmin-39,SUNRAY-FE-CA39,Couleur:color:0,Pointure:select:1,Carmin:0,9,39:1,1,,,,,,https://cata.meduse.co/femmes/sandales/sunray/carmin/sandales-femme-sunray-carmin-cote.jpg,1,,,,,281,Sunray,,sunray-carmin-39,Couleur,Pointure,Carmin,1,39,22,1,21,,,,,,Sandales femme,Femme,Sandale,sunray femme,sunray,carmin,39,,,,sunrayfemme
281,Sunray,"Couleur:color:0, Pointure:select:1","Color:color:0, Size:select:1","Carmin:0, 40:1","Carmin:0, 40:1",,sunray-carmin-40,SUNRAY-FE-CA40,Couleur:color:0,Pointure:select:1,Carmin:0,9,40:1,1,,,,,,https://cata.meduse.co/femmes/sandales/sunray/carmin/sandales-femme-sunray-carmin-cote.jpg,1,,,,,281,Sunray,,sunray-carmin-40,Couleur,Pointure,Carmin,1,40,23,1,21,,,,,,Sandales femme,Femme,Sandale,sunray femme,sunray,carmin,40,,,,sunrayfemme
281,Sunray,"Couleur:color:0, Pointure:select:1","Color:color:0, Size:select:1","Carmin:0, 41:1","Carmin:0, 41:1",,sunray-carmin-41,SUNRAY-FE-CA41,Couleur:color:0,Pointure:select:1,Carmin:0,9,41:1,1,,,,,,https://cata.meduse.co/femmes/sandales/sunray/carmin/sandales-femme-sunray-carmin-cote.jpg,1,,,,,281,Sunray,,sunray-carmin-41,Couleur,Pointure,Carmin,1,41,24,1,21,,,,,,Sandales femme,Femme,Sandale,sunray femme,sunray,carmin,41,,,,sunrayfemme
281,Sunray,"Couleur:color:0, Pointure:select:1","Color:color:0, Size:select:1","Carmin:0, 42:1","Carmin:0, 42:1",,sunray-carmin-42,SUNRAY-FE-CA42,Couleur:color:0,Pointure:select:1,Carmin:0,9,42:1,1,,,,,,https://cata.meduse.co/femmes/sandales/sunray/carmin/sandales-femme-sunray-carmin-cote.jpg,1,,,,,281,Sunray,,sunray-carmin-42,Couleur,Pointure,Carmin,1,42,25,1,21,,,,,,Sandales femme,Femme,Sandale,sunray femme,sunray,carmin,42,,,,sunrayfemme
281,Sunray,"Couleur:color:0, Pointure:select:1","Color:color:0, Size:select:1","Marine:0, 35:1","Marine:0, 35:1",,sunray-marine-35,SUNRAY-FE-MA35,Couleur:color:0,Pointure:select:1,Marine:0,9,35:1,1,,,,,,https://cata.meduse.co/femmes/sandales/sunray/marine/sandales-femme-sunray-marine-cote.jpg,1,,,,,281,Sunray,,sunray-marine-35,Couleur,Pointure,Marine,2,35,18,1,21,,,,,,Sandales femme,Femme,Sandale,sunray femme,sunray,marine,35,,,,sunrayfemme
281,Sunray,"Couleur:color:0, Pointure:select:1","Color:color:0, Size:select:1","Marine:0, 36:1","Marine:0, 36:1",,sunray-marine-36,SUNRAY-FE-MA36,Couleur:color:0,Pointure:select:1,Marine:0,9,36:1,1,,,,,,https://cata.meduse.co/femmes/sandales/sunray/marine/sandales-femme-sunray-marine-cote.jpg,1,,,,,281,Sunray,,sunray-marine-36,Couleur,Pointure,Marine,2,36,19,1,21,,,,,,Sandales femme,Femme,Sandale,sunray femme,sunray,marine,36,,,,sunrayfemme
281,Sunray,"Couleur:color:0, Pointure:select:1","Color:color:0, Size:select:1","Marine:0, 37:1","Marine:0, 37:1",,sunray-marine-37,SUNRAY-FE-MA37,Couleur:color:0,Pointure:select:1,Marine:0,9,37:1,1,,,,,,https://cata.meduse.co/femmes/sandales/sunray/marine/sandales-femme-sunray-marine-cote.jpg,1,,,,,281,Sunray,,sunray-marine-37,Couleur,Pointure,Marine,2,37,20,1,21,,,,,,Sandales femme,Femme,Sandale,sunray femme,sunray,marine,37,,,,sunrayfemme
281,Sunray,"Couleur:color:0, Pointure:select:1","Color:color:0, Size:select:1","Marine:0, 38:1","Marine:0, 38:1",,sunray-marine-38,SUNRAY-FE-MA38,Couleur:color:0,Pointure:select:1,Marine:0,9,38:1,1,,,,,,https://cata.meduse.co/femmes/sandales/sunray/marine/sandales-femme-sunray-marine-cote.jpg,1,,,,,281,Sunray,,sunray-marine-38,Couleur,Pointure,Marine,2,38,21,1,21,,,,,,Sandales femme,Femme,Sandale,sunray femme,sunray,marine,38,,,,sunrayfemme
281,Sunray,"Couleur:color:0, Pointure:select:1","Color:color:0, Size:select:1","Marine:0, 39:1","Marine:0, 39:1",,sunray-marine-39,SUNRAY-FE-MA39,Couleur:color:0,Pointure:select:1,Marine:0,9,39:1,1,,,,,,https://cata.meduse.co/femmes/sandales/sunray/marine/sandales-femme-sunray-marine-cote.jpg,1,,,,,281,Sunray,,sunray-marine-39,Couleur,Pointure,Marine,2,39,22,1,21,,,,,,Sandales femme,Femme,Sandale,sunray femme,sunray,marine,39,,,,sunrayfemme
281,Sunray,"Couleur:color:0, Pointure:select:1","Color:color:0, Size:select:1","Marine:0, 40:1","Marine:0, 40:1",,sunray-marine-40,SUNRAY-FE-MA40,Couleur:color:0,Pointure:select:1,Marine:0,9,40:1,1,,,,,,https://cata.meduse.co/femmes/sandales/sunray/marine/sandales-femme-sunray-marine-cote.jpg,1,,,,,281,Sunray,,sunray-marine-40,Couleur,Pointure,Marine,2,40,23,1,21,,,,,,Sandales femme,Femme,Sandale,sunray femme,sunray,marine,40,,,,sunrayfemme
281,Sunray,"Couleur:color:0, Pointure:select:1","Color:color:0, Size:select:1","Marine:0, 41:1","Marine:0, 41:1",,sunray-marine-41,SUNRAY-FE-MA41,Couleur:color:0,Pointure:select:1,Marine:0,9,41:1,1,,,,,,https://cata.meduse.co/femmes/sandales/sunray/marine/sandales-femme-sunray-marine-cote.jpg,1,,,,,281,Sunray,,sunray-marine-41,Couleur,Pointure,Marine,2,41,24,1,21,,,,,,Sandales femme,Femme,Sandale,sunray femme,sunray,marine,41,,,,sunrayfemme
281,Sunray,"Couleur:color:0, Pointure:select:1","Color:color:0, Size:select:1","Marine:0, 42:1","Marine:0, 42:1",,sunray-marine-42,SUNRAY-FE-MA42,Couleur:color:0,Pointure:select:1,Marine:0,9,42:1,1,,,,,,https://cata.meduse.co/femmes/sandales/sunray/marine/sandales-femme-sunray-marine-cote.jpg,1,,,,,281,Sunray,,sunray-marine-42,Couleur,Pointure,Marine,2,42,25,1,21,,,,,,Sandales femme,Femme,Sandale,sunray femme,sunray,marine,42,,,,sunrayfemme
282,Suntri,"Couleur:color:0, Pointure:select:1","Color:color:0, Size:select:1","Lagon:0, 35:1","Lagon:0, 35:1",,suntri-lagon-35,SUNTRI-FE-LA35,Couleur:color:0,Pointure:select:1,Lagon:0,6,35:1,1,,,,,,https://cata.meduse.co/femmes/sandales/suntri/lagon/sandales-femme-suntri-lagon-cote.jpg,1,,,,,282,Suntri,,suntri-lagon-35,Couleur,Pointure,Lagon,1,35,14,1,18,,,,,,Sandales femme,Femme,Sandale,suntri femme,suntri,lagon,35,,,,suntrifemme
282,Suntri,"Couleur:color:0, Pointure:select:1","Color:color:0, Size:select:1","Lagon:0, 36:1","Lagon:0, 36:1",,suntri-lagon-36,SUNTRI-FE-LA36,Couleur:color:0,Pointure:select:1,Lagon:0,6,36:1,1,,,,,,https://cata.meduse.co/femmes/sandales/suntri/lagon/sandales-femme-suntri-lagon-cote.jpg,1,,,,,282,Suntri,,suntri-lagon-36,Couleur,Pointure,Lagon,1,36,15,1,18,,,,,,Sandales femme,Femme,Sandale,suntri femme,suntri,lagon,36,,,,suntrifemme
282,Suntri,"Couleur:color:0, Pointure:select:1","Color:color:0, Size:select:1","Lagon:0, 37:1","Lagon:0, 37:1",,suntri-lagon-37,SUNTRI-FE-LA37,Couleur:color:0,Pointure:select:1,Lagon:0,6,37:1,1,,,,,,https://cata.meduse.co/femmes/sandales/suntri/lagon/sandales-femme-suntri-lagon-cote.jpg,1,,,,,282,Suntri,,suntri-lagon-37,Couleur,Pointure,Lagon,1,37,16,1,18,,,,,,Sandales femme,Femme,Sandale,suntri femme,suntri,lagon,37,,,,suntrifemme
282,Suntri,"Couleur:color:0, Pointure:select:1","Color:color:0, Size:select:1","Lagon:0, 38:1","Lagon:0, 38:1",,suntri-lagon-38,SUNTRI-FE-LA38,Couleur:color:0,Pointure:select:1,Lagon:0,6,38:1,1,,,,,,https://cata.meduse.co/femmes/sandales/suntri/lagon/sandales-femme-suntri-lagon-cote.jpg,1,,,,,282,Suntri,,suntri-lagon-38,Couleur,Pointure,Lagon,1,38,17,1,18,,,,,,Sandales femme,Femme,Sandale,suntri femme,suntri,lagon,38,,,,suntrifemme
282,Suntri,"Couleur:color:0, Pointure:select:1","Color:color:0, Size:select:1","Lagon:0, 39:1","Lagon:0, 39:1",,suntri-lagon-39,SUNTRI-FE-LA39,Couleur:color:0,Pointure:select:1,Lagon:0,6,39:1,1,,,,,,https://cata.meduse.co/femmes/sandales/suntri/lagon/sandales-femme-suntri-lagon-cote.jpg,1,,,,,282,Suntri,,suntri-lagon-39,Couleur,Pointure,Lagon,1,39,18,1,18,,,,,,Sandales femme,Femme,Sandale,suntri femme,suntri,lagon,39,,,,suntrifemme
282,Suntri,"Couleur:color:0, Pointure:select:1","Color:color:0, Size:select:1","Lagon:0, 40:1","Lagon:0, 40:1",,suntri-lagon-40,SUNTRI-FE-LA40,Couleur:color:0,Pointure:select:1,Lagon:0,6,40:1,1,,,,,,https://cata.meduse.co/femmes/sandales/suntri/lagon/sandales-femme-suntri-lagon-cote.jpg,1,,,,,282,Suntri,,suntri-lagon-40,Couleur,Pointure,Lagon,1,40,19,1,18,,,,,,Sandales femme,Femme,Sandale,suntri femme,suntri,lagon,40,,,,suntrifemme
282,Suntri,"Couleur:color:0, Pointure:select:1","Color:color:0, Size:select:1","Lagon:0, 41:1","Lagon:0, 41:1",,suntri-lagon-41,SUNTRI-FE-LA41,Couleur:color:0,Pointure:select:1,Lagon:0,6,41:1,1,,,,,,https://cata.meduse.co/femmes/sandales/suntri/lagon/sandales-femme-suntri-lagon-cote.jpg,1,,,,,282,Suntri,,suntri-lagon-41,Couleur,Pointure,Lagon,1,41,20,1,18,,,,,,Sandales femme,Femme,Sandale,suntri femme,suntri,lagon,41,,,,suntrifemme
282,Suntri,"Couleur:color:0, Pointure:select:1","Color:color:0, Size:select:1","Lagon:0, 42:1","Lagon:0, 42:1",,suntri-lagon-42,SUNTRI-FE-LA42,Couleur:color:0,Pointure:select:1,Lagon:0,6,42:1,1,,,,,,https://cata.meduse.co/femmes/sandales/suntri/lagon/sandales-femme-suntri-lagon-cote.jpg,1,,,,,282,Suntri,,suntri-lagon-42,Couleur,Pointure,Lagon,1,42,21,1,18,,,,,,Sandales femme,Femme,Sandale,suntri femme,suntri,lagon,42,,,,suntrifemme
282,Suntri,"Couleur:color:0, Pointure:select:1","Color:color:0, Size:select:1","Rasta:0, 35:1","Rasta:0, 35:1",,suntri-rasta-35,SUNTRI-FE-RA35,Couleur:color:0,Pointure:select:1,Rasta:0,6,35:1,1,,,,,,https://cata.meduse.co/femmes/sandales/suntri/rasta/sandales-femme-suntri-rasta-cote.jpg,1,,,,,282,Suntri,,suntri-rasta-35,Couleur,Pointure,Rasta,2,35,14,1,18,,,,,,Sandales femme,Femme,Sandale,suntri femme,suntri,rasta,35,,,,suntrifemme
282,Suntri,"Couleur:color:0, Pointure:select:1","Color:color:0, Size:select:1","Rasta:0, 36:1","Rasta:0, 36:1",,suntri-rasta-36,SUNTRI-FE-RA36,Couleur:color:0,Pointure:select:1,Rasta:0,6,36:1,1,,,,,,https://cata.meduse.co/femmes/sandales/suntri/rasta/sandales-femme-suntri-rasta-cote.jpg,1,,,,,282,Suntri,,suntri-rasta-36,Couleur,Pointure,Rasta,2,36,15,1,18,,,,,,Sandales femme,Femme,Sandale,suntri femme,suntri,rasta,36,,,,suntrifemme
282,Suntri,"Couleur:color:0, Pointure:select:1","Color:color:0, Size:select:1","Rasta:0, 37:1","Rasta:0, 37:1",,suntri-rasta-37,SUNTRI-FE-RA37,Couleur:color:0,Pointure:select:1,Rasta:0,6,37:1,1,,,,,,https://cata.meduse.co/femmes/sandales/suntri/rasta/sandales-femme-suntri-rasta-cote.jpg,1,,,,,282,Suntri,,suntri-rasta-37,Couleur,Pointure,Rasta,2,37,16,1,18,,,,,,Sandales femme,Femme,Sandale,suntri femme,suntri,rasta,37,,,,suntrifemme
282,Suntri,"Couleur:color:0, Pointure:select:1","Color:color:0, Size:select:1","Rasta:0, 38:1","Rasta:0, 38:1",,suntri-rasta-38,SUNTRI-FE-RA38,Couleur:color:0,Pointure:select:1,Rasta:0,6,38:1,1,,,,,,https://cata.meduse.co/femmes/sandales/suntri/rasta/sandales-femme-suntri-rasta-cote.jpg,1,,,,,282,Suntri,,suntri-rasta-38,Couleur,Pointure,Rasta,2,38,17,1,18,,,,,,Sandales femme,Femme,Sandale,suntri femme,suntri,rasta,38,,,,suntrifemme
282,Suntri,"Couleur:color:0, Pointure:select:1","Color:color:0, Size:select:1","Rasta:0, 39:1","Rasta:0, 39:1",,suntri-rasta-39,SUNTRI-FE-RA39,Couleur:color:0,Pointure:select:1,Rasta:0,6,39:1,1,,,,,,https://cata.meduse.co/femmes/sandales/suntri/rasta/sandales-femme-suntri-rasta-cote.jpg,1,,,,,282,Suntri,,suntri-rasta-39,Couleur,Pointure,Rasta,2,39,18,1,18,,,,,,Sandales femme,Femme,Sandale,suntri femme,suntri,rasta,39,,,,suntrifemme
282,Suntri,"Couleur:color:0, Pointure:select:1","Color:color:0, Size:select:1","Rasta:0, 40:1","Rasta:0, 40:1",,suntri-rasta-40,SUNTRI-FE-RA40,Couleur:color:0,Pointure:select:1,Rasta:0,6,40:1,1,,,,,,https://cata.meduse.co/femmes/sandales/suntri/rasta/sandales-femme-suntri-rasta-cote.jpg,1,,,,,282,Suntri,,suntri-rasta-40,Couleur,Pointure,Rasta,2,40,19,1,18,,,,,,Sandales femme,Femme,Sandale,suntri femme,suntri,rasta,40,,,,suntrifemme
282,Suntri,"Couleur:color:0, Pointure:select:1","Color:color:0, Size:select:1","Rasta:0, 41:1","Rasta:0, 41:1",,suntri-rasta-41,SUNTRI-FE-RA41,Couleur:color:0,Pointure:select:1,Rasta:0,6,41:1,1,,,,,,https://cata.meduse.co/femmes/sandales/suntri/rasta/sandales-femme-suntri-rasta-cote.jpg,1,,,,,282,Suntri,,suntri-rasta-41,Couleur,Pointure,Rasta,2,41,20,1,18,,,,,,Sandales femme,Femme,Sandale,suntri femme,suntri,rasta,41,,,,suntrifemme
282,Suntri,"Couleur:color:0, Pointure:select:1","Color:color:0, Size:select:1","Rasta:0, 42:1","Rasta:0, 42:1",,suntri-rasta-42,SUNTRI-FE-RA42,Couleur:color:0,Pointure:select:1,Rasta:0,6,42:1,1,,,,,,https://cata.meduse.co/femmes/sandales/suntri/rasta/sandales-femme-suntri-rasta-cote.jpg,1,,,,,282,Suntri,,suntri-rasta-42,Couleur,Pointure,Rasta,2,42,21,1,18,,,,,,Sandales femme,Femme,Sandale,suntri femme,suntri,rasta,42,,,,suntrifemme
282,Suntri,"Couleur:color:0, Pointure:select:1","Color:color:0, Size:select:1","Violine:0, 35:1","Violine:0, 35:1",,suntri-violine-35,SUNTRI-FE-VI35,Couleur:color:0,Pointure:select:1,Violine:0,6,35:1,1,,,,,,https://cata.meduse.co/femmes/sandales/suntri/violine/sandales-femme-suntri-violine-cote.jpg,1,,,,,282,Suntri,,suntri-violine-35,Couleur,Pointure,Violine,3,35,14,1,18,,,,,,Sandales femme,Femme,Sandale,suntri femme,suntri,violine,35,,,,suntrifemme
282,Suntri,"Couleur:color:0, Pointure:select:1","Color:color:0, Size:select:1","Violine:0, 36:1","Violine:0, 36:1",,suntri-violine-36,SUNTRI-FE-VI36,Couleur:color:0,Pointure:select:1,Violine:0,6,36:1,1,,,,,,https://cata.meduse.co/femmes/sandales/suntri/violine/sandales-femme-suntri-violine-cote.jpg,1,,,,,282,Suntri,,suntri-violine-36,Couleur,Pointure,Violine,3,36,15,1,18,,,,,,Sandales femme,Femme,Sandale,suntri femme,suntri,violine,36,,,,suntrifemme
282,Suntri,"Couleur:color:0, Pointure:select:1","Color:color:0, Size:select:1","Violine:0, 37:1","Violine:0, 37:1",,suntri-violine-37,SUNTRI-FE-VI37,Couleur:color:0,Pointure:select:1,Violine:0,6,37:1,1,,,,,,https://cata.meduse.co/femmes/sandales/suntri/violine/sandales-femme-suntri-violine-cote.jpg,1,,,,,282,Suntri,,suntri-violine-37,Couleur,Pointure,Violine,3,37,16,1,18,,,,,,Sandales femme,Femme,Sandale,suntri femme,suntri,violine,37,,,,suntrifemme
282,Suntri,"Couleur:color:0, Pointure:select:1","Color:color:0, Size:select:1","Violine:0, 38:1","Violine:0, 38:1",,suntri-violine-38,SUNTRI-FE-VI38,Couleur:color:0,Pointure:select:1,Violine:0,6,38:1,1,,,,,,https://cata.meduse.co/femmes/sandales/suntri/violine/sandales-femme-suntri-violine-cote.jpg,1,,,,,282,Suntri,,suntri-violine-38,Couleur,Pointure,Violine,3,38,17,1,18,,,,,,Sandales femme,Femme,Sandale,suntri femme,suntri,violine,38,,,,suntrifemme
282,Suntri,"Couleur:color:0, Pointure:select:1","Color:color:0, Size:select:1","Violine:0, 39:1","Violine:0, 39:1",,suntri-violine-39,SUNTRI-FE-VI39,Couleur:color:0,Pointure:select:1,Violine:0,6,39:1,1,,,,,,https://cata.meduse.co/femmes/sandales/suntri/violine/sandales-femme-suntri-violine-cote.jpg,1,,,,,282,Suntri,,suntri-violine-39,Couleur,Pointure,Violine,3,39,18,1,18,,,,,,Sandales femme,Femme,Sandale,suntri femme,suntri,violine,39,,,,suntrifemme
282,Suntri,"Couleur:color:0, Pointure:select:1","Color:color:0, Size:select:1","Violine:0, 40:1","Violine:0, 40:1",,suntri-violine-40,SUNTRI-FE-VI40,Couleur:color:0,Pointure:select:1,Violine:0,6,40:1,1,,,,,,https://cata.meduse.co/femmes/sandales/suntri/violine/sandales-femme-suntri-violine-cote.jpg,1,,,,,282,Suntri,,suntri-violine-40,Couleur,Pointure,Violine,3,40,19,1,18,,,,,,Sandales femme,Femme,Sandale,suntri femme,suntri,violine,40,,,,suntrifemme
282,Suntri,"Couleur:color:0, Pointure:select:1","Color:color:0, Size:select:1","Violine:0, 41:1","Violine:0, 41:1",,suntri-violine-41,SUNTRI-FE-VI41,Couleur:color:0,Pointure:select:1,Violine:0,6,41:1,1,,,,,,https://cata.meduse.co/femmes/sandales/suntri/violine/sandales-femme-suntri-violine-cote.jpg,1,,,,,282,Suntri,,suntri-violine-41,Couleur,Pointure,Violine,3,41,20,1,18,,,,,,Sandales femme,Femme,Sandale,suntri femme,suntri,violine,41,,,,suntrifemme
282,Suntri,"Couleur:color:0, Pointure:select:1","Color:color:0, Size:select:1","Violine:0, 42:1","Violine:0, 42:1",,suntri-violine-42,SUNTRI-FE-VI42,Couleur:color:0,Pointure:select:1,Violine:0,6,42:1,1,,,,,,https://cata.meduse.co/femmes/sandales/suntri/violine/sandales-femme-suntri-violine-cote.jpg,1,,,,,282,Suntri,,suntri-violine-42,Couleur,Pointure,Violine,3,42,21,1,18,,,,,,Sandales femme,Femme,Sandale,suntri femme,suntri,violine,42,,,,suntrifemme
283,Mambo,"Couleur:color:0, Pointure:select:1","Color:color:0, Size:select:1","Dor paillet:0, 36:1","Dor paillet:0, 36:1",,mambo-dor-paillet-36,MAMBO-FE-DOPA36,Couleur:color:0,Pointure:select:1,Dor paillet:0,0,36:1,1,,,,,,https://cata.meduse.co/femmes/sandales/mambo/dore-paillete/sandales-femme-mambo-dore-paillete-cote.jpg,1,,,,,283,Mambo,,mambo-dor-paillet-36,Couleur,Pointure,Dor paillet,1,36,1,1,21,,,,,,Sandales femme,Femme,Sandale,mambo femme,mambo,dor,paillet,36,,,mambofemme
283,Mambo,"Couleur:color:0, Pointure:select:1","Color:color:0, Size:select:1","Dor paillet:0, 38:1","Dor paillet:0, 38:1",,mambo-dor-paillet-36,MAMBO-FE-DOPA36,Couleur:color:0,Pointure:select:1,Dor paillet:0,0,38:1,1,,,,,,https://cata.meduse.co/femmes/sandales/mambo/dore-paillete/sandales-femme-mambo-dore-paillete-cote.jpg,1,,,,,283,Mambo,,mambo-dor-paillet-36,Couleur,Pointure,Dor paillet,1,38,2,1,21,,,,,,Sandales femme,Femme,Sandale,mambo femme,mambo,dor,paillet,36,,,mambofemme
283,Mambo,"Couleur:color:0, Pointure:select:1","Color:color:0, Size:select:1","Dor paillet:0, 40:1","Dor paillet:0, 40:1",,mambo-dor-paillet-36,MAMBO-FE-DOPA36,Couleur:color:0,Pointure:select:1,Dor paillet:0,0,40:1,1,,,,,,https://cata.meduse.co/femmes/sandales/mambo/dore-paillete/sandales-femme-mambo-dore-paillete-cote.jpg,1,,,,,283,Mambo,,mambo-dor-paillet-36,Couleur,Pointure,Dor paillet,1,40,3,1,21,,,,,,Sandales femme,Femme,Sandale,mambo femme,mambo,dor,paillet,36,,,mambofemme
283,Mambo,"Couleur:color:0, Pointure:select:1","Color:color:0, Size:select:1","Rose pastel:0, 36:1","Rose pastel:0, 36:1",,mambo-rose-pastel-36,MAMBO-FE-ROPA36,Couleur:color:0,Pointure:select:1,Rose pastel:0,0,36:1,1,,,,,,https://cata.meduse.co/femmes/sandales/mambo/rose-pastel/sandales-femme-mambo-rose-pastel-cote.jpg,1,,,,,283,Mambo,,mambo-rose-pastel-36,Couleur,Pointure,Rose pastel,2,36,1,1,21,,,,,,Sandales femme,Femme,Sandale,mambo femme,mambo,rose,pastel,36,,,mambofemme
283,Mambo,"Couleur:color:0, Pointure:select:1","Color:color:0, Size:select:1","Rose pastel:0, 38:1","Rose pastel:0, 38:1",,mambo-rose-pastel-38,MAMBO-FE-ROPA38,Couleur:color:0,Pointure:select:1,Rose pastel:0,0,38:1,1,,,,,,https://cata.meduse.co/femmes/sandales/mambo/rose-pastel/sandales-femme-mambo-rose-pastel-cote.jpg,1,,,,,283,Mambo,,mambo-rose-pastel-38,Couleur,Pointure,Rose pastel,2,38,2,1,21,,,,,,Sandales femme,Femme,Sandale,mambo femme,mambo,rose,pastel,38,,,mambofemme
283,Mambo,"Couleur:color:0, Pointure:select:1","Color:color:0, Size:select:1","Rose pastel:0, 40:1","Rose pastel:0, 40:1",,mambo-rose-pastel-40,MAMBO-FE-ROPA40,Couleur:color:0,Pointure:select:1,Rose pastel:0,0,40:1,1,,,,,,https://cata.meduse.co/femmes/sandales/mambo/rose-pastel/sandales-femme-mambo-rose-pastel-cote.jpg,1,,,,,283,Mambo,,mambo-rose-pastel-40,Couleur,Pointure,Rose pastel,2,40,3,1,21,,,,,,Sandales femme,Femme,Sandale,mambo femme,mambo,rose,pastel,40,,,mambofemme
285,Jomarin,"Couleur:color:0, Pointure:select:1","Color:color:0, Size:select:1","Marine/Blanc:0, 40:1","Marine/Blanc:0, 40:1",,jomarin-marine-blanc-40,JOMARIN-HO-MABL40,Couleur:color:0,Pointure:select:1,Marine-Blanc:0,0,40:1,1,,,,,,https://cata.meduse.co/hommes/bottines/jomarin/marine-blanc/bottines-homme-jomarin-marine-blanc-cote.jpg,1,,,,,285,Jomarin,,jomarin-marine-blanc-40,Couleur,Pointure,Marine/Blanc,1,40,1,1,51,,,,,,Bottines homme,Homme,Bottine,jomarin homme,jomarin,marine,blanc,40,,,jomarinhomme
285,Jomarin,"Couleur:color:0, Pointure:select:1","Color:color:0, Size:select:1","Marine/Blanc:0, 41:1","Marine/Blanc:0, 41:1",,jomarin-marine-blanc-41,JOMARIN-HO-MABL41,Couleur:color:0,Pointure:select:1,Marine-Blanc:0,0,41:1,1,,,,,,https://cata.meduse.co/hommes/bottines/jomarin/marine-blanc/bottines-homme-jomarin-marine-blanc-cote.jpg,1,,,,,285,Jomarin,,jomarin-marine-blanc-41,Couleur,Pointure,Marine/Blanc,1,41,2,1,51,,,,,,Bottines homme,Homme,Bottine,jomarin homme,jomarin,marine,blanc,41,,,jomarinhomme
285,Jomarin,"Couleur:color:0, Pointure:select:1","Color:color:0, Size:select:1","Marine/Blanc:0, 42:1","Marine/Blanc:0, 42:1",,jomarin-marine-blanc-42,JOMARIN-HO-MABL42,Couleur:color:0,Pointure:select:1,Marine-Blanc:0,0,42:1,1,,,,,,https://cata.meduse.co/hommes/bottines/jomarin/marine-blanc/bottines-homme-jomarin-marine-blanc-cote.jpg,1,,,,,285,Jomarin,,jomarin-marine-blanc-42,Couleur,Pointure,Marine/Blanc,1,42,3,1,51,,,,,,Bottines homme,Homme,Bottine,jomarin homme,jomarin,marine,blanc,42,,,jomarinhomme
285,Jomarin,"Couleur:color:0, Pointure:select:1","Color:color:0, Size:select:1","Marine/Blanc:0, 43:1","Marine/Blanc:0, 43:1",,jomarin-marine-blanc-43,JOMARIN-HO-MABL43,Couleur:color:0,Pointure:select:1,Marine-Blanc:0,0,43:1,1,,,,,,https://cata.meduse.co/hommes/bottines/jomarin/marine-blanc/bottines-homme-jomarin-marine-blanc-cote.jpg,1,,,,,285,Jomarin,,jomarin-marine-blanc-43,Couleur,Pointure,Marine/Blanc,1,43,4,1,51,,,,,,Bottines homme,Homme,Bottine,jomarin homme,jomarin,marine,blanc,43,,,jomarinhomme
285,Jomarin,"Couleur:color:0, Pointure:select:1","Color:color:0, Size:select:1","Marine/Blanc:0, 44:1","Marine/Blanc:0, 44:1",,jomarin-marine-blanc-44,JOMARIN-HO-MABL44,Couleur:color:0,Pointure:select:1,Marine-Blanc:0,0,44:1,1,,,,,,https://cata.meduse.co/hommes/bottines/jomarin/marine-blanc/bottines-homme-jomarin-marine-blanc-cote.jpg,1,,,,,285,Jomarin,,jomarin-marine-blanc-44,Couleur,Pointure,Marine/Blanc,1,44,5,1,51,,,,,,Bottines homme,Homme,Bottine,jomarin homme,jomarin,marine,blanc,44,,,jomarinhomme
285,Jomarin,"Couleur:color:0, Pointure:select:1","Color:color:0, Size:select:1","Marine/Blanc:0, 45:1","Marine/Blanc:0, 45:1",,jomarin-marine-blanc-45,JOMARIN-HO-MABL45,Couleur:color:0,Pointure:select:1,Marine-Blanc:0,0,45:1,1,,,,,,https://cata.meduse.co/hommes/bottines/jomarin/marine-blanc/bottines-homme-jomarin-marine-blanc-cote.jpg,1,,,,,285,Jomarin,,jomarin-marine-blanc-45,Couleur,Pointure,Marine/Blanc,1,45,6,1,51,,,,,,Bottines homme,Homme,Bottine,jomarin homme,jomarin,marine,blanc,45,,,jomarinhomme
286,Sunray,"Couleur:color:0, Pointure:select:1","Color:color:0, Size:select:1","Carmin:0, 18:1","Carmin:0, 18:1",,sunray-carmin-18,SUNRAY-EN-CA18,Couleur:color:0,Pointure:select:1,Carmin:0,0,18:1,1,,,,,,https://cata.meduse.co/enfants/sandales/sunray/carmin/sandales-enfant-sunray-carmin-cote.jpg,1,,,,,281,Sunray,,sunray-carmin-18,Couleur,Pointure,Carmin,1,18,1,1,12,,,,,,Sandales enfant,Enfant,Sandale,sunray enfant,sunray,carmin,18,,,,sunrayenfant
286,Sunray,"Couleur:color:0, Pointure:select:1","Color:color:0, Size:select:1","Carmin:0, 19:1","Carmin:0, 19:1",,sunray-carmin-19,SUNRAY-EN-CA19,Couleur:color:0,Pointure:select:1,Carmin:0,0,19:1,1,,,,,,https://cata.meduse.co/enfants/sandales/sunray/carmin/sandales-enfant-sunray-carmin-cote.jpg,1,,,,,281,Sunray,,sunray-carmin-19,Couleur,Pointure,Carmin,1,19,2,1,12,,,,,,Sandales enfant,Enfant,Sandale,sunray enfant,sunray,carmin,19,,,,sunrayenfant
286,Sunray,"Couleur:color:0, Pointure:select:1","Color:color:0, Size:select:1","Carmin:0, 20:1","Carmin:0, 20:1",,sunray-carmin-20,SUNRAY-EN-CA20,Couleur:color:0,Pointure:select:1,Carmin:0,0,20:1,1,,,,,,https://cata.meduse.co/enfants/sandales/sunray/carmin/sandales-enfant-sunray-carmin-cote.jpg,1,,,,,281,Sunray,,sunray-carmin-20,Couleur,Pointure,Carmin,1,20,3,1,12,,,,,,Sandales enfant,Enfant,Sandale,sunray enfant,sunray,carmin,20,,,,sunrayenfant
286,Sunray,"Couleur:color:0, Pointure:select:1","Color:color:0, Size:select:1","Carmin:0, 21:1","Carmin:0, 21:1",,sunray-carmin-21,SUNRAY-EN-CA21,Couleur:color:0,Pointure:select:1,Carmin:0,0,21:1,1,,,,,,https://cata.meduse.co/enfants/sandales/sunray/carmin/sandales-enfant-sunray-carmin-cote.jpg,1,,,,,281,Sunray,,sunray-carmin-21,Couleur,Pointure,Carmin,1,21,4,1,12,,,,,,Sandales enfant,Enfant,Sandale,sunray enfant,sunray,carmin,21,,,,sunrayenfant
286,Sunray,"Couleur:color:0, Pointure:select:1","Color:color:0, Size:select:1","Carmin:0, 22:1","Carmin:0, 22:1",,sunray-carmin-22,SUNRAY-EN-CA22,Couleur:color:0,Pointure:select:1,Carmin:0,0,22:1,1,,,,,,https://cata.meduse.co/enfants/sandales/sunray/carmin/sandales-enfant-sunray-carmin-cote.jpg,1,,,,,281,Sunray,,sunray-carmin-22,Couleur,Pointure,Carmin,1,22,5,1,12,,,,,,Sandales enfant,Enfant,Sandale,sunray enfant,sunray,carmin,22,,,,sunrayenfant
286,Sunray,"Couleur:color:0, Pointure:select:1","Color:color:0, Size:select:1","Carmin:0, 23:1","Carmin:0, 23:1",,sunray-carmin-23,SUNRAY-EN-CA23,Couleur:color:0,Pointure:select:1,Carmin:0,0,23:1,1,,,,,,https://cata.meduse.co/enfants/sandales/sunray/carmin/sandales-enfant-sunray-carmin-cote.jpg,1,,,,,281,Sunray,,sunray-carmin-23,Couleur,Pointure,Carmin,1,23,6,1,12,,,,,,Sandales enfant,Enfant,Sandale,sunray enfant,sunray,carmin,23,,,,sunrayenfant
286,Sunray,"Couleur:color:0, Pointure:select:1","Color:color:0, Size:select:1","Carmin:0, 24:1","Carmin:0, 24:1",,sunray-carmin-24,SUNRAY-EN-CA24,Couleur:color:0,Pointure:select:1,Carmin:0,0,24:1,1,,,,,,https://cata.meduse.co/enfants/sandales/sunray/carmin/sandales-enfant-sunray-carmin-cote.jpg,1,,,,,281,Sunray,,sunray-carmin-24,Couleur,Pointure,Carmin,1,24,7,1,12,,,,,,Sandales enfant,Enfant,Sandale,sunray enfant,sunray,carmin,24,,,,sunrayenfant
286,Sunray,"Couleur:color:0, Pointure:select:1","Color:color:0, Size:select:1","Carmin:0, 25:1","Carmin:0, 25:1",,sunray-carmin-25,SUNRAY-EN-CA25,Couleur:color:0,Pointure:select:1,Carmin:0,0,25:1,1,,,,,,https://cata.meduse.co/enfants/sandales/sunray/carmin/sandales-enfant-sunray-carmin-cote.jpg,1,,,,,281,Sunray,,sunray-carmin-25,Couleur,Pointure,Carmin,1,25,8,1,12,,,,,,Sandales enfant,Enfant,Sandale,sunray enfant,sunray,carmin,25,,,,sunrayenfant
286,Sunray,"Couleur:color:0, Pointure:select:1","Color:color:0, Size:select:1","Carmin:0, 26:1","Carmin:0, 26:1",,sunray-carmin-26,SUNRAY-EN-CA26,Couleur:color:0,Pointure:select:1,Carmin:0,0,26:1,1,,,,,,https://cata.meduse.co/enfants/sandales/sunray/carmin/sandales-enfant-sunray-carmin-cote.jpg,1,,,,,281,Sunray,,sunray-carmin-26,Couleur,Pointure,Carmin,1,26,9,1,12,,,,,,Sandales enfant,Enfant,Sandale,sunray enfant,sunray,carmin,26,,,,sunrayenfant
286,Sunray,"Couleur:color:0, Pointure:select:1","Color:color:0, Size:select:1","Carmin:0, 27:1","Carmin:0, 27:1",,sunray-carmin-27,SUNRAY-EN-CA27,Couleur:color:0,Pointure:select:1,Carmin:0,0,27:1,1,,,,,,https://cata.meduse.co/enfants/sandales/sunray/carmin/sandales-enfant-sunray-carmin-cote.jpg,1,,,,,281,Sunray,,sunray-carmin-27,Couleur,Pointure,Carmin,1,27,10,1,12,,,,,,Sandales enfant,Enfant,Sandale,sunray enfant,sunray,carmin,27,,,,sunrayenfant
286,Sunray,"Couleur:color:0, Pointure:select:1","Color:color:0, Size:select:1","Carmin:0, 28:1","Carmin:0, 28:1",,sunray-carmin-28,SUNRAY-EN-CA28,Couleur:color:0,Pointure:select:1,Carmin:0,6,28:1,1,,,,,,https://cata.meduse.co/enfants/sandales/sunray/carmin/sandales-enfant-sunray-carmin-cote.jpg,1,,,,,281,Sunray,,sunray-carmin-28,Couleur,Pointure,Carmin,1,28,11,1,18,,,,,,Sandales enfant,Enfant,Sandale,sunray enfant,sunray,carmin,28,,,,sunrayenfant
286,Sunray,"Couleur:color:0, Pointure:select:1","Color:color:0, Size:select:1","Carmin:0, 29:1","Carmin:0, 29:1",,sunray-carmin-29,SUNRAY-EN-CA29,Couleur:color:0,Pointure:select:1,Carmin:0,6,29:1,1,,,,,,https://cata.meduse.co/enfants/sandales/sunray/carmin/sandales-enfant-sunray-carmin-cote.jpg,1,,,,,281,Sunray,,sunray-carmin-29,Couleur,Pointure,Carmin,1,29,12,1,18,,,,,,Sandales enfant,Enfant,Sandale,sunray enfant,sunray,carmin,29,,,,sunrayenfant
286,Sunray,"Couleur:color:0, Pointure:select:1","Color:color:0, Size:select:1","Carmin:0, 30:1","Carmin:0, 30:1",,sunray-carmin-30,SUNRAY-EN-CA30,Couleur:color:0,Pointure:select:1,Carmin:0,6,30:1,1,,,,,,https://cata.meduse.co/enfants/sandales/sunray/carmin/sandales-enfant-sunray-carmin-cote.jpg,1,,,,,281,Sunray,,sunray-carmin-30,Couleur,Pointure,Carmin,1,30,13,1,18,,,,,,Sandales enfant,Enfant,Sandale,sunray enfant,sunray,carmin,30,,,,sunrayenfant
286,Sunray,"Couleur:color:0, Pointure:select:1","Color:color:0, Size:select:1","Carmin:0, 31:1","Carmin:0, 31:1",,sunray-carmin-31,SUNRAY-EN-CA31,Couleur:color:0,Pointure:select:1,Carmin:0,6,31:1,1,,,,,,https://cata.meduse.co/enfants/sandales/sunray/carmin/sandales-enfant-sunray-carmin-cote.jpg,1,,,,,281,Sunray,,sunray-carmin-31,Couleur,Pointure,Carmin,1,31,14,1,18,,,,,,Sandales enfant,Enfant,Sandale,sunray enfant,sunray,carmin,31,,,,sunrayenfant
286,Sunray,"Couleur:color:0, Pointure:select:1","Color:color:0, Size:select:1","Carmin:0, 32:1","Carmin:0, 32:1",,sunray-carmin-32,SUNRAY-EN-CA32,Couleur:color:0,Pointure:select:1,Carmin:0,6,32:1,1,,,,,,https://cata.meduse.co/enfants/sandales/sunray/carmin/sandales-enfant-sunray-carmin-cote.jpg,1,,,,,281,Sunray,,sunray-carmin-32,Couleur,Pointure,Carmin,1,32,15,1,18,,,,,,Sandales enfant,Enfant,Sandale,sunray enfant,sunray,carmin,32,,,,sunrayenfant
286,Sunray,"Couleur:color:0, Pointure:select:1","Color:color:0, Size:select:1","Carmin:0, 33:1","Carmin:0, 33:1",,sunray-carmin-33,SUNRAY-EN-CA33,Couleur:color:0,Pointure:select:1,Carmin:0,6,33:1,1,,,,,,https://cata.meduse.co/enfants/sandales/sunray/carmin/sandales-enfant-sunray-carmin-cote.jpg,1,,,,,281,Sunray,,sunray-carmin-33,Couleur,Pointure,Carmin,1,33,16,1,18,,,,,,Sandales enfant,Enfant,Sandale,sunray enfant,sunray,carmin,33,,,,sunrayenfant
286,Sunray,"Couleur:color:0, Pointure:select:1","Color:color:0, Size:select:1","Carmin:0, 34:1","Carmin:0, 34:1",,sunray-carmin-34,SUNRAY-EN-CA34,Couleur:color:0,Pointure:select:1,Carmin:0,6,34:1,1,,,,,,https://cata.meduse.co/enfants/sandales/sunray/carmin/sandales-enfant-sunray-carmin-cote.jpg,1,,,,,281,Sunray,,sunray-carmin-34,Couleur,Pointure,Carmin,1,34,17,1,18,,,,,,Sandales enfant,Enfant,Sandale,sunray enfant,sunray,carmin,34,,,,sunrayenfant
286,Sunray,"Couleur:color:0, Pointure:select:1","Color:color:0, Size:select:1","Marine:0, 18:1","Marine:0, 18:1",,sunray-marine-18,SUNRAY-EN-MA18,Couleur:color:0,Pointure:select:1,Marine:0,0,18:1,1,,,,,,https://cata.meduse.co/enfants/sandales/sunray/marine/sandales-enfant-sunray-marine-cote.jpg,1,,,,,281,Sunray,,sunray-marine-18,Couleur,Pointure,Marine,2,18,1,1,12,,,,,,Sandales enfant,Enfant,Sandale,sunray enfant,sunray,marine,18,,,,sunrayenfant
286,Sunray,"Couleur:color:0, Pointure:select:1","Color:color:0, Size:select:1","Marine:0, 19:1","Marine:0, 19:1",,sunray-marine-19,SUNRAY-EN-MA19,Couleur:color:0,Pointure:select:1,Marine:0,0,19:1,1,,,,,,https://cata.meduse.co/enfants/sandales/sunray/marine/sandales-enfant-sunray-marine-cote.jpg,1,,,,,281,Sunray,,sunray-marine-19,Couleur,Pointure,Marine,2,19,2,1,12,,,,,,Sandales enfant,Enfant,Sandale,sunray enfant,sunray,marine,19,,,,sunrayenfant
286,Sunray,"Couleur:color:0, Pointure:select:1","Color:color:0, Size:select:1","Marine:0, 20:1","Marine:0, 20:1",,sunray-marine-20,SUNRAY-EN-MA20,Couleur:color:0,Pointure:select:1,Marine:0,0,20:1,1,,,,,,https://cata.meduse.co/enfants/sandales/sunray/marine/sandales-enfant-sunray-marine-cote.jpg,1,,,,,281,Sunray,,sunray-marine-20,Couleur,Pointure,Marine,2,20,3,1,12,,,,,,Sandales enfant,Enfant,Sandale,sunray enfant,sunray,marine,20,,,,sunrayenfant
286,Sunray,"Couleur:color:0, Pointure:select:1","Color:color:0, Size:select:1","Marine:0, 21:1","Marine:0, 21:1",,sunray-marine-21,SUNRAY-EN-MA21,Couleur:color:0,Pointure:select:1,Marine:0,0,21:1,1,,,,,,https://cata.meduse.co/enfants/sandales/sunray/marine/sandales-enfant-sunray-marine-cote.jpg,1,,,,,281,Sunray,,sunray-marine-21,Couleur,Pointure,Marine,2,21,4,1,12,,,,,,Sandales enfant,Enfant,Sandale,sunray enfant,sunray,marine,21,,,,sunrayenfant
286,Sunray,"Couleur:color:0, Pointure:select:1","Color:color:0, Size:select:1","Marine:0, 22:1","Marine:0, 22:1",,sunray-marine-22,SUNRAY-EN-MA22,Couleur:color:0,Pointure:select:1,Marine:0,0,22:1,1,,,,,,https://cata.meduse.co/enfants/sandales/sunray/marine/sandales-enfant-sunray-marine-cote.jpg,1,,,,,281,Sunray,,sunray-marine-22,Couleur,Pointure,Marine,2,22,5,1,12,,,,01/07/2018,,Sandales enfant,Enfant,Sandale,sunray enfant,sunray,marine,22,,,,sunrayenfant
286,Sunray,"Couleur:color:0, Pointure:select:1","Color:color:0, Size:select:1","Marine:0, 23:1","Marine:0, 23:1",,sunray-marine-23,SUNRAY-EN-MA23,Couleur:color:0,Pointure:select:1,Marine:0,0,23:1,1,,,,,,https://cata.meduse.co/enfants/sandales/sunray/marine/sandales-enfant-sunray-marine-cote.jpg,1,,,,,281,Sunray,,sunray-marine-23,Couleur,Pointure,Marine,2,23,6,1,12,,,,01/07/2018,,Sandales enfant,Enfant,Sandale,sunray enfant,sunray,marine,23,,,,sunrayenfant
286,Sunray,"Couleur:color:0, Pointure:select:1","Color:color:0, Size:select:1","Marine:0, 24:1","Marine:0, 24:1",,sunray-marine-24,SUNRAY-EN-MA24,Couleur:color:0,Pointure:select:1,Marine:0,0,24:1,1,,,,,,https://cata.meduse.co/enfants/sandales/sunray/marine/sandales-enfant-sunray-marine-cote.jpg,1,,,,,281,Sunray,,sunray-marine-24,Couleur,Pointure,Marine,2,24,7,1,12,,,,01/07/2018,,Sandales enfant,Enfant,Sandale,sunray enfant,sunray,marine,24,,,,sunrayenfant
286,Sunray,"Couleur:color:0, Pointure:select:1","Color:color:0, Size:select:1","Marine:0, 25:1","Marine:0, 25:1",,sunray-marine-25,SUNRAY-EN-MA25,Couleur:color:0,Pointure:select:1,Marine:0,0,25:1,1,,,,,,https://cata.meduse.co/enfants/sandales/sunray/marine/sandales-enfant-sunray-marine-cote.jpg,1,,,,,281,Sunray,,sunray-marine-25,Couleur,Pointure,Marine,2,25,8,1,12,,,,01/07/2018,,Sandales enfant,Enfant,Sandale,sunray enfant,sunray,marine,25,,,,sunrayenfant
286,Sunray,"Couleur:color:0, Pointure:select:1","Color:color:0, Size:select:1","Marine:0, 26:1","Marine:0, 26:1",,sunray-marine-26,SUNRAY-EN-MA26,Couleur:color:0,Pointure:select:1,Marine:0,0,26:1,1,,,,,,https://cata.meduse.co/enfants/sandales/sunray/marine/sandales-enfant-sunray-marine-cote.jpg,1,,,,,281,Sunray,,sunray-marine-26,Couleur,Pointure,Marine,2,26,9,1,12,,,,01/07/2018,,Sandales enfant,Enfant,Sandale,sunray enfant,sunray,marine,26,,,,sunrayenfant
286,Sunray,"Couleur:color:0, Pointure:select:1","Color:color:0, Size:select:1","Marine:0, 27:1","Marine:0, 27:1",,sunray-marine-27,SUNRAY-EN-MA27,Couleur:color:0,Pointure:select:1,Marine:0,0,27:1,1,,,,,,https://cata.meduse.co/enfants/sandales/sunray/marine/sandales-enfant-sunray-marine-cote.jpg,1,,,,,281,Sunray,,sunray-marine-27,Couleur,Pointure,Marine,2,27,10,1,12,,,,01/07/2018,,Sandales enfant,Enfant,Sandale,sunray enfant,sunray,marine,27,,,,sunrayenfant
286,Sunray,"Couleur:color:0, Pointure:select:1","Color:color:0, Size:select:1","Marine:0, 28:1","Marine:0, 28:1",,sunray-marine-28,SUNRAY-EN-MA28,Couleur:color:0,Pointure:select:1,Marine:0,6,28:1,1,,,,,,https://cata.meduse.co/enfants/sandales/sunray/marine/sandales-enfant-sunray-marine-cote.jpg,1,,,,,281,Sunray,,sunray-marine-28,Couleur,Pointure,Marine,2,28,11,1,18,,,,,,Sandales enfant,Enfant,Sandale,sunray enfant,sunray,marine,28,,,,sunrayenfant
286,Sunray,"Couleur:color:0, Pointure:select:1","Color:color:0, Size:select:1","Marine:0, 29:1","Marine:0, 29:1",,sunray-marine-29,SUNRAY-EN-MA29,Couleur:color:0,Pointure:select:1,Marine:0,6,29:1,1,,,,,,https://cata.meduse.co/enfants/sandales/sunray/marine/sandales-enfant-sunray-marine-cote.jpg,1,,,,,281,Sunray,,sunray-marine-29,Couleur,Pointure,Marine,2,29,12,1,18,,,,,,Sandales enfant,Enfant,Sandale,sunray enfant,sunray,marine,29,,,,sunrayenfant
286,Sunray,"Couleur:color:0, Pointure:select:1","Color:color:0, Size:select:1","Marine:0, 30:1","Marine:0, 30:1",,sunray-marine-30,SUNRAY-EN-MA30,Couleur:color:0,Pointure:select:1,Marine:0,6,30:1,1,,,,,,https://cata.meduse.co/enfants/sandales/sunray/marine/sandales-enfant-sunray-marine-cote.jpg,1,,,,,281,Sunray,,sunray-marine-30,Couleur,Pointure,Marine,2,30,13,1,18,,,,,,Sandales enfant,Enfant,Sandale,sunray enfant,sunray,marine,30,,,,sunrayenfant
286,Sunray,"Couleur:color:0, Pointure:select:1","Color:color:0, Size:select:1","Marine:0, 31:1","Marine:0, 31:1",,sunray-marine-31,SUNRAY-EN-MA31,Couleur:color:0,Pointure:select:1,Marine:0,6,31:1,1,,,,,,https://cata.meduse.co/enfants/sandales/sunray/marine/sandales-enfant-sunray-marine-cote.jpg,1,,,,,281,Sunray,,sunray-marine-31,Couleur,Pointure,Marine,2,31,14,1,18,,,,,,Sandales enfant,Enfant,Sandale,sunray enfant,sunray,marine,31,,,,sunrayenfant
286,Sunray,"Couleur:color:0, Pointure:select:1","Color:color:0, Size:select:1","Marine:0, 32:1","Marine:0, 32:1",,sunray-marine-32,SUNRAY-EN-MA32,Couleur:color:0,Pointure:select:1,Marine:0,6,32:1,1,,,,,,https://cata.meduse.co/enfants/sandales/sunray/marine/sandales-enfant-sunray-marine-cote.jpg,1,,,,,281,Sunray,,sunray-marine-32,Couleur,Pointure,Marine,2,32,15,1,18,,,,,,Sandales enfant,Enfant,Sandale,sunray enfant,sunray,marine,32,,,,sunrayenfant
286,Sunray,"Couleur:color:0, Pointure:select:1","Color:color:0, Size:select:1","Marine:0, 33:1","Marine:0, 33:1",,sunray-marine-33,SUNRAY-EN-MA33,Couleur:color:0,Pointure:select:1,Marine:0,6,33:1,1,,,,,,https://cata.meduse.co/enfants/sandales/sunray/marine/sandales-enfant-sunray-marine-cote.jpg,1,,,,,281,Sunray,,sunray-marine-33,Couleur,Pointure,Marine,2,33,16,1,18,,,,,,Sandales enfant,Enfant,Sandale,sunray enfant,sunray,marine,33,,,,sunrayenfant
286,Sunray,"Couleur:color:0, Pointure:select:1","Color:color:0, Size:select:1","Marine:0, 34:1","Marine:0, 34:1",,sunray-marine-34,SUNRAY-EN-MA34,Couleur:color:0,Pointure:select:1,Marine:0,6,34:1,1,,,,,,https://cata.meduse.co/enfants/sandales/sunray/marine/sandales-enfant-sunray-marine-cote.jpg,1,,,,,281,Sunray,,sunray-marine-34,Couleur,Pointure,Marine,2,34,17,1,18,,,,,,Sandales enfant,Enfant,Sandale,sunray enfant,sunray,marine,34,,,,sunrayenfant
287,Sunray,"Couleur:color:0, Pointure:select:1","Color:color:0, Size:select:1","Carmin:0, 43:1","Carmin:0, 43:1",,sunray-carmin-43,SUNRAY-HO-CA43,Couleur:color:0,Pointure:select:1,Carmin:0,9,43:1,1,,,,,,https://cata.meduse.co/hommes/sandales/sunray/carmin/sandales-homme-sunray-carmin-cote.jpg,1,,,,,281,Sunray,,sunray-carmin-43,Couleur,Pointure,Carmin,1,43,26,1,21,,,,,,Sandales homme,Homme,Sandale,sunray homme,sunray,carmin,43,,,,sunrayhomme
287,Sunray,"Couleur:color:0, Pointure:select:1","Color:color:0, Size:select:1","Marine:0, 43:1","Marine:0, 43:1",,sunray-marine-43,SUNRAY-HO-MA43,Couleur:color:0,Pointure:select:1,Marine:0,9,43:1,1,,,,,,https://cata.meduse.co/hommes/sandales/sunray/marine/sandales-homme-sunray-marine-cote.jpg,1,,,,,281,Sunray,,sunray-marine-43,Couleur,Pointure,Marine,2,43,26,1,21,,,,,,Sandales homme,Homme,Sandale,sunray homme,sunray,marine,43,,,,sunrayhomme
288,Suntri,"Couleur:color:0, Pointure:select:1","Color:color:0, Size:select:1","Lagon:0, 22:1","Lagon:0, 22:1",,suntri-lagon-22,SUNTRI-EN-LA22,Couleur:color:0,Pointure:select:1,Lagon:0,0,22:1,1,,,,,,https://cata.meduse.co/enfants/sandales/suntri/lagon/sandales-enfant-suntri-lagon-cote.jpg,1,,,,,282,Suntri,,suntri-lagon-22,Couleur,Pointure,Lagon,1,22,1,1,12,,,,,,Sandales enfant,Enfant,Sandale,suntri enfant,suntri,lagon,22,,,,suntrienfant
288,Suntri,"Couleur:color:0, Pointure:select:1","Color:color:0, Size:select:1","Lagon:0, 23:1","Lagon:0, 23:1",,suntri-lagon-23,SUNTRI-EN-LA23,Couleur:color:0,Pointure:select:1,Lagon:0,0,23:1,1,,,,,,https://cata.meduse.co/enfants/sandales/suntri/lagon/sandales-enfant-suntri-lagon-cote.jpg,1,,,,,282,Suntri,,suntri-lagon-23,Couleur,Pointure,Lagon,1,23,2,1,12,,,,,,Sandales enfant,Enfant,Sandale,suntri enfant,suntri,lagon,23,,,,suntrienfant
288,Suntri,"Couleur:color:0, Pointure:select:1","Color:color:0, Size:select:1","Lagon:0, 24:1","Lagon:0, 24:1",,suntri-lagon-24,SUNTRI-EN-LA24,Couleur:color:0,Pointure:select:1,Lagon:0,0,24:1,1,,,,,,https://cata.meduse.co/enfants/sandales/suntri/lagon/sandales-enfant-suntri-lagon-cote.jpg,1,,,,,282,Suntri,,suntri-lagon-24,Couleur,Pointure,Lagon,1,24,3,1,12,,,,,,Sandales enfant,Enfant,Sandale,suntri enfant,suntri,lagon,24,,,,suntrienfant
288,Suntri,"Couleur:color:0, Pointure:select:1","Color:color:0, Size:select:1","Lagon:0, 25:1","Lagon:0, 25:1",,suntri-lagon-25,SUNTRI-EN-LA25,Couleur:color:0,Pointure:select:1,Lagon:0,0,25:1,1,,,,,,https://cata.meduse.co/enfants/sandales/suntri/lagon/sandales-enfant-suntri-lagon-cote.jpg,1,,,,,282,Suntri,,suntri-lagon-25,Couleur,Pointure,Lagon,1,25,4,1,12,,,,,,Sandales enfant,Enfant,Sandale,suntri enfant,suntri,lagon,25,,,,suntrienfant
288,Suntri,"Couleur:color:0, Pointure:select:1","Color:color:0, Size:select:1","Lagon:0, 26:1","Lagon:0, 26:1",,suntri-lagon-26,SUNTRI-EN-LA26,Couleur:color:0,Pointure:select:1,Lagon:0,0,26:1,1,,,,,,https://cata.meduse.co/enfants/sandales/suntri/lagon/sandales-enfant-suntri-lagon-cote.jpg,1,,,,,282,Suntri,,suntri-lagon-26,Couleur,Pointure,Lagon,1,26,5,1,12,,,,,,Sandales enfant,Enfant,Sandale,suntri enfant,suntri,lagon,26,,,,suntrienfant
288,Suntri,"Couleur:color:0, Pointure:select:1","Color:color:0, Size:select:1","Lagon:0, 27:1","Lagon:0, 27:1",,suntri-lagon-27,SUNTRI-EN-LA27,Couleur:color:0,Pointure:select:1,Lagon:0,0,27:1,1,,,,,,https://cata.meduse.co/enfants/sandales/suntri/lagon/sandales-enfant-suntri-lagon-cote.jpg,1,,,,,282,Suntri,,suntri-lagon-27,Couleur,Pointure,Lagon,1,27,6,1,12,,,,,,Sandales enfant,Enfant,Sandale,suntri enfant,suntri,lagon,27,,,,suntrienfant
288,Suntri,"Couleur:color:0, Pointure:select:1","Color:color:0, Size:select:1","Lagon:0, 28:1","Lagon:0, 28:1",,suntri-lagon-28,SUNTRI-EN-LA28,Couleur:color:0,Pointure:select:1,Lagon:0,3,28:1,1,,,,,,https://cata.meduse.co/enfants/sandales/suntri/lagon/sandales-enfant-suntri-lagon-cote.jpg,1,,,,,282,Suntri,,suntri-lagon-28,Couleur,Pointure,Lagon,1,28,7,1,15,,,,,,Sandales enfant,Enfant,Sandale,suntri enfant,suntri,lagon,28,,,,suntrienfant
288,Suntri,"Couleur:color:0, Pointure:select:1","Color:color:0, Size:select:1","Lagon:0, 29:1","Lagon:0, 29:1",,suntri-lagon-29,SUNTRI-EN-LA29,Couleur:color:0,Pointure:select:1,Lagon:0,3,29:1,1,,,,,,https://cata.meduse.co/enfants/sandales/suntri/lagon/sandales-enfant-suntri-lagon-cote.jpg,1,,,,,282,Suntri,,suntri-lagon-29,Couleur,Pointure,Lagon,1,29,8,1,15,,,,,,Sandales enfant,Enfant,Sandale,suntri enfant,suntri,lagon,29,,,,suntrienfant
288,Suntri,"Couleur:color:0, Pointure:select:1","Color:color:0, Size:select:1","Lagon:0, 30:1","Lagon:0, 30:1",,suntri-lagon-30,SUNTRI-EN-LA30,Couleur:color:0,Pointure:select:1,Lagon:0,3,30:1,1,,,,,,https://cata.meduse.co/enfants/sandales/suntri/lagon/sandales-enfant-suntri-lagon-cote.jpg,1,,,,,282,Suntri,,suntri-lagon-30,Couleur,Pointure,Lagon,1,30,9,1,15,,,,,,Sandales enfant,Enfant,Sandale,suntri enfant,suntri,lagon,30,,,,suntrienfant
288,Suntri,"Couleur:color:0, Pointure:select:1","Color:color:0, Size:select:1","Lagon:0, 31:1","Lagon:0, 31:1",,suntri-lagon-31,SUNTRI-EN-LA31,Couleur:color:0,Pointure:select:1,Lagon:0,3,31:1,1,,,,,,https://cata.meduse.co/enfants/sandales/suntri/lagon/sandales-enfant-suntri-lagon-cote.jpg,1,,,,,282,Suntri,,suntri-lagon-31,Couleur,Pointure,Lagon,1,31,10,1,15,,,,,,Sandales enfant,Enfant,Sandale,suntri enfant,suntri,lagon,31,,,,suntrienfant
288,Suntri,"Couleur:color:0, Pointure:select:1","Color:color:0, Size:select:1","Lagon:0, 32:1","Lagon:0, 32:1",,suntri-lagon-32,SUNTRI-EN-LA32,Couleur:color:0,Pointure:select:1,Lagon:0,3,32:1,1,,,,,,https://cata.meduse.co/enfants/sandales/suntri/lagon/sandales-enfant-suntri-lagon-cote.jpg,1,,,,,282,Suntri,,suntri-lagon-32,Couleur,Pointure,Lagon,1,32,11,1,15,,,,,,Sandales enfant,Enfant,Sandale,suntri enfant,suntri,lagon,32,,,,suntrienfant
288,Suntri,"Couleur:color:0, Pointure:select:1","Color:color:0, Size:select:1","Lagon:0, 33:1","Lagon:0, 33:1",,suntri-lagon-33,SUNTRI-EN-LA33,Couleur:color:0,Pointure:select:1,Lagon:0,3,33:1,1,,,,,,https://cata.meduse.co/enfants/sandales/suntri/lagon/sandales-enfant-suntri-lagon-cote.jpg,1,,,,,282,Suntri,,suntri-lagon-33,Couleur,Pointure,Lagon,1,33,12,1,15,,,,,,Sandales enfant,Enfant,Sandale,suntri enfant,suntri,lagon,33,,,,suntrienfant
288,Suntri,"Couleur:color:0, Pointure:select:1","Color:color:0, Size:select:1","Lagon:0, 34:1","Lagon:0, 34:1",,suntri-lagon-34,SUNTRI-EN-LA34,Couleur:color:0,Pointure:select:1,Lagon:0,3,34:1,1,,,,,,https://cata.meduse.co/enfants/sandales/suntri/lagon/sandales-enfant-suntri-lagon-cote.jpg,1,,,,,282,Suntri,,suntri-lagon-34,Couleur,Pointure,Lagon,1,34,13,1,15,,,,,,Sandales enfant,Enfant,Sandale,suntri enfant,suntri,lagon,34,,,,suntrienfant
288,Suntri,"Couleur:color:0, Pointure:select:1","Color:color:0, Size:select:1","Rasta:0, 22:1","Rasta:0, 22:1",,suntri-rasta-22,SUNTRI-EN-RA22,Couleur:color:0,Pointure:select:1,Rasta:0,0,22:1,1,,,,,,https://cata.meduse.co/enfants/sandales/suntri/rasta/sandales-enfant-suntri-rasta-cote.jpg,1,,,,,282,Suntri,,suntri-rasta-22,Couleur,Pointure,Rasta,2,22,1,1,12,,,,,,Sandales enfant,Enfant,Sandale,suntri enfant,suntri,rasta,22,,,,suntrienfant
288,Suntri,"Couleur:color:0, Pointure:select:1","Color:color:0, Size:select:1","Rasta:0, 23:1","Rasta:0, 23:1",,suntri-rasta-23,SUNTRI-EN-RA23,Couleur:color:0,Pointure:select:1,Rasta:0,0,23:1,1,,,,,,https://cata.meduse.co/enfants/sandales/suntri/rasta/sandales-enfant-suntri-rasta-cote.jpg,1,,,,,282,Suntri,,suntri-rasta-23,Couleur,Pointure,Rasta,2,23,2,1,12,,,,,,Sandales enfant,Enfant,Sandale,suntri enfant,suntri,rasta,23,,,,suntrienfant
288,Suntri,"Couleur:color:0, Pointure:select:1","Color:color:0, Size:select:1","Rasta:0, 24:1","Rasta:0, 24:1",,suntri-rasta-24,SUNTRI-EN-RA24,Couleur:color:0,Pointure:select:1,Rasta:0,0,24:1,1,,,,,,https://cata.meduse.co/enfants/sandales/suntri/rasta/sandales-enfant-suntri-rasta-cote.jpg,1,,,,,282,Suntri,,suntri-rasta-24,Couleur,Pointure,Rasta,2,24,3,1,12,,,,,,Sandales enfant,Enfant,Sandale,suntri enfant,suntri,rasta,24,,,,suntrienfant
288,Suntri,"Couleur:color:0, Pointure:select:1","Color:color:0, Size:select:1","Rasta:0, 25:1","Rasta:0, 25:1",,suntri-rasta-25,SUNTRI-EN-RA25,Couleur:color:0,Pointure:select:1,Rasta:0,0,25:1,1,,,,,,https://cata.meduse.co/enfants/sandales/suntri/rasta/sandales-enfant-suntri-rasta-cote.jpg,1,,,,,282,Suntri,,suntri-rasta-25,Couleur,Pointure,Rasta,2,25,4,1,12,,,,,,Sandales enfant,Enfant,Sandale,suntri enfant,suntri,rasta,25,,,,suntrienfant
288,Suntri,"Couleur:color:0, Pointure:select:1","Color:color:0, Size:select:1","Rasta:0, 26:1","Rasta:0, 26:1",,suntri-rasta-26,SUNTRI-EN-RA26,Couleur:color:0,Pointure:select:1,Rasta:0,0,26:1,1,,,,,,https://cata.meduse.co/enfants/sandales/suntri/rasta/sandales-enfant-suntri-rasta-cote.jpg,1,,,,,282,Suntri,,suntri-rasta-26,Couleur,Pointure,Rasta,2,26,5,1,12,,,,,,Sandales enfant,Enfant,Sandale,suntri enfant,suntri,rasta,26,,,,suntrienfant
288,Suntri,"Couleur:color:0, Pointure:select:1","Color:color:0, Size:select:1","Rasta:0, 27:1","Rasta:0, 27:1",,suntri-rasta-27,SUNTRI-EN-RA27,Couleur:color:0,Pointure:select:1,Rasta:0,0,27:1,1,,,,,,https://cata.meduse.co/enfants/sandales/suntri/rasta/sandales-enfant-suntri-rasta-cote.jpg,1,,,,,282,Suntri,,suntri-rasta-27,Couleur,Pointure,Rasta,2,27,6,1,12,,,,,,Sandales enfant,Enfant,Sandale,suntri enfant,suntri,rasta,27,,,,suntrienfant
288,Suntri,"Couleur:color:0, Pointure:select:1","Color:color:0, Size:select:1","Rasta:0, 28:1","Rasta:0, 28:1",,suntri-rasta-28,SUNTRI-EN-RA28,Couleur:color:0,Pointure:select:1,Rasta:0,3,28:1,1,,,,,,https://cata.meduse.co/enfants/sandales/suntri/rasta/sandales-enfant-suntri-rasta-cote.jpg,1,,,,,282,Suntri,,suntri-rasta-28,Couleur,Pointure,Rasta,2,28,7,1,15,,,,,,Sandales enfant,Enfant,Sandale,suntri enfant,suntri,rasta,28,,,,suntrienfant
288,Suntri,"Couleur:color:0, Pointure:select:1","Color:color:0, Size:select:1","Rasta:0, 29:1","Rasta:0, 29:1",,suntri-rasta-29,SUNTRI-EN-RA29,Couleur:color:0,Pointure:select:1,Rasta:0,3,29:1,1,,,,,,https://cata.meduse.co/enfants/sandales/suntri/rasta/sandales-enfant-suntri-rasta-cote.jpg,1,,,,,282,Suntri,,suntri-rasta-29,Couleur,Pointure,Rasta,2,29,8,1,15,,,,,,Sandales enfant,Enfant,Sandale,suntri enfant,suntri,rasta,29,,,,suntrienfant
288,Suntri,"Couleur:color:0, Pointure:select:1","Color:color:0, Size:select:1","Rasta:0, 30:1","Rasta:0, 30:1",,suntri-rasta-30,SUNTRI-EN-RA30,Couleur:color:0,Pointure:select:1,Rasta:0,3,30:1,1,,,,,,https://cata.meduse.co/enfants/sandales/suntri/rasta/sandales-enfant-suntri-rasta-cote.jpg,1,,,,,282,Suntri,,suntri-rasta-30,Couleur,Pointure,Rasta,2,30,9,1,15,,,,,,Sandales enfant,Enfant,Sandale,suntri enfant,suntri,rasta,30,,,,suntrienfant
288,Suntri,"Couleur:color:0, Pointure:select:1","Color:color:0, Size:select:1","Rasta:0, 31:1","Rasta:0, 31:1",,suntri-rasta-31,SUNTRI-EN-RA31,Couleur:color:0,Pointure:select:1,Rasta:0,3,31:1,1,,,,,,https://cata.meduse.co/enfants/sandales/suntri/rasta/sandales-enfant-suntri-rasta-cote.jpg,1,,,,,282,Suntri,,suntri-rasta-31,Couleur,Pointure,Rasta,2,31,10,1,15,,,,,,Sandales enfant,Enfant,Sandale,suntri enfant,suntri,rasta,31,,,,suntrienfant
288,Suntri,"Couleur:color:0, Pointure:select:1","Color:color:0, Size:select:1","Rasta:0, 32:1","Rasta:0, 32:1",,suntri-rasta-32,SUNTRI-EN-RA32,Couleur:color:0,Pointure:select:1,Rasta:0,3,32:1,1,,,,,,https://cata.meduse.co/enfants/sandales/suntri/rasta/sandales-enfant-suntri-rasta-cote.jpg,1,,,,,282,Suntri,,suntri-rasta-32,Couleur,Pointure,Rasta,2,32,11,1,15,,,,,,Sandales enfant,Enfant,Sandale,suntri enfant,suntri,rasta,32,,,,suntrienfant
288,Suntri,"Couleur:color:0, Pointure:select:1","Color:color:0, Size:select:1","Rasta:0, 33:1","Rasta:0, 33:1",,suntri-rasta-33,SUNTRI-EN-RA33,Couleur:color:0,Pointure:select:1,Rasta:0,3,33:1,1,,,,,,https://cata.meduse.co/enfants/sandales/suntri/rasta/sandales-enfant-suntri-rasta-cote.jpg,1,,,,,282,Suntri,,suntri-rasta-33,Couleur,Pointure,Rasta,2,33,12,1,15,,,,,,Sandales enfant,Enfant,Sandale,suntri enfant,suntri,rasta,33,,,,suntrienfant
288,Suntri,"Couleur:color:0, Pointure:select:1","Color:color:0, Size:select:1","Rasta:0, 34:1","Rasta:0, 34:1",,suntri-rasta-34,SUNTRI-EN-RA34,Couleur:color:0,Pointure:select:1,Rasta:0,3,34:1,1,,,,,,https://cata.meduse.co/enfants/sandales/suntri/rasta/sandales-enfant-suntri-rasta-cote.jpg,1,,,,,282,Suntri,,suntri-rasta-34,Couleur,Pointure,Rasta,2,34,13,1,15,,,,,,Sandales enfant,Enfant,Sandale,suntri enfant,suntri,rasta,34,,,,suntrienfant
288,Suntri,"Couleur:color:0, Pointure:select:1","Color:color:0, Size:select:1","Violine:0, 22:1","Violine:0, 22:1",,suntri-violine-22,SUNTRI-EN-VI22,Couleur:color:0,Pointure:select:1,Violine:0,0,22:1,1,,,,,,https://cata.meduse.co/enfants/sandales/suntri/violine/sandales-enfant-suntri-violine-cote.jpg,1,,,,,282,Suntri,,suntri-violine-22,Couleur,Pointure,Violine,3,22,1,1,12,,,,,,Sandales enfant,Enfant,Sandale,suntri enfant,suntri,violine,22,,,,suntrienfant
288,Suntri,"Couleur:color:0, Pointure:select:1","Color:color:0, Size:select:1","Violine:0, 23:1","Violine:0, 23:1",,suntri-violine-23,SUNTRI-EN-VI23,Couleur:color:0,Pointure:select:1,Violine:0,0,23:1,1,,,,,,https://cata.meduse.co/enfants/sandales/suntri/violine/sandales-enfant-suntri-violine-cote.jpg,1,,,,,282,Suntri,,suntri-violine-23,Couleur,Pointure,Violine,3,23,2,1,12,,,,,,Sandales enfant,Enfant,Sandale,suntri enfant,suntri,violine,23,,,,suntrienfant
288,Suntri,"Couleur:color:0, Pointure:select:1","Color:color:0, Size:select:1","Violine:0, 24:1","Violine:0, 24:1",,suntri-violine-24,SUNTRI-EN-VI24,Couleur:color:0,Pointure:select:1,Violine:0,0,24:1,1,,,,,,https://cata.meduse.co/enfants/sandales/suntri/violine/sandales-enfant-suntri-violine-cote.jpg,1,,,,,282,Suntri,,suntri-violine-24,Couleur,Pointure,Violine,3,24,3,1,12,,,,,,Sandales enfant,Enfant,Sandale,suntri enfant,suntri,violine,24,,,,suntrienfant
288,Suntri,"Couleur:color:0, Pointure:select:1","Color:color:0, Size:select:1","Violine:0, 25:1","Violine:0, 25:1",,suntri-violine-25,SUNTRI-EN-VI25,Couleur:color:0,Pointure:select:1,Violine:0,0,25:1,1,,,,,,https://cata.meduse.co/enfants/sandales/suntri/violine/sandales-enfant-suntri-violine-cote.jpg,1,,,,,282,Suntri,,suntri-violine-25,Couleur,Pointure,Violine,3,25,4,1,12,,,,,,Sandales enfant,Enfant,Sandale,suntri enfant,suntri,violine,25,,,,suntrienfant
288,Suntri,"Couleur:color:0, Pointure:select:1","Color:color:0, Size:select:1","Violine:0, 26:1","Violine:0, 26:1",,suntri-violine-26,SUNTRI-EN-VI26,Couleur:color:0,Pointure:select:1,Violine:0,0,26:1,1,,,,,,https://cata.meduse.co/enfants/sandales/suntri/violine/sandales-enfant-suntri-violine-cote.jpg,1,,,,,282,Suntri,,suntri-violine-26,Couleur,Pointure,Violine,3,26,5,1,12,,,,,,Sandales enfant,Enfant,Sandale,suntri enfant,suntri,violine,26,,,,suntrienfant
288,Suntri,"Couleur:color:0, Pointure:select:1","Color:color:0, Size:select:1","Violine:0, 27:1","Violine:0, 27:1",,suntri-violine-27,SUNTRI-EN-VI27,Couleur:color:0,Pointure:select:1,Violine:0,0,27:1,1,,,,,,https://cata.meduse.co/enfants/sandales/suntri/violine/sandales-enfant-suntri-violine-cote.jpg,1,,,,,282,Suntri,,suntri-violine-27,Couleur,Pointure,Violine,3,27,6,1,12,,,,,,Sandales enfant,Enfant,Sandale,suntri enfant,suntri,violine,27,,,,suntrienfant
288,Suntri,"Couleur:color:0, Pointure:select:1","Color:color:0, Size:select:1","Violine:0, 28:1","Violine:0, 28:1",,suntri-violine-28,SUNTRI-EN-VI28,Couleur:color:0,Pointure:select:1,Violine:0,3,28:1,1,,,,,,https://cata.meduse.co/enfants/sandales/suntri/violine/sandales-enfant-suntri-violine-cote.jpg,1,,,,,282,Suntri,,suntri-violine-28,Couleur,Pointure,Violine,3,28,7,1,15,,,,,,Sandales enfant,Enfant,Sandale,suntri enfant,suntri,violine,28,,,,suntrienfant
288,Suntri,"Couleur:color:0, Pointure:select:1","Color:color:0, Size:select:1","Violine:0, 29:1","Violine:0, 29:1",,suntri-violine-29,SUNTRI-EN-VI29,Couleur:color:0,Pointure:select:1,Violine:0,3,29:1,1,,,,,,https://cata.meduse.co/enfants/sandales/suntri/violine/sandales-enfant-suntri-violine-cote.jpg,1,,,,,282,Suntri,,suntri-violine-29,Couleur,Pointure,Violine,3,29,8,1,15,,,,,,Sandales enfant,Enfant,Sandale,suntri enfant,suntri,violine,29,,,,suntrienfant
288,Suntri,"Couleur:color:0, Pointure:select:1","Color:color:0, Size:select:1","Violine:0, 30:1","Violine:0, 30:1",,suntri-violine-30,SUNTRI-EN-VI30,Couleur:color:0,Pointure:select:1,Violine:0,3,30:1,1,,,,,,https://cata.meduse.co/enfants/sandales/suntri/violine/sandales-enfant-suntri-violine-cote.jpg,1,,,,,282,Suntri,,suntri-violine-30,Couleur,Pointure,Violine,3,30,9,1,15,,,,,,Sandales enfant,Enfant,Sandale,suntri enfant,suntri,violine,30,,,,suntrienfant
288,Suntri,"Couleur:color:0, Pointure:select:1","Color:color:0, Size:select:1","Violine:0, 31:1","Violine:0, 31:1",,suntri-violine-31,SUNTRI-EN-VI31,Couleur:color:0,Pointure:select:1,Violine:0,3,31:1,1,,,,,,https://cata.meduse.co/enfants/sandales/suntri/violine/sandales-enfant-suntri-violine-cote.jpg,1,,,,,282,Suntri,,suntri-violine-31,Couleur,Pointure,Violine,3,31,10,1,15,,,,,,Sandales enfant,Enfant,Sandale,suntri enfant,suntri,violine,31,,,,suntrienfant
288,Suntri,"Couleur:color:0, Pointure:select:1","Color:color:0, Size:select:1","Violine:0, 32:1","Violine:0, 32:1",,suntri-violine-32,SUNTRI-EN-VI32,Couleur:color:0,Pointure:select:1,Violine:0,3,32:1,1,,,,,,https://cata.meduse.co/enfants/sandales/suntri/violine/sandales-enfant-suntri-violine-cote.jpg,1,,,,,282,Suntri,,suntri-violine-32,Couleur,Pointure,Violine,3,32,11,1,15,,,,,,Sandales enfant,Enfant,Sandale,suntri enfant,suntri,violine,32,,,,suntrienfant
288,Suntri,"Couleur:color:0, Pointure:select:1","Color:color:0, Size:select:1","Violine:0, 33:1","Violine:0, 33:1",,suntri-violine-33,SUNTRI-EN-VI33,Couleur:color:0,Pointure:select:1,Violine:0,3,33:1,1,,,,,,https://cata.meduse.co/enfants/sandales/suntri/violine/sandales-enfant-suntri-violine-cote.jpg,1,,,,,282,Suntri,,suntri-violine-33,Couleur,Pointure,Violine,3,33,12,1,15,,,,,,Sandales enfant,Enfant,Sandale,suntri enfant,suntri,violine,33,,,,suntrienfant
288,Suntri,"Couleur:color:0, Pointure:select:1","Color:color:0, Size:select:1","Violine:0, 34:1","Violine:0, 34:1",,suntri-violine-34,SUNTRI-EN-VI34,Couleur:color:0,Pointure:select:1,Violine:0,3,34:1,1,,,,,,https://cata.meduse.co/enfants/sandales/suntri/violine/sandales-enfant-suntri-violine-cote.jpg,1,,,,,282,Suntri,,suntri-violine-34,Couleur,Pointure,Violine,3,34,13,1,15,,,,,,Sandales enfant,Enfant,Sandale,suntri enfant,suntri,violine,34,,,,suntrienfant
289,Suntri,"Couleur:color:0, Pointure:select:1","Color:color:0, Size:select:1","Lagon:0, 43:1","Lagon:0, 43:1",,suntri-lagon-43,SUNTRI-HO-LA43,Couleur:color:0,Pointure:select:1,Lagon:0,6,43:1,1,,,,,,https://cata.meduse.co/hommes/sandales/suntri/lagon/sandales-homme-suntri-lagon-cote.jpg,1,,,,,282,Suntri,,suntri-lagon-43,Couleur,Pointure,Lagon,1,43,22,1,18,,,,,,Sandales homme,Homme,Sandale,suntri homme,suntri,lagon,43,,,,suntrihomme
289,Suntri,"Couleur:color:0, Pointure:select:1","Color:color:0, Size:select:1","Lagon:0, 44:1","Lagon:0, 44:1",,suntri-lagon-44,SUNTRI-HO-LA44,Couleur:color:0,Pointure:select:1,Lagon:0,6,44:1,1,,,,,,https://cata.meduse.co/hommes/sandales/suntri/lagon/sandales-homme-suntri-lagon-cote.jpg,1,,,,,282,Suntri,,suntri-lagon-44,Couleur,Pointure,Lagon,1,44,23,1,18,,,,,,Sandales homme,Homme,Sandale,suntri homme,suntri,lagon,44,,,,suntrihomme
289,Suntri,"Couleur:color:0, Pointure:select:1","Color:color:0, Size:select:1","Lagon:0, 45:1","Lagon:0, 45:1",,suntri-lagon-45,SUNTRI-HO-LA45,Couleur:color:0,Pointure:select:1,Lagon:0,6,45:1,1,,,,,,https://cata.meduse.co/hommes/sandales/suntri/lagon/sandales-homme-suntri-lagon-cote.jpg,1,,,,,282,Suntri,,suntri-lagon-45,Couleur,Pointure,Lagon,1,45,24,1,18,,,,,,Sandales homme,Homme,Sandale,suntri homme,suntri,lagon,45,,,,suntrihomme
289,Suntri,"Couleur:color:0, Pointure:select:1","Color:color:0, Size:select:1","Rasta:0, 43:1","Rasta:0, 43:1",,suntri-rasta-43,SUNTRI-HO-RA43,Couleur:color:0,Pointure:select:1,Rasta:0,6,43:1,1,,,,,,https://cata.meduse.co/hommes/sandales/suntri/rasta/sandales-homme-suntri-rasta-cote.jpg,1,,,,,282,Suntri,,suntri-rasta-43,Couleur,Pointure,Rasta,2,43,22,1,18,,,,,,Sandales homme,Homme,Sandale,suntri homme,suntri,rasta,43,,,,suntrihomme
289,Suntri,"Couleur:color:0, Pointure:select:1","Color:color:0, Size:select:1","Rasta:0, 44:1","Rasta:0, 44:1",,suntri-rasta-44,SUNTRI-HO-RA44,Couleur:color:0,Pointure:select:1,Rasta:0,6,44:1,1,,,,,,https://cata.meduse.co/hommes/sandales/suntri/rasta/sandales-homme-suntri-rasta-cote.jpg,1,,,,,282,Suntri,,suntri-rasta-44,Couleur,Pointure,Rasta,2,44,23,1,18,,,,,,Sandales homme,Homme,Sandale,suntri homme,suntri,rasta,44,,,,suntrihomme
289,Suntri,"Couleur:color:0, Pointure:select:1","Color:color:0, Size:select:1","Rasta:0, 45:1","Rasta:0, 45:1",,suntri-rasta-45,SUNTRI-HO-RA45,Couleur:color:0,Pointure:select:1,Rasta:0,6,45:1,1,,,,,,https://cata.meduse.co/hommes/sandales/suntri/rasta/sandales-homme-suntri-rasta-cote.jpg,1,,,,,282,Suntri,,suntri-rasta-45,Couleur,Pointure,Rasta,2,45,24,1,18,,,,,,Sandales homme,Homme,Sandale,suntri homme,suntri,rasta,45,,,,suntrihomme
289,Suntri,"Couleur:color:0, Pointure:select:1","Color:color:0, Size:select:1","Violine:0, 43:1","Violine:0, 43:1",,suntri-violine-43,SUNTRI-HO-VI43,Couleur:color:0,Pointure:select:1,Violine:0,6,43:1,1,,,,,,https://cata.meduse.co/hommes/sandales/suntri/violine/sandales-homme-suntri-violine-cote.jpg,1,,,,,282,Suntri,,suntri-violine-43,Couleur,Pointure,Violine,3,43,22,1,18,,,,,,Sandales homme,Homme,Sandale,suntri homme,suntri,violine,43,,,,suntrihomme
