150,Flampail,"Couleur:color:0, Pointure:select:1","Color:color:0, Size:select:1","Argent pailleté:0, 42:1","Argent pailleté:0, 42:1",,flampail-argent-pailleté-42,FLAMPAIL-FE-ARPA42,Couleur:color:0,Pointure:select:1,Argent pailleté:0,0,42:1,1,,,0,,,,1,,,,,150,Flampail,,flampail-argent-pailleté-42,Couleur,Pointure,Argent pailleté,1,42,15,1,54,,,,,,Bottes femme,Femme,Botte,flampail femme,flampail,argent,pailleté,42,,,flampailfemme
151,Filo,"Couleur:color:0, Pointure:select:1","Color:color:0, Size:select:1","Anthracite/Fuchsia:0, 28:1","Anthracite/Fuchsia:0, 28:1",,filo-anthracite-fuchsia-28,FILO-EN-ANFU28,Couleur:color:0,Pointure:select:1,Anthracite-Fuchsia:0,0,28:1,1,,,1,,1,https://cata.meduse.co/enfants/bottes/filo/anthracite-fuchsia/bottes-enfant-filo-anthracite-fuchsia-cote.jpg,1,,,,,151,Filo,,filo-anthracite-fuchsia-28,Couleur,Pointure,Anthracite/Fuchsia,1,28,1,1,45,,,,,,Bottes enfant,Enfant,Botte,filo enfant,filo,anthracite,fuchsia,28,,,filoenfant
151,Filo,"Couleur:color:0, Pointure:select:1","Color:color:0, Size:select:1","Anthracite/Fuchsia:0, 29:1","Anthracite/Fuchsia:0, 29:1",,filo-anthracite-fuchsia-29,FILO-EN-ANFU29,Couleur:color:0,Pointure:select:1,Anthracite-Fuchsia:0,0,29:1,1,,,0,,,,1,,,,,151,Filo,,filo-anthracite-fuchsia-29,Couleur,Pointure,Anthracite/Fuchsia,1,29,2,1,45,,,,,,Bottes enfant,Enfant,Botte,filo enfant,filo,anthracite,fuchsia,29,,,filoenfant
151,Filo,"Couleur:color:0, Pointure:select:1","Color:color:0, Size:select:1","Anthracite/Fuchsia:0, 30:1","Anthracite/Fuchsia:0, 30:1",,filo-anthracite-fuchsia-30,FILO-EN-ANFU30,Couleur:color:0,Pointure:select:1,Anthracite-Fuchsia:0,0,30:1,1,,,0,,,,1,,,,,151,Filo,,filo-anthracite-fuchsia-30,Couleur,Pointure,Anthracite/Fuchsia,1,30,3,1,45,,,,,,Bottes enfant,Enfant,Botte,filo enfant,filo,anthracite,fuchsia,30,,,filoenfant
151,Filo,"Couleur:color:0, Pointure:select:1","Color:color:0, Size:select:1","Anthracite/Fuchsia:0, 31:1","Anthracite/Fuchsia:0, 31:1",,filo-anthracite-fuchsia-31,FILO-EN-ANFU31,Couleur:color:0,Pointure:select:1,Anthracite-Fuchsia:0,0,31:1,1,,,0,,,,1,,,,,151,Filo,,filo-anthracite-fuchsia-31,Couleur,Pointure,Anthracite/Fuchsia,1,31,4,1,45,,,,,,Bottes enfant,Enfant,Botte,filo enfant,filo,anthracite,fuchsia,31,,,filoenfant
151,Filo,"Couleur:color:0, Pointure:select:1","Color:color:0, Size:select:1","Anthracite/Fuchsia:0, 32:1","Anthracite/Fuchsia:0, 32:1",,filo-anthracite-fuchsia-32,FILO-EN-ANFU32,Couleur:color:0,Pointure:select:1,Anthracite-Fuchsia:0,0,32:1,1,,,0,,,,1,,,,,151,Filo,,filo-anthracite-fuchsia-32,Couleur,Pointure,Anthracite/Fuchsia,1,32,5,1,45,,,,,,Bottes enfant,Enfant,Botte,filo enfant,filo,anthracite,fuchsia,32,,,filoenfant
151,Filo,"Couleur:color:0, Pointure:select:1","Color:color:0, Size:select:1","Anthracite/Fuchsia:0, 33:1","Anthracite/Fuchsia:0, 33:1",,filo-anthracite-fuchsia-33,FILO-EN-ANFU33,Couleur:color:0,Pointure:select:1,Anthracite-Fuchsia:0,0,33:1,1,,,0,,,,1,,,,,151,Filo,,filo-anthracite-fuchsia-33,Couleur,Pointure,Anthracite/Fuchsia,1,33,6,1,45,,,,,,Bottes enfant,Enfant,Botte,filo enfant,filo,anthracite,fuchsia,33,,,filoenfant
151,Filo,"Couleur:color:0, Pointure:select:1","Color:color:0, Size:select:1","Anthracite/Fuchsia:0, 34:1","Anthracite/Fuchsia:0, 34:1",,filo-anthracite-fuchsia-34,FILO-EN-ANFU34,Couleur:color:0,Pointure:select:1,Anthracite-Fuchsia:0,0,34:1,1,,,0,,,,1,,,,,151,Filo,,filo-anthracite-fuchsia-34,Couleur,Pointure,Anthracite/Fuchsia,1,34,7,1,45,,,,,,Bottes enfant,Enfant,Botte,filo enfant,filo,anthracite,fuchsia,34,,,filoenfant
151,Filo,"Couleur:color:0, Pointure:select:1","Color:color:0, Size:select:1","Marine/Bleu:0, 28:1","Marine/Bleu:0, 28:1",,filo-marine-bleu-28,FILO-EN-MABL28,Couleur:color:0,Pointure:select:1,Marine-Bleu:0,0,28:1,1,,,0,,2,https://cata.meduse.co/enfants/bottes/filo/marine-bleu/bottes-enfant-filo-marine-bleu-cote.jpg,1,,,,,151,Filo,,filo-marine-bleu-28,Couleur,Pointure,Marine/Bleu,3,28,1,1,45,,,,,,Bottes enfant,Enfant,Botte,filo enfant,filo,marine,bleu,28,,,filoenfant
151,Filo,"Couleur:color:0, Pointure:select:1","Color:color:0, Size:select:1","Marine/Bleu:0, 29:1","Marine/Bleu:0, 29:1",,filo-marine-bleu-29,FILO-EN-MABL29,Couleur:color:0,Pointure:select:1,Marine-Bleu:0,0,29:1,1,,,0,,,,1,,,,,151,Filo,,filo-marine-bleu-29,Couleur,Pointure,Marine/Bleu,3,29,2,1,45,,,,,,Bottes enfant,Enfant,Botte,filo enfant,filo,marine,bleu,29,,,filoenfant
151,Filo,"Couleur:color:0, Pointure:select:1","Color:color:0, Size:select:1","Marine/Bleu:0, 30:1","Marine/Bleu:0, 30:1",,filo-marine-bleu-30,FILO-EN-MABL30,Couleur:color:0,Pointure:select:1,Marine-Bleu:0,0,30:1,1,,,0,,,,1,,,,,151,Filo,,filo-marine-bleu-30,Couleur,Pointure,Marine/Bleu,3,30,3,1,45,,,,,,Bottes enfant,Enfant,Botte,filo enfant,filo,marine,bleu,30,,,filoenfant
151,Filo,"Couleur:color:0, Pointure:select:1","Color:color:0, Size:select:1","Marine/Bleu:0, 31:1","Marine/Bleu:0, 31:1",,filo-marine-bleu-31,FILO-EN-MABL31,Couleur:color:0,Pointure:select:1,Marine-Bleu:0,0,31:1,1,,,0,,,,1,,,,,151,Filo,,filo-marine-bleu-31,Couleur,Pointure,Marine/Bleu,3,31,4,1,45,,,,,,Bottes enfant,Enfant,Botte,filo enfant,filo,marine,bleu,31,,,filoenfant
151,Filo,"Couleur:color:0, Pointure:select:1","Color:color:0, Size:select:1","Marine/Bleu:0, 32:1","Marine/Bleu:0, 32:1",,filo-marine-bleu-32,FILO-EN-MABL32,Couleur:color:0,Pointure:select:1,Marine-Bleu:0,0,32:1,1,,,0,,,,1,,,,,151,Filo,,filo-marine-bleu-32,Couleur,Pointure,Marine/Bleu,3,32,5,1,45,,,,,,Bottes enfant,Enfant,Botte,filo enfant,filo,marine,bleu,32,,,filoenfant
151,Filo,"Couleur:color:0, Pointure:select:1","Color:color:0, Size:select:1","Marine/Bleu:0, 33:1","Marine/Bleu:0, 33:1",,filo-marine-bleu-33,FILO-EN-MABL33,Couleur:color:0,Pointure:select:1,Marine-Bleu:0,0,33:1,1,,,0,,,,1,,,,,151,Filo,,filo-marine-bleu-33,Couleur,Pointure,Marine/Bleu,3,33,6,1,45,,,,,,Bottes enfant,Enfant,Botte,filo enfant,filo,marine,bleu,33,,,filoenfant
151,Filo,"Couleur:color:0, Pointure:select:1","Color:color:0, Size:select:1","Marine/Bleu:0, 34:1","Marine/Bleu:0, 34:1",,filo-marine-bleu-34,FILO-EN-MABL34,Couleur:color:0,Pointure:select:1,Marine-Bleu:0,0,34:1,1,,,0,,,,1,,,,,151,Filo,,filo-marine-bleu-34,Couleur,Pointure,Marine/Bleu,3,34,7,1,45,,,,,,Bottes enfant,Enfant,Botte,filo enfant,filo,marine,bleu,34,,,filoenfant
151,Filo,"Couleur:color:0, Pointure:select:1","Color:color:0, Size:select:1","Noir/Rouge:0, 28:1","Noir/Rouge:0, 28:1",,filo-noir-rouge-28,FILO-EN-NORO28,Couleur:color:0,Pointure:select:1,Noir-Rouge:0,0,28:1,1,,,0,,3,https://cata.meduse.co/enfants/bottes/filo/noir-rouge/bottes-enfant-filo-noir-rouge-cote.jpg,1,,,,,151,Filo,,filo-noir-rouge-28,Couleur,Pointure,Noir/Rouge,4,28,1,1,45,,,,,,Bottes enfant,Enfant,Botte,filo enfant,filo,noir,rouge,28,,,filoenfant
151,Filo,"Couleur:color:0, Pointure:select:1","Color:color:0, Size:select:1","Noir/Rouge:0, 29:1","Noir/Rouge:0, 29:1",,filo-noir-rouge-29,FILO-EN-NORO29,Couleur:color:0,Pointure:select:1,Noir-Rouge:0,0,29:1,1,,,0,,,,1,,,,,151,Filo,,filo-noir-rouge-29,Couleur,Pointure,Noir/Rouge,4,29,2,1,45,,,,,,Bottes enfant,Enfant,Botte,filo enfant,filo,noir,rouge,29,,,filoenfant
151,Filo,"Couleur:color:0, Pointure:select:1","Color:color:0, Size:select:1","Noir/Rouge:0, 30:1","Noir/Rouge:0, 30:1",,filo-noir-rouge-30,FILO-EN-NORO30,Couleur:color:0,Pointure:select:1,Noir-Rouge:0,0,30:1,1,,,0,,,,1,,,,,151,Filo,,filo-noir-rouge-30,Couleur,Pointure,Noir/Rouge,4,30,3,1,45,,,,,,Bottes enfant,Enfant,Botte,filo enfant,filo,noir,rouge,30,,,filoenfant
151,Filo,"Couleur:color:0, Pointure:select:1","Color:color:0, Size:select:1","Noir/Rouge:0, 31:1","Noir/Rouge:0, 31:1",,filo-noir-rouge-31,FILO-EN-NORO31,Couleur:color:0,Pointure:select:1,Noir-Rouge:0,0,31:1,1,,,0,,,,1,,,,,151,Filo,,filo-noir-rouge-31,Couleur,Pointure,Noir/Rouge,4,31,4,1,45,,,,,,Bottes enfant,Enfant,Botte,filo enfant,filo,noir,rouge,31,,,filoenfant
151,Filo,"Couleur:color:0, Pointure:select:1","Color:color:0, Size:select:1","Noir/Rouge:0, 32:1","Noir/Rouge:0, 32:1",,filo-noir-rouge-32,FILO-EN-NORO32,Couleur:color:0,Pointure:select:1,Noir-Rouge:0,0,32:1,1,,,0,,,,1,,,,,151,Filo,,filo-noir-rouge-32,Couleur,Pointure,Noir/Rouge,4,32,5,1,45,,,,,,Bottes enfant,Enfant,Botte,filo enfant,filo,noir,rouge,32,,,filoenfant
151,Filo,"Couleur:color:0, Pointure:select:1","Color:color:0, Size:select:1","Noir/Rouge:0, 33:1","Noir/Rouge:0, 33:1",,filo-noir-rouge-33,FILO-EN-NORO33,Couleur:color:0,Pointure:select:1,Noir-Rouge:0,0,33:1,1,,,0,,,,1,,,,,151,Filo,,filo-noir-rouge-33,Couleur,Pointure,Noir/Rouge,4,33,6,1,45,,,,,,Bottes enfant,Enfant,Botte,filo enfant,filo,noir,rouge,33,,,filoenfant
151,Filo,"Couleur:color:0, Pointure:select:1","Color:color:0, Size:select:1","Noir/Rouge:0, 34:1","Noir/Rouge:0, 34:1",,filo-noir-rouge-34,FILO-EN-NORO34,Couleur:color:0,Pointure:select:1,Noir-Rouge:0,0,34:1,1,,,0,,,,1,,,,,151,Filo,,filo-noir-rouge-34,Couleur,Pointure,Noir/Rouge,4,34,7,1,45,,,,,,Bottes enfant,Enfant,Botte,filo enfant,filo,noir,rouge,34,,,filoenfant
152,Filo,"Couleur:color:0, Pointure:select:1","Color:color:0, Size:select:1","Anthracite/Fuchsia:0, 35:1","Anthracite/Fuchsia:0, 35:1",,filo-anthracite-fuchsia-35,FILO-FE-ANFU35,Couleur:color:0,Pointure:select:1,Anthracite-Fuchsia:0,9,35:1,1,,,0,,4,https://cata.meduse.co/femmes/bottes/filo/anthracite-fuchsia/bottes-femme-filo-anthracite-fuchsia-cote.jpg,1,,,,,151,Filo,,filo-anthracite-fuchsia-35,Couleur,Pointure,Anthracite/Fuchsia,1,35,8,1,54,,,,,,Bottes femme,Femme,Botte,filo femme,filo,anthracite,fuchsia,35,,,filofemme
152,Filo,"Couleur:color:0, Pointure:select:1","Color:color:0, Size:select:1","Anthracite/Fuchsia:0, 36:1","Anthracite/Fuchsia:0, 36:1",,filo-anthracite-fuchsia-36,FILO-FE-ANFU36,Couleur:color:0,Pointure:select:1,Anthracite-Fuchsia:0,9,36:1,1,,,0,,,,1,,,,,151,Filo,,filo-anthracite-fuchsia-36,Couleur,Pointure,Anthracite/Fuchsia,1,36,9,1,54,,,,,,Bottes femme,Femme,Botte,filo femme,filo,anthracite,fuchsia,36,,,filofemme
152,Filo,"Couleur:color:0, Pointure:select:1","Color:color:0, Size:select:1","Anthracite/Fuchsia:0, 37:1","Anthracite/Fuchsia:0, 37:1",,filo-anthracite-fuchsia-37,FILO-FE-ANFU37,Couleur:color:0,Pointure:select:1,Anthracite-Fuchsia:0,9,37:1,1,,,0,,,,1,,,,,151,Filo,,filo-anthracite-fuchsia-37,Couleur,Pointure,Anthracite/Fuchsia,1,37,10,1,54,,,,,,Bottes femme,Femme,Botte,filo femme,filo,anthracite,fuchsia,37,,,filofemme
152,Filo,"Couleur:color:0, Pointure:select:1","Color:color:0, Size:select:1","Anthracite/Fuchsia:0, 38:1","Anthracite/Fuchsia:0, 38:1",,filo-anthracite-fuchsia-38,FILO-FE-ANFU38,Couleur:color:0,Pointure:select:1,Anthracite-Fuchsia:0,9,38:1,1,,,0,,,,1,,,,,151,Filo,,filo-anthracite-fuchsia-38,Couleur,Pointure,Anthracite/Fuchsia,1,38,11,1,54,,,,,,Bottes femme,Femme,Botte,filo femme,filo,anthracite,fuchsia,38,,,filofemme
152,Filo,"Couleur:color:0, Pointure:select:1","Color:color:0, Size:select:1","Anthracite/Fuchsia:0, 39:1","Anthracite/Fuchsia:0, 39:1",,filo-anthracite-fuchsia-39,FILO-FE-ANFU39,Couleur:color:0,Pointure:select:1,Anthracite-Fuchsia:0,9,39:1,1,,,0,,,,1,,,,,151,Filo,,filo-anthracite-fuchsia-39,Couleur,Pointure,Anthracite/Fuchsia,1,39,12,1,54,,,,,,Bottes femme,Femme,Botte,filo femme,filo,anthracite,fuchsia,39,,,filofemme
152,Filo,"Couleur:color:0, Pointure:select:1","Color:color:0, Size:select:1","Anthracite/Fuchsia:0, 40:1","Anthracite/Fuchsia:0, 40:1",,filo-anthracite-fuchsia-40,FILO-FE-ANFU40,Couleur:color:0,Pointure:select:1,Anthracite-Fuchsia:0,9,40:1,1,,,0,,,,1,,,,,151,Filo,,filo-anthracite-fuchsia-40,Couleur,Pointure,Anthracite/Fuchsia,1,40,13,1,54,,,,,,Bottes femme,Femme,Botte,filo femme,filo,anthracite,fuchsia,40,,,filofemme
152,Filo,"Couleur:color:0, Pointure:select:1","Color:color:0, Size:select:1","Anthracite/Fuchsia:0, 41:1","Anthracite/Fuchsia:0, 41:1",,filo-anthracite-fuchsia-41,FILO-FE-ANFU41,Couleur:color:0,Pointure:select:1,Anthracite-Fuchsia:0,9,41:1,1,,,0,,,,1,,,,,151,Filo,,filo-anthracite-fuchsia-41,Couleur,Pointure,Anthracite/Fuchsia,1,41,14,1,54,,,,,,Bottes femme,Femme,Botte,filo femme,filo,anthracite,fuchsia,41,,,filofemme
152,Filo,"Couleur:color:0, Pointure:select:1","Color:color:0, Size:select:1","Anthracite/Fuchsia:0, 42:1","Anthracite/Fuchsia:0, 42:1",,filo-anthracite-fuchsia-42,FILO-FE-ANFU42,Couleur:color:0,Pointure:select:1,Anthracite-Fuchsia:0,9,42:1,1,,,0,,,,1,,,,,151,Filo,,filo-anthracite-fuchsia-42,Couleur,Pointure,Anthracite/Fuchsia,1,42,15,1,54,,,,,,Bottes femme,Femme,Botte,filo femme,filo,anthracite,fuchsia,42,,,filofemme
152,Filo,"Couleur:color:0, Pointure:select:1","Color:color:0, Size:select:1","Anthracite/Vert d'eau:0, 35:1","Anthracite/Vert d'eau:0, 35:1",,filo-anthracite-vert-d-eau-35,FILO-FE-ANVEDEA35,Couleur:color:0,Pointure:select:1,Anthracite-Vert d'eau:0,9,35:1,1,,,0,,5,https://cata.meduse.co/femmes/bottes/filo/anthracite-vert-d-eau/bottes-femme-filo-anthracite-vert-d-eau-cote.jpg,1,,,,,151,Filo,,filo-anthracite-vert-d-eau-35,Couleur,Pointure,Anthracite/Vert d'eau,2,35,8,1,54,,,,,,Bottes femme,Femme,Botte,filo femme,filo,anthracite,vert,d,eau,35,filofemme
152,Filo,"Couleur:color:0, Pointure:select:1","Color:color:0, Size:select:1","Anthracite/Vert d'eau:0, 36:1","Anthracite/Vert d'eau:0, 36:1",,filo-anthracite-vert-d-eau-36,FILO-FE-ANVEDEA36,Couleur:color:0,Pointure:select:1,Anthracite-Vert d'eau:0,9,36:1,1,,,0,,,,1,,,,,151,Filo,,filo-anthracite-vert-d-eau-36,Couleur,Pointure,Anthracite/Vert d'eau,2,36,9,1,54,,,,,,Bottes femme,Femme,Botte,filo femme,filo,anthracite,vert,d,eau,36,filofemme
152,Filo,"Couleur:color:0, Pointure:select:1","Color:color:0, Size:select:1","Anthracite/Vert d'eau:0, 37:1","Anthracite/Vert d'eau:0, 37:1",,filo-anthracite-vert-d-eau-37,FILO-FE-ANVEDEA37,Couleur:color:0,Pointure:select:1,Anthracite-Vert d'eau:0,9,37:1,1,,,0,,,,1,,,,,151,Filo,,filo-anthracite-vert-d-eau-37,Couleur,Pointure,Anthracite/Vert d'eau,2,37,10,1,54,,,,,,Bottes femme,Femme,Botte,filo femme,filo,anthracite,vert,d,eau,37,filofemme
152,Filo,"Couleur:color:0, Pointure:select:1","Color:color:0, Size:select:1","Anthracite/Vert d'eau:0, 38:1","Anthracite/Vert d'eau:0, 38:1",,filo-anthracite-vert-d-eau-38,FILO-FE-ANVEDEA38,Couleur:color:0,Pointure:select:1,Anthracite-Vert d'eau:0,9,38:1,1,,,0,,,,1,,,,,151,Filo,,filo-anthracite-vert-d-eau-38,Couleur,Pointure,Anthracite/Vert d'eau,2,38,11,1,54,,,,,,Bottes femme,Femme,Botte,filo femme,filo,anthracite,vert,d,eau,38,filofemme
152,Filo,"Couleur:color:0, Pointure:select:1","Color:color:0, Size:select:1","Anthracite/Vert d'eau:0, 39:1","Anthracite/Vert d'eau:0, 39:1",,filo-anthracite-vert-d-eau-39,FILO-FE-ANVEDEA39,Couleur:color:0,Pointure:select:1,Anthracite-Vert d'eau:0,9,39:1,1,,,0,,,,1,,,,,151,Filo,,filo-anthracite-vert-d-eau-39,Couleur,Pointure,Anthracite/Vert d'eau,2,39,12,1,54,,,,,,Bottes femme,Femme,Botte,filo femme,filo,anthracite,vert,d,eau,39,filofemme
152,Filo,"Couleur:color:0, Pointure:select:1","Color:color:0, Size:select:1","Anthracite/Vert d'eau:0, 40:1","Anthracite/Vert d'eau:0, 40:1",,filo-anthracite-vert-d-eau-40,FILO-FE-ANVEDEA40,Couleur:color:0,Pointure:select:1,Anthracite-Vert d'eau:0,9,40:1,1,,,0,,,,1,,,,,151,Filo,,filo-anthracite-vert-d-eau-40,Couleur,Pointure,Anthracite/Vert d'eau,2,40,13,1,54,,,,,,Bottes femme,Femme,Botte,filo femme,filo,anthracite,vert,d,eau,40,filofemme
152,Filo,"Couleur:color:0, Pointure:select:1","Color:color:0, Size:select:1","Anthracite/Vert d'eau:0, 41:1","Anthracite/Vert d'eau:0, 41:1",,filo-anthracite-vert-d-eau-41,FILO-FE-ANVEDEA41,Couleur:color:0,Pointure:select:1,Anthracite-Vert d'eau:0,9,41:1,1,,,0,,,,1,,,,,151,Filo,,filo-anthracite-vert-d-eau-41,Couleur,Pointure,Anthracite/Vert d'eau,2,41,14,1,54,,,,,,Bottes femme,Femme,Botte,filo femme,filo,anthracite,vert,d,eau,41,filofemme
152,Filo,"Couleur:color:0, Pointure:select:1","Color:color:0, Size:select:1","Anthracite/Vert d'eau:0, 42:1","Anthracite/Vert d'eau:0, 42:1",,filo-anthracite-vert-d-eau-42,FILO-FE-ANVEDEA42,Couleur:color:0,Pointure:select:1,Anthracite-Vert d'eau:0,9,42:1,1,,,0,,,,1,,,,,151,Filo,,filo-anthracite-vert-d-eau-42,Couleur,Pointure,Anthracite/Vert d'eau,2,42,15,1,54,,,,,,Bottes femme,Femme,Botte,filo femme,filo,anthracite,vert,d,eau,42,filofemme
152,Filo,"Couleur:color:0, Pointure:select:1","Color:color:0, Size:select:1","Marine/Bleu:0, 35:1","Marine/Bleu:0, 35:1",,filo-marine-bleu-35,FILO-FE-MABL35,Couleur:color:0,Pointure:select:1,Marine-Bleu:0,9,35:1,1,,,0,,6,https://cata.meduse.co/femmes/bottes/filo/marine-bleu/bottes-femme-filo-marine-bleu-cote.jpg,1,,,,,151,Filo,,filo-marine-bleu-35,Couleur,Pointure,Marine/Bleu,3,35,8,1,54,,,,,,Bottes femme,Femme,Botte,filo femme,filo,marine,bleu,35,,,filofemme
152,Filo,"Couleur:color:0, Pointure:select:1","Color:color:0, Size:select:1","Marine/Bleu:0, 36:1","Marine/Bleu:0, 36:1",,filo-marine-bleu-36,FILO-FE-MABL36,Couleur:color:0,Pointure:select:1,Marine-Bleu:0,9,36:1,1,,,0,,,,1,,,,,151,Filo,,filo-marine-bleu-36,Couleur,Pointure,Marine/Bleu,3,36,9,1,54,,,,,,Bottes femme,Femme,Botte,filo femme,filo,marine,bleu,36,,,filofemme
152,Filo,"Couleur:color:0, Pointure:select:1","Color:color:0, Size:select:1","Marine/Bleu:0, 37:1","Marine/Bleu:0, 37:1",,filo-marine-bleu-37,FILO-FE-MABL37,Couleur:color:0,Pointure:select:1,Marine-Bleu:0,9,37:1,1,,,0,,,,1,,,,,151,Filo,,filo-marine-bleu-37,Couleur,Pointure,Marine/Bleu,3,37,10,1,54,,,,,,Bottes femme,Femme,Botte,filo femme,filo,marine,bleu,37,,,filofemme
152,Filo,"Couleur:color:0, Pointure:select:1","Color:color:0, Size:select:1","Marine/Bleu:0, 38:1","Marine/Bleu:0, 38:1",,filo-marine-bleu-38,FILO-FE-MABL38,Couleur:color:0,Pointure:select:1,Marine-Bleu:0,9,38:1,1,,,0,,,,1,,,,,151,Filo,,filo-marine-bleu-38,Couleur,Pointure,Marine/Bleu,3,38,11,1,54,,,,,,Bottes femme,Femme,Botte,filo femme,filo,marine,bleu,38,,,filofemme
152,Filo,"Couleur:color:0, Pointure:select:1","Color:color:0, Size:select:1","Marine/Bleu:0, 39:1","Marine/Bleu:0, 39:1",,filo-marine-bleu-39,FILO-FE-MABL39,Couleur:color:0,Pointure:select:1,Marine-Bleu:0,9,39:1,1,,,0,,,,1,,,,,151,Filo,,filo-marine-bleu-39,Couleur,Pointure,Marine/Bleu,3,39,12,1,54,,,,,,Bottes femme,Femme,Botte,filo femme,filo,marine,bleu,39,,,filofemme
152,Filo,"Couleur:color:0, Pointure:select:1","Color:color:0, Size:select:1","Marine/Bleu:0, 40:1","Marine/Bleu:0, 40:1",,filo-marine-bleu-40,FILO-FE-MABL40,Couleur:color:0,Pointure:select:1,Marine-Bleu:0,9,40:1,1,,,0,,,,1,,,,,151,Filo,,filo-marine-bleu-40,Couleur,Pointure,Marine/Bleu,3,40,13,1,54,,,,,,Bottes femme,Femme,Botte,filo femme,filo,marine,bleu,40,,,filofemme
152,Filo,"Couleur:color:0, Pointure:select:1","Color:color:0, Size:select:1","Marine/Bleu:0, 41:1","Marine/Bleu:0, 41:1",,filo-marine-bleu-41,FILO-FE-MABL41,Couleur:color:0,Pointure:select:1,Marine-Bleu:0,9,41:1,1,,,0,,,,1,,,,,151,Filo,,filo-marine-bleu-41,Couleur,Pointure,Marine/Bleu,3,41,14,1,54,,,,,,Bottes femme,Femme,Botte,filo femme,filo,marine,bleu,41,,,filofemme
152,Filo,"Couleur:color:0, Pointure:select:1","Color:color:0, Size:select:1","Marine/Bleu:0, 42:1","Marine/Bleu:0, 42:1",,filo-marine-bleu-42,FILO-FE-MABL42,Couleur:color:0,Pointure:select:1,Marine-Bleu:0,9,42:1,1,,,0,,,,1,,,,,151,Filo,,filo-marine-bleu-42,Couleur,Pointure,Marine/Bleu,3,42,15,1,54,,,,,,Bottes femme,Femme,Botte,filo femme,filo,marine,bleu,42,,,filofemme
152,Filo,"Couleur:color:0, Pointure:select:1","Color:color:0, Size:select:1","Noir/Rouge:0, 35:1","Noir/Rouge:0, 35:1",,filo-noir-rouge-35,FILO-FE-NORO35,Couleur:color:0,Pointure:select:1,Noir-Rouge:0,9,35:1,1,,,0,,7,https://cata.meduse.co/femmes/bottes/filo/noir-rouge/bottes-femme-filo-noir-rouge-cote.jpg,1,,,,,151,Filo,,filo-noir-rouge-35,Couleur,Pointure,Noir/Rouge,4,35,8,1,54,,,,,,Bottes femme,Femme,Botte,filo femme,filo,noir,rouge,35,,,filofemme
152,Filo,"Couleur:color:0, Pointure:select:1","Color:color:0, Size:select:1","Noir/Rouge:0, 36:1","Noir/Rouge:0, 36:1",,filo-noir-rouge-36,FILO-FE-NORO36,Couleur:color:0,Pointure:select:1,Noir-Rouge:0,9,36:1,1,,,0,,,,1,,,,,151,Filo,,filo-noir-rouge-36,Couleur,Pointure,Noir/Rouge,4,36,9,1,54,,,,,,Bottes femme,Femme,Botte,filo femme,filo,noir,rouge,36,,,filofemme
152,Filo,"Couleur:color:0, Pointure:select:1","Color:color:0, Size:select:1","Noir/Rouge:0, 37:1","Noir/Rouge:0, 37:1",,filo-noir-rouge-37,FILO-FE-NORO37,Couleur:color:0,Pointure:select:1,Noir-Rouge:0,9,37:1,1,,,0,,,,1,,,,,151,Filo,,filo-noir-rouge-37,Couleur,Pointure,Noir/Rouge,4,37,10,1,54,,,,,,Bottes femme,Femme,Botte,filo femme,filo,noir,rouge,37,,,filofemme
152,Filo,"Couleur:color:0, Pointure:select:1","Color:color:0, Size:select:1","Noir/Rouge:0, 38:1","Noir/Rouge:0, 38:1",,filo-noir-rouge-38,FILO-FE-NORO38,Couleur:color:0,Pointure:select:1,Noir-Rouge:0,9,38:1,1,,,0,,,,1,,,,,151,Filo,,filo-noir-rouge-38,Couleur,Pointure,Noir/Rouge,4,38,11,1,54,,,,,,Bottes femme,Femme,Botte,filo femme,filo,noir,rouge,38,,,filofemme
152,Filo,"Couleur:color:0, Pointure:select:1","Color:color:0, Size:select:1","Noir/Rouge:0, 39:1","Noir/Rouge:0, 39:1",,filo-noir-rouge-39,FILO-FE-NORO39,Couleur:color:0,Pointure:select:1,Noir-Rouge:0,9,39:1,1,,,0,,,,1,,,,,151,Filo,,filo-noir-rouge-39,Couleur,Pointure,Noir/Rouge,4,39,12,1,54,,,,,,Bottes femme,Femme,Botte,filo femme,filo,noir,rouge,39,,,filofemme
152,Filo,"Couleur:color:0, Pointure:select:1","Color:color:0, Size:select:1","Noir/Rouge:0, 40:1","Noir/Rouge:0, 40:1",,filo-noir-rouge-40,FILO-FE-NORO40,Couleur:color:0,Pointure:select:1,Noir-Rouge:0,9,40:1,1,,,0,,,,1,,,,,151,Filo,,filo-noir-rouge-40,Couleur,Pointure,Noir/Rouge,4,40,13,1,54,,,,,,Bottes femme,Femme,Botte,filo femme,filo,noir,rouge,40,,,filofemme
152,Filo,"Couleur:color:0, Pointure:select:1","Color:color:0, Size:select:1","Noir/Rouge:0, 41:1","Noir/Rouge:0, 41:1",,filo-noir-rouge-41,FILO-FE-NORO41,Couleur:color:0,Pointure:select:1,Noir-Rouge:0,9,41:1,1,,,0,,,,1,,,,,151,Filo,,filo-noir-rouge-41,Couleur,Pointure,Noir/Rouge,4,41,14,1,54,,,,,,Bottes femme,Femme,Botte,filo femme,filo,noir,rouge,41,,,filofemme
152,Filo,"Couleur:color:0, Pointure:select:1","Color:color:0, Size:select:1","Noir/Rouge:0, 42:1","Noir/Rouge:0, 42:1",,filo-noir-rouge-42,FILO-FE-NORO42,Couleur:color:0,Pointure:select:1,Noir-Rouge:0,9,42:1,1,,,0,,,,1,,,,,151,Filo,,filo-noir-rouge-42,Couleur,Pointure,Noir/Rouge,4,42,15,1,54,,,,,,Bottes femme,Femme,Botte,filo femme,filo,noir,rouge,42,,,filofemme
156,Jom,"Couleur:color:0, Pointure:select:1","Color:color:0, Size:select:1","Marine/Bleu:0, 40:1","Marine/Bleu:0, 40:1",,jom-marine-bleu-40,JOM-HO-MABL40,Couleur:color:0,Pointure:select:1,Marine-Bleu:0,0,40:1,1,,,1,,1,https://cata.meduse.co/hommes/bottines/jom/marine-bleu/bottines-homme-jom-marine-bleu-cote.jpg,1,,,,,156,Jom,,jom-marine-bleu-40,Couleur,Pointure,Marine/Bleu,1,40,1,1,48,,,,,,Bottines homme,Homme,Bottine,jom homme,jom,marine,bleu,40,,,jomhomme
156,Jom,"Couleur:color:0, Pointure:select:1","Color:color:0, Size:select:1","Marine/Bleu:0, 41:1","Marine/Bleu:0, 41:1",,jom-marine-bleu-41,JOM-HO-MABL41,Couleur:color:0,Pointure:select:1,Marine-Bleu:0,0,41:1,1,,,0,,,,1,,,,,156,Jom,,jom-marine-bleu-41,Couleur,Pointure,Marine/Bleu,1,41,2,1,48,,,,,,Bottines homme,Homme,Bottine,jom homme,jom,marine,bleu,41,,,jomhomme
156,Jom,"Couleur:color:0, Pointure:select:1","Color:color:0, Size:select:1","Marine/Bleu:0, 42:1","Marine/Bleu:0, 42:1",,jom-marine-bleu-42,JOM-HO-MABL42,Couleur:color:0,Pointure:select:1,Marine-Bleu:0,0,42:1,1,,,0,,,,1,,,,,156,Jom,,jom-marine-bleu-42,Couleur,Pointure,Marine/Bleu,1,42,3,1,48,,,,,,Bottines homme,Homme,Bottine,jom homme,jom,marine,bleu,42,,,jomhomme
156,Jom,"Couleur:color:0, Pointure:select:1","Color:color:0, Size:select:1","Marine/Bleu:0, 43:1","Marine/Bleu:0, 43:1",,jom-marine-bleu-43,JOM-HO-MABL43,Couleur:color:0,Pointure:select:1,Marine-Bleu:0,0,43:1,1,,,0,,,,1,,,,,156,Jom,,jom-marine-bleu-43,Couleur,Pointure,Marine/Bleu,1,43,4,1,48,,,,,,Bottines homme,Homme,Bottine,jom homme,jom,marine,bleu,43,,,jomhomme
156,Jom,"Couleur:color:0, Pointure:select:1","Color:color:0, Size:select:1","Marine/Bleu:0, 44:1","Marine/Bleu:0, 44:1",,jom-marine-bleu-44,JOM-HO-MABL44,Couleur:color:0,Pointure:select:1,Marine-Bleu:0,0,44:1,1,,,0,,,,1,,,,,156,Jom,,jom-marine-bleu-44,Couleur,Pointure,Marine/Bleu,1,44,5,1,48,,,,,,Bottines homme,Homme,Bottine,jom homme,jom,marine,bleu,44,,,jomhomme
156,Jom,"Couleur:color:0, Pointure:select:1","Color:color:0, Size:select:1","Marine/Bleu:0, 45:1","Marine/Bleu:0, 45:1",,jom-marine-bleu-45,JOM-HO-MABL45,Couleur:color:0,Pointure:select:1,Marine-Bleu:0,0,45:1,1,,,0,,,,1,,,,,156,Jom,,jom-marine-bleu-45,Couleur,Pointure,Marine/Bleu,1,45,6,1,48,,,,,,Bottines homme,Homme,Bottine,jom homme,jom,marine,bleu,45,,,jomhomme
156,Jom,"Couleur:color:0, Pointure:select:1","Color:color:0, Size:select:1","Marron/Noir:0, 40:1","Marron/Noir:0, 40:1",,jom-marron-noir-40,JOM-HO-MANO40,Couleur:color:0,Pointure:select:1,Marron-Noir:0,0,40:1,1,,,0,,2,https://cata.meduse.co/hommes/bottines/jom/marron-noir/bottines-homme-jom-marron-noir-cote.jpg,1,,,,,156,Jom,,jom-marron-noir-40,Couleur,Pointure,Marron/Noir,2,40,1,1,48,,,,,,Bottines homme,Homme,Bottine,jom homme,jom,marron,noir,40,,,jomhomme
156,Jom,"Couleur:color:0, Pointure:select:1","Color:color:0, Size:select:1","Marron/Noir:0, 41:1","Marron/Noir:0, 41:1",,jom-marron-noir-41,JOM-HO-MANO41,Couleur:color:0,Pointure:select:1,Marron-Noir:0,0,41:1,1,,,0,,,,1,,,,,156,Jom,,jom-marron-noir-41,Couleur,Pointure,Marron/Noir,2,41,2,1,48,,,,,,Bottines homme,Homme,Bottine,jom homme,jom,marron,noir,41,,,jomhomme
156,Jom,"Couleur:color:0, Pointure:select:1","Color:color:0, Size:select:1","Marron/Noir:0, 42:1","Marron/Noir:0, 42:1",,jom-marron-noir-42,JOM-HO-MANO42,Couleur:color:0,Pointure:select:1,Marron-Noir:0,0,42:1,1,,,0,,,,1,,,,,156,Jom,,jom-marron-noir-42,Couleur,Pointure,Marron/Noir,2,42,3,1,48,,,,,,Bottines homme,Homme,Bottine,jom homme,jom,marron,noir,42,,,jomhomme
156,Jom,"Couleur:color:0, Pointure:select:1","Color:color:0, Size:select:1","Marron/Noir:0, 43:1","Marron/Noir:0, 43:1",,jom-marron-noir-43,JOM-HO-MANO43,Couleur:color:0,Pointure:select:1,Marron-Noir:0,0,43:1,1,,,0,,,,1,,,,,156,Jom,,jom-marron-noir-43,Couleur,Pointure,Marron/Noir,2,43,4,1,48,,,,,,Bottines homme,Homme,Bottine,jom homme,jom,marron,noir,43,,,jomhomme
156,Jom,"Couleur:color:0, Pointure:select:1","Color:color:0, Size:select:1","Marron/Noir:0, 44:1","Marron/Noir:0, 44:1",,jom-marron-noir-44,JOM-HO-MANO44,Couleur:color:0,Pointure:select:1,Marron-Noir:0,0,44:1,1,,,0,,,,1,,,,,156,Jom,,jom-marron-noir-44,Couleur,Pointure,Marron/Noir,2,44,5,1,48,,,,,,Bottines homme,Homme,Bottine,jom homme,jom,marron,noir,44,,,jomhomme
156,Jom,"Couleur:color:0, Pointure:select:1","Color:color:0, Size:select:1","Marron/Noir:0, 45:1","Marron/Noir:0, 45:1",,jom-marron-noir-45,JOM-HO-MANO45,Couleur:color:0,Pointure:select:1,Marron-Noir:0,0,45:1,1,,,0,,,,1,,,,,156,Jom,,jom-marron-noir-45,Couleur,Pointure,Marron/Noir,2,45,6,1,48,,,,,,Bottines homme,Homme,Bottine,jom homme,jom,marron,noir,45,,,jomhomme
156,Jom,"Couleur:color:0, Pointure:select:1","Color:color:0, Size:select:1","Marron/Pétrole:0, 40:1","Marron/Pétrole:0, 40:1",,jom-marron-pétrole-40,JOM-HO-MAPE40,Couleur:color:0,Pointure:select:1,Marron-Pétrole:0,0,40:1,1,,,0,,3,https://cata.meduse.co/hommes/bottines/jom/marron-petrole/bottines-homme-jom-marron-petrole-cote.jpg,1,,,,,156,Jom,,jom-marron-pétrole-40,Couleur,Pointure,Marron/Pétrole,3,40,1,1,48,,,,,,Bottines homme,Homme,Bottine,jom homme,jom,marron,pétrole,40,,,jomhomme
156,Jom,"Couleur:color:0, Pointure:select:1","Color:color:0, Size:select:1","Marron/Pétrole:0, 41:1","Marron/Pétrole:0, 41:1",,jom-marron-pétrole-41,JOM-HO-MAPE41,Couleur:color:0,Pointure:select:1,Marron-Pétrole:0,0,41:1,1,,,0,,,,1,,,,,156,Jom,,jom-marron-pétrole-41,Couleur,Pointure,Marron/Pétrole,3,41,2,1,48,,,,,,Bottines homme,Homme,Bottine,jom homme,jom,marron,pétrole,41,,,jomhomme
156,Jom,"Couleur:color:0, Pointure:select:1","Color:color:0, Size:select:1","Marron/Pétrole:0, 42:1","Marron/Pétrole:0, 42:1",,jom-marron-pétrole-42,JOM-HO-MAPE42,Couleur:color:0,Pointure:select:1,Marron-Pétrole:0,0,42:1,1,,,0,,,,1,,,,,156,Jom,,jom-marron-pétrole-42,Couleur,Pointure,Marron/Pétrole,3,42,3,1,48,,,,,,Bottines homme,Homme,Bottine,jom homme,jom,marron,pétrole,42,,,jomhomme
156,Jom,"Couleur:color:0, Pointure:select:1","Color:color:0, Size:select:1","Marron/Pétrole:0, 43:1","Marron/Pétrole:0, 43:1",,jom-marron-pétrole-43,JOM-HO-MAPE43,Couleur:color:0,Pointure:select:1,Marron-Pétrole:0,0,43:1,1,,,0,,,,1,,,,,156,Jom,,jom-marron-pétrole-43,Couleur,Pointure,Marron/Pétrole,3,43,4,1,48,,,,,,Bottines homme,Homme,Bottine,jom homme,jom,marron,pétrole,43,,,jomhomme
156,Jom,"Couleur:color:0, Pointure:select:1","Color:color:0, Size:select:1","Marron/Pétrole:0, 44:1","Marron/Pétrole:0, 44:1",,jom-marron-pétrole-44,JOM-HO-MAPE44,Couleur:color:0,Pointure:select:1,Marron-Pétrole:0,0,44:1,1,,,0,,,,1,,,,,156,Jom,,jom-marron-pétrole-44,Couleur,Pointure,Marron/Pétrole,3,44,5,1,48,,,,,,Bottines homme,Homme,Bottine,jom homme,jom,marron,pétrole,44,,,jomhomme
156,Jom,"Couleur:color:0, Pointure:select:1","Color:color:0, Size:select:1","Marron/Pétrole:0, 45:1","Marron/Pétrole:0, 45:1",,jom-marron-pétrole-45,JOM-HO-MAPE45,Couleur:color:0,Pointure:select:1,Marron-Pétrole:0,0,45:1,1,,,0,,,,1,,,,,156,Jom,,jom-marron-pétrole-45,Couleur,Pointure,Marron/Pétrole,3,45,6,1,48,,,,,,Bottines homme,Homme,Bottine,jom homme,jom,marron,pétrole,45,,,jomhomme
156,Jom,"Couleur:color:0, Pointure:select:1","Color:color:0, Size:select:1","Noir:0, 40:1","Noir:0, 40:1",,jom-noir-40,JOM-HO-NO40,Couleur:color:0,Pointure:select:1,Noir:0,0,40:1,1,,,0,,4,https://cata.meduse.co/hommes/bottines/jom/noir/bottines-homme-jom-noir-cote.jpg,1,,,,,156,Jom,,jom-noir-40,Couleur,Pointure,Noir,4,40,1,1,48,,,,,,Bottines homme,Homme,Bottine,jom homme,jom,noir,40,,,,jomhomme
156,Jom,"Couleur:color:0, Pointure:select:1","Color:color:0, Size:select:1","Noir:0, 41:1","Noir:0, 41:1",,jom-noir-41,JOM-HO-NO41,Couleur:color:0,Pointure:select:1,Noir:0,0,41:1,1,,,0,,,,1,,,,,156,Jom,,jom-noir-41,Couleur,Pointure,Noir,4,41,2,1,48,,,,,,Bottines homme,Homme,Bottine,jom homme,jom,noir,41,,,,jomhomme
156,Jom,"Couleur:color:0, Pointure:select:1","Color:color:0, Size:select:1","Noir:0, 42:1","Noir:0, 42:1",,jom-noir-42,JOM-HO-NO42,Couleur:color:0,Pointure:select:1,Noir:0,0,42:1,1,,,0,,,,1,,,,,156,Jom,,jom-noir-42,Couleur,Pointure,Noir,4,42,3,1,48,,,,,,Bottines homme,Homme,Bottine,jom homme,jom,noir,42,,,,jomhomme
156,Jom,"Couleur:color:0, Pointure:select:1","Color:color:0, Size:select:1","Noir:0, 43:1","Noir:0, 43:1",,jom-noir-43,JOM-HO-NO43,Couleur:color:0,Pointure:select:1,Noir:0,0,43:1,1,,,0,,,,1,,,,,156,Jom,,jom-noir-43,Couleur,Pointure,Noir,4,43,4,1,48,,,,,,Bottines homme,Homme,Bottine,jom homme,jom,noir,43,,,,jomhomme
156,Jom,"Couleur:color:0, Pointure:select:1","Color:color:0, Size:select:1","Noir:0, 44:1","Noir:0, 44:1",,jom-noir-44,JOM-HO-NO44,Couleur:color:0,Pointure:select:1,Noir:0,0,44:1,1,,,0,,,,1,,,,,156,Jom,,jom-noir-44,Couleur,Pointure,Noir,4,44,5,1,48,,,,,,Bottines homme,Homme,Bottine,jom homme,jom,noir,44,,,,jomhomme
156,Jom,"Couleur:color:0, Pointure:select:1","Color:color:0, Size:select:1","Noir:0, 45:1","Noir:0, 45:1",,jom-noir-45,JOM-HO-NO45,Couleur:color:0,Pointure:select:1,Noir:0,0,45:1,1,,,0,,,,1,,,,,156,Jom,,jom-noir-45,Couleur,Pointure,Noir,4,45,6,1,48,,,,,,Bottines homme,Homme,Bottine,jom homme,jom,noir,45,,,,jomhomme
157,Jumping,"Couleur:color:0, Pointure:select:1","Color:color:0, Size:select:1","Marine/Pois blanc:0, 30:1","Marine/Pois blanc:0, 30:1",,jumping-marine-pois-blanc-30,JUMPING-EN-MAPOBL30,Couleur:color:0,Pointure:select:1,Marine-Pois blanc:0,0,30:1,1,,,1,,1,https://cata.meduse.co/enfants/bottines/jumping/marine-pois-blanc/bottines-enfant-jumping-marine-pois-blanc-cote.jpg,1,,,,,157,Jumping,,jumping-marine-pois-blanc-30,Couleur,Pointure,Marine/Pois blanc,1,30,1,1,51,,,,,,Bottines enfant,Enfant,Bottine,jumping enfant,jumping,marine,pois,blanc,30,,jumpingenfant
157,Jumping,"Couleur:color:0, Pointure:select:1","Color:color:0, Size:select:1","Marine/Pois blanc:0, 31:1","Marine/Pois blanc:0, 31:1",,jumping-marine-pois-blanc-31,JUMPING-EN-MAPOBL31,Couleur:color:0,Pointure:select:1,Marine-Pois blanc:0,0,31:1,1,,,0,,,,1,,,,,157,Jumping,,jumping-marine-pois-blanc-31,Couleur,Pointure,Marine/Pois blanc,1,31,2,1,51,,,,,,Bottines enfant,Enfant,Bottine,jumping enfant,jumping,marine,pois,blanc,31,,jumpingenfant
157,Jumping,"Couleur:color:0, Pointure:select:1","Color:color:0, Size:select:1","Marine/Pois blanc:0, 32:1","Marine/Pois blanc:0, 32:1",,jumping-marine-pois-blanc-32,JUMPING-EN-MAPOBL32,Couleur:color:0,Pointure:select:1,Marine-Pois blanc:0,0,32:1,1,,,0,,,,1,,,,,157,Jumping,,jumping-marine-pois-blanc-32,Couleur,Pointure,Marine/Pois blanc,1,32,3,1,51,,,,,,Bottines enfant,Enfant,Bottine,jumping enfant,jumping,marine,pois,blanc,32,,jumpingenfant
157,Jumping,"Couleur:color:0, Pointure:select:1","Color:color:0, Size:select:1","Marine/Pois blanc:0, 33:1","Marine/Pois blanc:0, 33:1",,jumping-marine-pois-blanc-33,JUMPING-EN-MAPOBL33,Couleur:color:0,Pointure:select:1,Marine-Pois blanc:0,0,33:1,1,,,0,,,,1,,,,,157,Jumping,,jumping-marine-pois-blanc-33,Couleur,Pointure,Marine/Pois blanc,1,33,4,1,51,,,,,,Bottines enfant,Enfant,Bottine,jumping enfant,jumping,marine,pois,blanc,33,,jumpingenfant
157,Jumping,"Couleur:color:0, Pointure:select:1","Color:color:0, Size:select:1","Marine/Pois blanc:0, 34:1","Marine/Pois blanc:0, 34:1",,jumping-marine-pois-blanc-34,JUMPING-EN-MAPOBL34,Couleur:color:0,Pointure:select:1,Marine-Pois blanc:0,0,34:1,1,,,0,,,,1,,,,,157,Jumping,,jumping-marine-pois-blanc-34,Couleur,Pointure,Marine/Pois blanc,1,34,5,1,51,,,,,,Bottines enfant,Enfant,Bottine,jumping enfant,jumping,marine,pois,blanc,34,,jumpingenfant
157,Jumping,"Couleur:color:0, Pointure:select:1","Color:color:0, Size:select:1","Panthère/Fuchsia:0, 30:1","Panthère/Fuchsia:0, 30:1",,jumping-panthère-fuchsia-30,JUMPING-EN-PAFU30,Couleur:color:0,Pointure:select:1,Panthère-Fuchsia:0,0,30:1,1,,,0,,2,https://cata.meduse.co/enfants/bottines/jumping/panthere-fuchsia/bottines-enfant-jumping-panthere-fuchsia-cote.jpg,1,,,,,157,Jumping,,jumping-panthère-fuchsia-30,Couleur,Pointure,Panthère/Fuchsia,2,30,1,1,51,,,,,,Bottines enfant,Enfant,Bottine,jumping enfant,jumping,panthère,fuchsia,30,,,jumpingenfant
157,Jumping,"Couleur:color:0, Pointure:select:1","Color:color:0, Size:select:1","Panthère/Fuchsia:0, 31:1","Panthère/Fuchsia:0, 31:1",,jumping-panthère-fuchsia-31,JUMPING-EN-PAFU31,Couleur:color:0,Pointure:select:1,Panthère-Fuchsia:0,0,31:1,1,,,0,,,,1,,,,,157,Jumping,,jumping-panthère-fuchsia-31,Couleur,Pointure,Panthère/Fuchsia,2,31,2,1,51,,,,,,Bottines enfant,Enfant,Bottine,jumping enfant,jumping,panthère,fuchsia,31,,,jumpingenfant
157,Jumping,"Couleur:color:0, Pointure:select:1","Color:color:0, Size:select:1","Panthère/Fuchsia:0, 32:1","Panthère/Fuchsia:0, 32:1",,jumping-panthère-fuchsia-32,JUMPING-EN-PAFU32,Couleur:color:0,Pointure:select:1,Panthère-Fuchsia:0,0,32:1,1,,,0,,,,1,,,,,157,Jumping,,jumping-panthère-fuchsia-32,Couleur,Pointure,Panthère/Fuchsia,2,32,3,1,51,,,,,,Bottines enfant,Enfant,Bottine,jumping enfant,jumping,panthère,fuchsia,32,,,jumpingenfant
157,Jumping,"Couleur:color:0, Pointure:select:1","Color:color:0, Size:select:1","Panthère/Fuchsia:0, 33:1","Panthère/Fuchsia:0, 33:1",,jumping-panthère-fuchsia-33,JUMPING-EN-PAFU33,Couleur:color:0,Pointure:select:1,Panthère-Fuchsia:0,0,33:1,1,,,0,,,,1,,,,,157,Jumping,,jumping-panthère-fuchsia-33,Couleur,Pointure,Panthère/Fuchsia,2,33,4,1,51,,,,,,Bottines enfant,Enfant,Bottine,jumping enfant,jumping,panthère,fuchsia,33,,,jumpingenfant
157,Jumping,"Couleur:color:0, Pointure:select:1","Color:color:0, Size:select:1","Panthère/Fuchsia:0, 34:1","Panthère/Fuchsia:0, 34:1",,jumping-panthère-fuchsia-34,JUMPING-EN-PAFU34,Couleur:color:0,Pointure:select:1,Panthère-Fuchsia:0,0,34:1,1,,,0,,,,1,,,,,157,Jumping,,jumping-panthère-fuchsia-34,Couleur,Pointure,Panthère/Fuchsia,2,34,5,1,51,,,,,,Bottines enfant,Enfant,Bottine,jumping enfant,jumping,panthère,fuchsia,34,,,jumpingenfant
159,Airport,"Couleur:color:0, Pointure:select:1","Color:color:0, Size:select:1","Canari/Blanc:0, 20:1","Canari/Blanc:0, 20:1",,airport-canari-blanc-20,AIRPORT-EN-CABL20,Couleur:color:0,Pointure:select:1,Canari-Blanc:0,0,20:1,1,,,1,,1,https://cata.meduse.co/enfants/bottes/airport/canari-blanc/bottes-enfant-airport-canari-blanc-cote.jpg,1,,,,,159,Airport,,airport-canari-blanc-20,Couleur,Pointure,Canari/Blanc,1,20,1,1,27,,,,,,Bottes enfant,Enfant,Botte,airport enfant,airport,canari,blanc,20,,,airportenfant
159,Airport,"Couleur:color:0, Pointure:select:1","Color:color:0, Size:select:1","Canari/Blanc:0, 21:1","Canari/Blanc:0, 21:1",,airport-canari-blanc-21,AIRPORT-EN-CABL21,Couleur:color:0,Pointure:select:1,Canari-Blanc:0,0,21:1,1,,,0,,,,1,,,,,159,Airport,,airport-canari-blanc-21,Couleur,Pointure,Canari/Blanc,1,21,2,1,27,,,,,,Bottes enfant,Enfant,Botte,airport enfant,airport,canari,blanc,21,,,airportenfant
159,Airport,"Couleur:color:0, Pointure:select:1","Color:color:0, Size:select:1","Canari/Blanc:0, 22:1","Canari/Blanc:0, 22:1",,airport-canari-blanc-22,AIRPORT-EN-CABL22,Couleur:color:0,Pointure:select:1,Canari-Blanc:0,0,22:1,1,,,0,,,,1,,,,,159,Airport,,airport-canari-blanc-22,Couleur,Pointure,Canari/Blanc,1,22,3,1,27,,,,,,Bottes enfant,Enfant,Botte,airport enfant,airport,canari,blanc,22,,,airportenfant
159,Airport,"Couleur:color:0, Pointure:select:1","Color:color:0, Size:select:1","Canari/Blanc:0, 23:1","Canari/Blanc:0, 23:1",,airport-canari-blanc-23,AIRPORT-EN-CABL23,Couleur:color:0,Pointure:select:1,Canari-Blanc:0,0,23:1,1,,,0,,,,1,,,,,159,Airport,,airport-canari-blanc-23,Couleur,Pointure,Canari/Blanc,1,23,4,1,27,,,,,,Bottes enfant,Enfant,Botte,airport enfant,airport,canari,blanc,23,,,airportenfant
159,Airport,"Couleur:color:0, Pointure:select:1","Color:color:0, Size:select:1","Canari/Blanc:0, 24:1","Canari/Blanc:0, 24:1",,airport-canari-blanc-24,AIRPORT-EN-CABL24,Couleur:color:0,Pointure:select:1,Canari-Blanc:0,0,24:1,1,,,0,,,,1,,,,,159,Airport,,airport-canari-blanc-24,Couleur,Pointure,Canari/Blanc,1,24,5,1,27,,,,,,Bottes enfant,Enfant,Botte,airport enfant,airport,canari,blanc,24,,,airportenfant
159,Airport,"Couleur:color:0, Pointure:select:1","Color:color:0, Size:select:1","Canari/Blanc:0, 25:1","Canari/Blanc:0, 25:1",,airport-canari-blanc-25,AIRPORT-EN-CABL25,Couleur:color:0,Pointure:select:1,Canari-Blanc:0,0,25:1,1,,,0,,,,1,,,,,159,Airport,,airport-canari-blanc-25,Couleur,Pointure,Canari/Blanc,1,25,6,1,27,,,,,,Bottes enfant,Enfant,Botte,airport enfant,airport,canari,blanc,25,,,airportenfant
159,Airport,"Couleur:color:0, Pointure:select:1","Color:color:0, Size:select:1","Canari/Blanc:0, 26:1","Canari/Blanc:0, 26:1",,airport-canari-blanc-26,AIRPORT-EN-CABL26,Couleur:color:0,Pointure:select:1,Canari-Blanc:0,0,26:1,1,,,0,,,,1,,,,,159,Airport,,airport-canari-blanc-26,Couleur,Pointure,Canari/Blanc,1,26,7,1,27,,,,,,Bottes enfant,Enfant,Botte,airport enfant,airport,canari,blanc,26,,,airportenfant
159,Airport,"Couleur:color:0, Pointure:select:1","Color:color:0, Size:select:1","Canari/Blanc:0, 27:1","Canari/Blanc:0, 27:1",,airport-canari-blanc-27,AIRPORT-EN-CABL27,Couleur:color:0,Pointure:select:1,Canari-Blanc:0,0,27:1,1,,,0,,,,1,,,,,159,Airport,,airport-canari-blanc-27,Couleur,Pointure,Canari/Blanc,1,27,8,1,27,,,,,,Bottes enfant,Enfant,Botte,airport enfant,airport,canari,blanc,27,,,airportenfant
159,Airport,"Couleur:color:0, Pointure:select:1","Color:color:0, Size:select:1","Canari/Blanc:0, 28:1","Canari/Blanc:0, 28:1",,airport-canari-blanc-28,AIRPORT-EN-CABL28,Couleur:color:0,Pointure:select:1,Canari-Blanc:0,3,28:1,1,,,0,,,,1,,,,,159,Airport,,airport-canari-blanc-28,Couleur,Pointure,Canari/Blanc,1,28,9,1,30,,,,,,Bottes enfant,Enfant,Botte,airport enfant,airport,canari,blanc,28,,,airportenfant
159,Airport,"Couleur:color:0, Pointure:select:1","Color:color:0, Size:select:1","Canari/Blanc:0, 29:1","Canari/Blanc:0, 29:1",,airport-canari-blanc-29,AIRPORT-EN-CABL29,Couleur:color:0,Pointure:select:1,Canari-Blanc:0,3,29:1,1,,,0,,,,1,,,,,159,Airport,,airport-canari-blanc-29,Couleur,Pointure,Canari/Blanc,1,29,10,1,30,,,,,,Bottes enfant,Enfant,Botte,airport enfant,airport,canari,blanc,29,,,airportenfant
159,Airport,"Couleur:color:0, Pointure:select:1","Color:color:0, Size:select:1","Canari/Blanc:0, 30:1","Canari/Blanc:0, 30:1",,airport-canari-blanc-30,AIRPORT-EN-CABL30,Couleur:color:0,Pointure:select:1,Canari-Blanc:0,3,30:1,1,,,0,,,,1,,,,,159,Airport,,airport-canari-blanc-30,Couleur,Pointure,Canari/Blanc,1,30,11,1,30,,,,,,Bottes enfant,Enfant,Botte,airport enfant,airport,canari,blanc,30,,,airportenfant
159,Airport,"Couleur:color:0, Pointure:select:1","Color:color:0, Size:select:1","Canari/Blanc:0, 31:1","Canari/Blanc:0, 31:1",,airport-canari-blanc-31,AIRPORT-EN-CABL31,Couleur:color:0,Pointure:select:1,Canari-Blanc:0,3,31:1,1,,,0,,,,1,,,,,159,Airport,,airport-canari-blanc-31,Couleur,Pointure,Canari/Blanc,1,31,12,1,30,,,,,,Bottes enfant,Enfant,Botte,airport enfant,airport,canari,blanc,31,,,airportenfant
159,Airport,"Couleur:color:0, Pointure:select:1","Color:color:0, Size:select:1","Canari/Blanc:0, 32:1","Canari/Blanc:0, 32:1",,airport-canari-blanc-32,AIRPORT-EN-CABL32,Couleur:color:0,Pointure:select:1,Canari-Blanc:0,3,32:1,1,,,0,,,,1,,,,,159,Airport,,airport-canari-blanc-32,Couleur,Pointure,Canari/Blanc,1,32,13,1,30,,,,,,Bottes enfant,Enfant,Botte,airport enfant,airport,canari,blanc,32,,,airportenfant
159,Airport,"Couleur:color:0, Pointure:select:1","Color:color:0, Size:select:1","Canari/Blanc:0, 33:1","Canari/Blanc:0, 33:1",,airport-canari-blanc-33,AIRPORT-EN-CABL33,Couleur:color:0,Pointure:select:1,Canari-Blanc:0,3,33:1,1,,,0,,,,1,,,,,159,Airport,,airport-canari-blanc-33,Couleur,Pointure,Canari/Blanc,1,33,14,1,30,,,,,,Bottes enfant,Enfant,Botte,airport enfant,airport,canari,blanc,33,,,airportenfant
159,Airport,"Couleur:color:0, Pointure:select:1","Color:color:0, Size:select:1","Canari/Blanc:0, 34:1","Canari/Blanc:0, 34:1",,airport-canari-blanc-34,AIRPORT-EN-CABL34,Couleur:color:0,Pointure:select:1,Canari-Blanc:0,3,34:1,1,,,0,,,,1,,,,,159,Airport,,airport-canari-blanc-34,Couleur,Pointure,Canari/Blanc,1,34,15,1,30,,,,,,Bottes enfant,Enfant,Botte,airport enfant,airport,canari,blanc,34,,,airportenfant
159,Airport,"Couleur:color:0, Pointure:select:1","Color:color:0, Size:select:1","Carmin/Blanc:0, 20:1","Carmin/Blanc:0, 20:1",,airport-carmin-blanc-20,AIRPORT-EN-CABL20,Couleur:color:0,Pointure:select:1,Carmin-Blanc:0,0,20:1,1,,,0,,2,https://cata.meduse.co/enfants/bottes/airport/carmin-blanc/bottes-enfant-airport-carmin-blanc-cote.jpg,1,,,,,159,Airport,,airport-carmin-blanc-20,Couleur,Pointure,Carmin/Blanc,2,20,1,1,27,,,,,,Bottes enfant,Enfant,Botte,airport enfant,airport,carmin,blanc,20,,,airportenfant
159,Airport,"Couleur:color:0, Pointure:select:1","Color:color:0, Size:select:1","Carmin/Blanc:0, 21:1","Carmin/Blanc:0, 21:1",,airport-carmin-blanc-21,AIRPORT-EN-CABL21,Couleur:color:0,Pointure:select:1,Carmin-Blanc:0,0,21:1,1,,,0,,,,1,,,,,159,Airport,,airport-carmin-blanc-21,Couleur,Pointure,Carmin/Blanc,2,21,2,1,27,,,,,,Bottes enfant,Enfant,Botte,airport enfant,airport,carmin,blanc,21,,,airportenfant
159,Airport,"Couleur:color:0, Pointure:select:1","Color:color:0, Size:select:1","Carmin/Blanc:0, 22:1","Carmin/Blanc:0, 22:1",,airport-carmin-blanc-22,AIRPORT-EN-CABL22,Couleur:color:0,Pointure:select:1,Carmin-Blanc:0,0,22:1,1,,,0,,,,1,,,,,159,Airport,,airport-carmin-blanc-22,Couleur,Pointure,Carmin/Blanc,2,22,3,1,27,,,,,,Bottes enfant,Enfant,Botte,airport enfant,airport,carmin,blanc,22,,,airportenfant
159,Airport,"Couleur:color:0, Pointure:select:1","Color:color:0, Size:select:1","Carmin/Blanc:0, 23:1","Carmin/Blanc:0, 23:1",,airport-carmin-blanc-23,AIRPORT-EN-CABL23,Couleur:color:0,Pointure:select:1,Carmin-Blanc:0,0,23:1,1,,,0,,,,1,,,,,159,Airport,,airport-carmin-blanc-23,Couleur,Pointure,Carmin/Blanc,2,23,4,1,27,,,,,,Bottes enfant,Enfant,Botte,airport enfant,airport,carmin,blanc,23,,,airportenfant
159,Airport,"Couleur:color:0, Pointure:select:1","Color:color:0, Size:select:1","Carmin/Blanc:0, 24:1","Carmin/Blanc:0, 24:1",,airport-carmin-blanc-24,AIRPORT-EN-CABL24,Couleur:color:0,Pointure:select:1,Carmin-Blanc:0,0,24:1,1,,,0,,,,1,,,,,159,Airport,,airport-carmin-blanc-24,Couleur,Pointure,Carmin/Blanc,2,24,5,1,27,,,,,,Bottes enfant,Enfant,Botte,airport enfant,airport,carmin,blanc,24,,,airportenfant
159,Airport,"Couleur:color:0, Pointure:select:1","Color:color:0, Size:select:1","Carmin/Blanc:0, 25:1","Carmin/Blanc:0, 25:1",,airport-carmin-blanc-25,AIRPORT-EN-CABL25,Couleur:color:0,Pointure:select:1,Carmin-Blanc:0,0,25:1,1,,,0,,,,1,,,,,159,Airport,,airport-carmin-blanc-25,Couleur,Pointure,Carmin/Blanc,2,25,6,1,27,,,,,,Bottes enfant,Enfant,Botte,airport enfant,airport,carmin,blanc,25,,,airportenfant
159,Airport,"Couleur:color:0, Pointure:select:1","Color:color:0, Size:select:1","Carmin/Blanc:0, 26:1","Carmin/Blanc:0, 26:1",,airport-carmin-blanc-26,AIRPORT-EN-CABL26,Couleur:color:0,Pointure:select:1,Carmin-Blanc:0,0,26:1,1,,,0,,,,1,,,,,159,Airport,,airport-carmin-blanc-26,Couleur,Pointure,Carmin/Blanc,2,26,7,1,27,,,,,,Bottes enfant,Enfant,Botte,airport enfant,airport,carmin,blanc,26,,,airportenfant
159,Airport,"Couleur:color:0, Pointure:select:1","Color:color:0, Size:select:1","Carmin/Blanc:0, 27:1","Carmin/Blanc:0, 27:1",,airport-carmin-blanc-27,AIRPORT-EN-CABL27,Couleur:color:0,Pointure:select:1,Carmin-Blanc:0,0,27:1,1,,,0,,,,1,,,,,159,Airport,,airport-carmin-blanc-27,Couleur,Pointure,Carmin/Blanc,2,27,8,1,27,,,,,,Bottes enfant,Enfant,Botte,airport enfant,airport,carmin,blanc,27,,,airportenfant
159,Airport,"Couleur:color:0, Pointure:select:1","Color:color:0, Size:select:1","Carmin/Blanc:0, 28:1","Carmin/Blanc:0, 28:1",,airport-carmin-blanc-28,AIRPORT-EN-CABL28,Couleur:color:0,Pointure:select:1,Carmin-Blanc:0,3,28:1,1,,,0,,,,1,,,,,159,Airport,,airport-carmin-blanc-28,Couleur,Pointure,Carmin/Blanc,2,28,9,1,30,,,,,,Bottes enfant,Enfant,Botte,airport enfant,airport,carmin,blanc,28,,,airportenfant
159,Airport,"Couleur:color:0, Pointure:select:1","Color:color:0, Size:select:1","Carmin/Blanc:0, 29:1","Carmin/Blanc:0, 29:1",,airport-carmin-blanc-29,AIRPORT-EN-CABL29,Couleur:color:0,Pointure:select:1,Carmin-Blanc:0,3,29:1,1,,,0,,,,1,,,,,159,Airport,,airport-carmin-blanc-29,Couleur,Pointure,Carmin/Blanc,2,29,10,1,30,,,,,,Bottes enfant,Enfant,Botte,airport enfant,airport,carmin,blanc,29,,,airportenfant
159,Airport,"Couleur:color:0, Pointure:select:1","Color:color:0, Size:select:1","Carmin/Blanc:0, 30:1","Carmin/Blanc:0, 30:1",,airport-carmin-blanc-30,AIRPORT-EN-CABL30,Couleur:color:0,Pointure:select:1,Carmin-Blanc:0,3,30:1,1,,,0,,,,1,,,,,159,Airport,,airport-carmin-blanc-30,Couleur,Pointure,Carmin/Blanc,2,30,11,1,30,,,,,,Bottes enfant,Enfant,Botte,airport enfant,airport,carmin,blanc,30,,,airportenfant
159,Airport,"Couleur:color:0, Pointure:select:1","Color:color:0, Size:select:1","Carmin/Blanc:0, 31:1","Carmin/Blanc:0, 31:1",,airport-carmin-blanc-31,AIRPORT-EN-CABL31,Couleur:color:0,Pointure:select:1,Carmin-Blanc:0,3,31:1,1,,,0,,,,1,,,,,159,Airport,,airport-carmin-blanc-31,Couleur,Pointure,Carmin/Blanc,2,31,12,1,30,,,,,,Bottes enfant,Enfant,Botte,airport enfant,airport,carmin,blanc,31,,,airportenfant
159,Airport,"Couleur:color:0, Pointure:select:1","Color:color:0, Size:select:1","Carmin/Blanc:0, 32:1","Carmin/Blanc:0, 32:1",,airport-carmin-blanc-32,AIRPORT-EN-CABL32,Couleur:color:0,Pointure:select:1,Carmin-Blanc:0,3,32:1,1,,,0,,,,1,,,,,159,Airport,,airport-carmin-blanc-32,Couleur,Pointure,Carmin/Blanc,2,32,13,1,30,,,,,,Bottes enfant,Enfant,Botte,airport enfant,airport,carmin,blanc,32,,,airportenfant
159,Airport,"Couleur:color:0, Pointure:select:1","Color:color:0, Size:select:1","Carmin/Blanc:0, 33:1","Carmin/Blanc:0, 33:1",,airport-carmin-blanc-33,AIRPORT-EN-CABL33,Couleur:color:0,Pointure:select:1,Carmin-Blanc:0,3,33:1,1,,,0,,,,1,,,,,159,Airport,,airport-carmin-blanc-33,Couleur,Pointure,Carmin/Blanc,2,33,14,1,30,,,,,,Bottes enfant,Enfant,Botte,airport enfant,airport,carmin,blanc,33,,,airportenfant
159,Airport,"Couleur:color:0, Pointure:select:1","Color:color:0, Size:select:1","Carmin/Blanc:0, 34:1","Carmin/Blanc:0, 34:1",,airport-carmin-blanc-34,AIRPORT-EN-CABL34,Couleur:color:0,Pointure:select:1,Carmin-Blanc:0,3,34:1,1,,,0,,,,1,,,,,159,Airport,,airport-carmin-blanc-34,Couleur,Pointure,Carmin/Blanc,2,34,15,1,30,,,,,,Bottes enfant,Enfant,Botte,airport enfant,airport,carmin,blanc,34,,,airportenfant
159,Airport,"Couleur:color:0, Pointure:select:1","Color:color:0, Size:select:1","Lagon/Blanc:0, 20:1","Lagon/Blanc:0, 20:1",,airport-lagon-blanc-20,AIRPORT-EN-LABL20,Couleur:color:0,Pointure:select:1,Lagon-Blanc:0,0,20:1,1,,,0,,3,https://cata.meduse.co/enfants/bottes/airport/lagon-blanc/bottes-enfant-airport-lagon-blanc-cote.jpg,1,,,,,159,Airport,,airport-lagon-blanc-20,Couleur,Pointure,Lagon/Blanc,3,20,1,1,27,,,,,,Bottes enfant,Enfant,Botte,airport enfant,airport,lagon,blanc,20,,,airportenfant
159,Airport,"Couleur:color:0, Pointure:select:1","Color:color:0, Size:select:1","Lagon/Blanc:0, 21:1","Lagon/Blanc:0, 21:1",,airport-lagon-blanc-21,AIRPORT-EN-LABL21,Couleur:color:0,Pointure:select:1,Lagon-Blanc:0,0,21:1,1,,,0,,,,1,,,,,159,Airport,,airport-lagon-blanc-21,Couleur,Pointure,Lagon/Blanc,3,21,2,1,27,,,,,,Bottes enfant,Enfant,Botte,airport enfant,airport,lagon,blanc,21,,,airportenfant
159,Airport,"Couleur:color:0, Pointure:select:1","Color:color:0, Size:select:1","Lagon/Blanc:0, 22:1","Lagon/Blanc:0, 22:1",,airport-lagon-blanc-22,AIRPORT-EN-LABL22,Couleur:color:0,Pointure:select:1,Lagon-Blanc:0,0,22:1,1,,,0,,,,1,,,,,159,Airport,,airport-lagon-blanc-22,Couleur,Pointure,Lagon/Blanc,3,22,3,1,27,,,,,,Bottes enfant,Enfant,Botte,airport enfant,airport,lagon,blanc,22,,,airportenfant
159,Airport,"Couleur:color:0, Pointure:select:1","Color:color:0, Size:select:1","Lagon/Blanc:0, 23:1","Lagon/Blanc:0, 23:1",,airport-lagon-blanc-23,AIRPORT-EN-LABL23,Couleur:color:0,Pointure:select:1,Lagon-Blanc:0,0,23:1,1,,,0,,,,1,,,,,159,Airport,,airport-lagon-blanc-23,Couleur,Pointure,Lagon/Blanc,3,23,4,1,27,,,,,,Bottes enfant,Enfant,Botte,airport enfant,airport,lagon,blanc,23,,,airportenfant
159,Airport,"Couleur:color:0, Pointure:select:1","Color:color:0, Size:select:1","Lagon/Blanc:0, 24:1","Lagon/Blanc:0, 24:1",,airport-lagon-blanc-24,AIRPORT-EN-LABL24,Couleur:color:0,Pointure:select:1,Lagon-Blanc:0,0,24:1,1,,,0,,,,1,,,,,159,Airport,,airport-lagon-blanc-24,Couleur,Pointure,Lagon/Blanc,3,24,5,1,27,,,,,,Bottes enfant,Enfant,Botte,airport enfant,airport,lagon,blanc,24,,,airportenfant
159,Airport,"Couleur:color:0, Pointure:select:1","Color:color:0, Size:select:1","Lagon/Blanc:0, 25:1","Lagon/Blanc:0, 25:1",,airport-lagon-blanc-25,AIRPORT-EN-LABL25,Couleur:color:0,Pointure:select:1,Lagon-Blanc:0,0,25:1,1,,,0,,,,1,,,,,159,Airport,,airport-lagon-blanc-25,Couleur,Pointure,Lagon/Blanc,3,25,6,1,27,,,,,,Bottes enfant,Enfant,Botte,airport enfant,airport,lagon,blanc,25,,,airportenfant
159,Airport,"Couleur:color:0, Pointure:select:1","Color:color:0, Size:select:1","Lagon/Blanc:0, 26:1","Lagon/Blanc:0, 26:1",,airport-lagon-blanc-26,AIRPORT-EN-LABL26,Couleur:color:0,Pointure:select:1,Lagon-Blanc:0,0,26:1,1,,,0,,,,1,,,,,159,Airport,,airport-lagon-blanc-26,Couleur,Pointure,Lagon/Blanc,3,26,7,1,27,,,,,,Bottes enfant,Enfant,Botte,airport enfant,airport,lagon,blanc,26,,,airportenfant
159,Airport,"Couleur:color:0, Pointure:select:1","Color:color:0, Size:select:1","Lagon/Blanc:0, 27:1","Lagon/Blanc:0, 27:1",,airport-lagon-blanc-27,AIRPORT-EN-LABL27,Couleur:color:0,Pointure:select:1,Lagon-Blanc:0,0,27:1,1,,,0,,,,1,,,,,159,Airport,,airport-lagon-blanc-27,Couleur,Pointure,Lagon/Blanc,3,27,8,1,27,,,,,,Bottes enfant,Enfant,Botte,airport enfant,airport,lagon,blanc,27,,,airportenfant
159,Airport,"Couleur:color:0, Pointure:select:1","Color:color:0, Size:select:1","Lagon/Blanc:0, 28:1","Lagon/Blanc:0, 28:1",,airport-lagon-blanc-28,AIRPORT-EN-LABL28,Couleur:color:0,Pointure:select:1,Lagon-Blanc:0,3,28:1,1,,,0,,,,1,,,,,159,Airport,,airport-lagon-blanc-28,Couleur,Pointure,Lagon/Blanc,3,28,9,1,30,,,,,,Bottes enfant,Enfant,Botte,airport enfant,airport,lagon,blanc,28,,,airportenfant
159,Airport,"Couleur:color:0, Pointure:select:1","Color:color:0, Size:select:1","Lagon/Blanc:0, 29:1","Lagon/Blanc:0, 29:1",,airport-lagon-blanc-29,AIRPORT-EN-LABL29,Couleur:color:0,Pointure:select:1,Lagon-Blanc:0,3,29:1,1,,,0,,,,1,,,,,159,Airport,,airport-lagon-blanc-29,Couleur,Pointure,Lagon/Blanc,3,29,10,1,30,,,,,,Bottes enfant,Enfant,Botte,airport enfant,airport,lagon,blanc,29,,,airportenfant
159,Airport,"Couleur:color:0, Pointure:select:1","Color:color:0, Size:select:1","Lagon/Blanc:0, 30:1","Lagon/Blanc:0, 30:1",,airport-lagon-blanc-30,AIRPORT-EN-LABL30,Couleur:color:0,Pointure:select:1,Lagon-Blanc:0,3,30:1,1,,,0,,,,1,,,,,159,Airport,,airport-lagon-blanc-30,Couleur,Pointure,Lagon/Blanc,3,30,11,1,30,,,,,,Bottes enfant,Enfant,Botte,airport enfant,airport,lagon,blanc,30,,,airportenfant
159,Airport,"Couleur:color:0, Pointure:select:1","Color:color:0, Size:select:1","Lagon/Blanc:0, 31:1","Lagon/Blanc:0, 31:1",,airport-lagon-blanc-31,AIRPORT-EN-LABL31,Couleur:color:0,Pointure:select:1,Lagon-Blanc:0,3,31:1,1,,,0,,,,1,,,,,159,Airport,,airport-lagon-blanc-31,Couleur,Pointure,Lagon/Blanc,3,31,12,1,30,,,,,,Bottes enfant,Enfant,Botte,airport enfant,airport,lagon,blanc,31,,,airportenfant
159,Airport,"Couleur:color:0, Pointure:select:1","Color:color:0, Size:select:1","Lagon/Blanc:0, 32:1","Lagon/Blanc:0, 32:1",,airport-lagon-blanc-32,AIRPORT-EN-LABL32,Couleur:color:0,Pointure:select:1,Lagon-Blanc:0,3,32:1,1,,,0,,,,1,,,,,159,Airport,,airport-lagon-blanc-32,Couleur,Pointure,Lagon/Blanc,3,32,13,1,30,,,,,,Bottes enfant,Enfant,Botte,airport enfant,airport,lagon,blanc,32,,,airportenfant
159,Airport,"Couleur:color:0, Pointure:select:1","Color:color:0, Size:select:1","Lagon/Blanc:0, 33:1","Lagon/Blanc:0, 33:1",,airport-lagon-blanc-33,AIRPORT-EN-LABL33,Couleur:color:0,Pointure:select:1,Lagon-Blanc:0,3,33:1,1,,,0,,,,1,,,,,159,Airport,,airport-lagon-blanc-33,Couleur,Pointure,Lagon/Blanc,3,33,14,1,30,,,,,,Bottes enfant,Enfant,Botte,airport enfant,airport,lagon,blanc,33,,,airportenfant
159,Airport,"Couleur:color:0, Pointure:select:1","Color:color:0, Size:select:1","Lagon/Blanc:0, 34:1","Lagon/Blanc:0, 34:1",,airport-lagon-blanc-34,AIRPORT-EN-LABL34,Couleur:color:0,Pointure:select:1,Lagon-Blanc:0,3,34:1,1,,,0,,,,1,,,,,159,Airport,,airport-lagon-blanc-34,Couleur,Pointure,Lagon/Blanc,3,34,15,1,30,,,,,,Bottes enfant,Enfant,Botte,airport enfant,airport,lagon,blanc,34,,,airportenfant
159,Airport,"Couleur:color:0, Pointure:select:1","Color:color:0, Size:select:1","Marine/Blanc:0, 20:1","Marine/Blanc:0, 20:1",,airport-marine-blanc-20,AIRPORT-EN-MABL20,Couleur:color:0,Pointure:select:1,Marine-Blanc:0,0,20:1,1,,,0,,4,https://cata.meduse.co/enfants/bottes/airport/marine-blanc/bottes-enfant-airport-marine-blanc-cote.jpg,1,,,,,159,Airport,,airport-marine-blanc-20,Couleur,Pointure,Marine/Blanc,4,20,1,1,27,,,,,,Bottes enfant,Enfant,Botte,airport enfant,airport,marine,blanc,20,,,airportenfant
159,Airport,"Couleur:color:0, Pointure:select:1","Color:color:0, Size:select:1","Marine/Blanc:0, 21:1","Marine/Blanc:0, 21:1",,airport-marine-blanc-21,AIRPORT-EN-MABL21,Couleur:color:0,Pointure:select:1,Marine-Blanc:0,0,21:1,1,,,0,,,,1,,,,,159,Airport,,airport-marine-blanc-21,Couleur,Pointure,Marine/Blanc,4,21,2,1,27,,,,,,Bottes enfant,Enfant,Botte,airport enfant,airport,marine,blanc,21,,,airportenfant
159,Airport,"Couleur:color:0, Pointure:select:1","Color:color:0, Size:select:1","Marine/Blanc:0, 22:1","Marine/Blanc:0, 22:1",,airport-marine-blanc-22,AIRPORT-EN-MABL22,Couleur:color:0,Pointure:select:1,Marine-Blanc:0,0,22:1,1,,,0,,,,1,,,,,159,Airport,,airport-marine-blanc-22,Couleur,Pointure,Marine/Blanc,4,22,3,1,27,,,,,,Bottes enfant,Enfant,Botte,airport enfant,airport,marine,blanc,22,,,airportenfant
159,Airport,"Couleur:color:0, Pointure:select:1","Color:color:0, Size:select:1","Marine/Blanc:0, 23:1","Marine/Blanc:0, 23:1",,airport-marine-blanc-23,AIRPORT-EN-MABL23,Couleur:color:0,Pointure:select:1,Marine-Blanc:0,0,23:1,1,,,0,,,,1,,,,,159,Airport,,airport-marine-blanc-23,Couleur,Pointure,Marine/Blanc,4,23,4,1,27,,,,,,Bottes enfant,Enfant,Botte,airport enfant,airport,marine,blanc,23,,,airportenfant
159,Airport,"Couleur:color:0, Pointure:select:1","Color:color:0, Size:select:1","Marine/Blanc:0, 24:1","Marine/Blanc:0, 24:1",,airport-marine-blanc-24,AIRPORT-EN-MABL24,Couleur:color:0,Pointure:select:1,Marine-Blanc:0,0,24:1,1,,,0,,,,1,,,,,159,Airport,,airport-marine-blanc-24,Couleur,Pointure,Marine/Blanc,4,24,5,1,27,,,,,,Bottes enfant,Enfant,Botte,airport enfant,airport,marine,blanc,24,,,airportenfant
159,Airport,"Couleur:color:0, Pointure:select:1","Color:color:0, Size:select:1","Marine/Blanc:0, 25:1","Marine/Blanc:0, 25:1",,airport-marine-blanc-25,AIRPORT-EN-MABL25,Couleur:color:0,Pointure:select:1,Marine-Blanc:0,0,25:1,1,,,0,,,,1,,,,,159,Airport,,airport-marine-blanc-25,Couleur,Pointure,Marine/Blanc,4,25,6,1,27,,,,,,Bottes enfant,Enfant,Botte,airport enfant,airport,marine,blanc,25,,,airportenfant
159,Airport,"Couleur:color:0, Pointure:select:1","Color:color:0, Size:select:1","Marine/Blanc:0, 26:1","Marine/Blanc:0, 26:1",,airport-marine-blanc-26,AIRPORT-EN-MABL26,Couleur:color:0,Pointure:select:1,Marine-Blanc:0,0,26:1,1,,,0,,,,1,,,,,159,Airport,,airport-marine-blanc-26,Couleur,Pointure,Marine/Blanc,4,26,7,1,27,,,,,,Bottes enfant,Enfant,Botte,airport enfant,airport,marine,blanc,26,,,airportenfant
159,Airport,"Couleur:color:0, Pointure:select:1","Color:color:0, Size:select:1","Marine/Blanc:0, 27:1","Marine/Blanc:0, 27:1",,airport-marine-blanc-27,AIRPORT-EN-MABL27,Couleur:color:0,Pointure:select:1,Marine-Blanc:0,0,27:1,1,,,0,,,,1,,,,,159,Airport,,airport-marine-blanc-27,Couleur,Pointure,Marine/Blanc,4,27,8,1,27,,,,,,Bottes enfant,Enfant,Botte,airport enfant,airport,marine,blanc,27,,,airportenfant
159,Airport,"Couleur:color:0, Pointure:select:1","Color:color:0, Size:select:1","Marine/Blanc:0, 28:1","Marine/Blanc:0, 28:1",,airport-marine-blanc-28,AIRPORT-EN-MABL28,Couleur:color:0,Pointure:select:1,Marine-Blanc:0,3,28:1,1,,,0,,,,1,,,,,159,Airport,,airport-marine-blanc-28,Couleur,Pointure,Marine/Blanc,4,28,9,1,30,,,,,,Bottes enfant,Enfant,Botte,airport enfant,airport,marine,blanc,28,,,airportenfant
159,Airport,"Couleur:color:0, Pointure:select:1","Color:color:0, Size:select:1","Marine/Blanc:0, 29:1","Marine/Blanc:0, 29:1",,airport-marine-blanc-29,AIRPORT-EN-MABL29,Couleur:color:0,Pointure:select:1,Marine-Blanc:0,3,29:1,1,,,0,,,,1,,,,,159,Airport,,airport-marine-blanc-29,Couleur,Pointure,Marine/Blanc,4,29,10,1,30,,,,,,Bottes enfant,Enfant,Botte,airport enfant,airport,marine,blanc,29,,,airportenfant
159,Airport,"Couleur:color:0, Pointure:select:1","Color:color:0, Size:select:1","Marine/Blanc:0, 30:1","Marine/Blanc:0, 30:1",,airport-marine-blanc-30,AIRPORT-EN-MABL30,Couleur:color:0,Pointure:select:1,Marine-Blanc:0,3,30:1,1,,,0,,,,1,,,,,159,Airport,,airport-marine-blanc-30,Couleur,Pointure,Marine/Blanc,4,30,11,1,30,,,,,,Bottes enfant,Enfant,Botte,airport enfant,airport,marine,blanc,30,,,airportenfant
159,Airport,"Couleur:color:0, Pointure:select:1","Color:color:0, Size:select:1","Marine/Blanc:0, 31:1","Marine/Blanc:0, 31:1",,airport-marine-blanc-31,AIRPORT-EN-MABL31,Couleur:color:0,Pointure:select:1,Marine-Blanc:0,3,31:1,1,,,0,,,,1,,,,,159,Airport,,airport-marine-blanc-31,Couleur,Pointure,Marine/Blanc,4,31,12,1,30,,,,,,Bottes enfant,Enfant,Botte,airport enfant,airport,marine,blanc,31,,,airportenfant
159,Airport,"Couleur:color:0, Pointure:select:1","Color:color:0, Size:select:1","Marine/Blanc:0, 32:1","Marine/Blanc:0, 32:1",,airport-marine-blanc-32,AIRPORT-EN-MABL32,Couleur:color:0,Pointure:select:1,Marine-Blanc:0,3,32:1,1,,,0,,,,1,,,,,159,Airport,,airport-marine-blanc-32,Couleur,Pointure,Marine/Blanc,4,32,13,1,30,,,,,,Bottes enfant,Enfant,Botte,airport enfant,airport,marine,blanc,32,,,airportenfant
159,Airport,"Couleur:color:0, Pointure:select:1","Color:color:0, Size:select:1","Marine/Blanc:0, 33:1","Marine/Blanc:0, 33:1",,airport-marine-blanc-33,AIRPORT-EN-MABL33,Couleur:color:0,Pointure:select:1,Marine-Blanc:0,3,33:1,1,,,0,,,,1,,,,,159,Airport,,airport-marine-blanc-33,Couleur,Pointure,Marine/Blanc,4,33,14,1,30,,,,,,Bottes enfant,Enfant,Botte,airport enfant,airport,marine,blanc,33,,,airportenfant
159,Airport,"Couleur:color:0, Pointure:select:1","Color:color:0, Size:select:1","Marine/Blanc:0, 34:1","Marine/Blanc:0, 34:1",,airport-marine-blanc-34,AIRPORT-EN-MABL34,Couleur:color:0,Pointure:select:1,Marine-Blanc:0,3,34:1,1,,,0,,,,1,,,,,159,Airport,,airport-marine-blanc-34,Couleur,Pointure,Marine/Blanc,4,34,15,1,30,,,,,,Bottes enfant,Enfant,Botte,airport enfant,airport,marine,blanc,34,,,airportenfant
159,Airport,"Couleur:color:0, Pointure:select:1","Color:color:0, Size:select:1","Nuage/Blanc:0, 20:1","Nuage/Blanc:0, 20:1",,airport-nuage-blanc-20,AIRPORT-EN-NUBL20,Couleur:color:0,Pointure:select:1,Nuage-Blanc:0,0,20:1,1,,,0,,5,https://cata.meduse.co/enfants/bottes/airport/nuage-blanc/bottes-enfant-airport-nuage-blanc-cote.jpg,1,,,,,159,Airport,,airport-nuage-blanc-20,Couleur,Pointure,Nuage/Blanc,5,20,1,1,27,,,,,,Bottes enfant,Enfant,Botte,airport enfant,airport,nuage,blanc,20,,,airportenfant
159,Airport,"Couleur:color:0, Pointure:select:1","Color:color:0, Size:select:1","Nuage/Blanc:0, 21:1","Nuage/Blanc:0, 21:1",,airport-nuage-blanc-21,AIRPORT-EN-NUBL21,Couleur:color:0,Pointure:select:1,Nuage-Blanc:0,0,21:1,1,,,0,,,,1,,,,,159,Airport,,airport-nuage-blanc-21,Couleur,Pointure,Nuage/Blanc,5,21,2,1,27,,,,,,Bottes enfant,Enfant,Botte,airport enfant,airport,nuage,blanc,21,,,airportenfant
159,Airport,"Couleur:color:0, Pointure:select:1","Color:color:0, Size:select:1","Nuage/Blanc:0, 22:1","Nuage/Blanc:0, 22:1",,airport-nuage-blanc-22,AIRPORT-EN-NUBL22,Couleur:color:0,Pointure:select:1,Nuage-Blanc:0,0,22:1,1,,,0,,,,1,,,,,159,Airport,,airport-nuage-blanc-22,Couleur,Pointure,Nuage/Blanc,5,22,3,1,27,,,,,,Bottes enfant,Enfant,Botte,airport enfant,airport,nuage,blanc,22,,,airportenfant
159,Airport,"Couleur:color:0, Pointure:select:1","Color:color:0, Size:select:1","Nuage/Blanc:0, 23:1","Nuage/Blanc:0, 23:1",,airport-nuage-blanc-23,AIRPORT-EN-NUBL23,Couleur:color:0,Pointure:select:1,Nuage-Blanc:0,0,23:1,1,,,0,,,,1,,,,,159,Airport,,airport-nuage-blanc-23,Couleur,Pointure,Nuage/Blanc,5,23,4,1,27,,,,,,Bottes enfant,Enfant,Botte,airport enfant,airport,nuage,blanc,23,,,airportenfant
159,Airport,"Couleur:color:0, Pointure:select:1","Color:color:0, Size:select:1","Nuage/Blanc:0, 24:1","Nuage/Blanc:0, 24:1",,airport-nuage-blanc-24,AIRPORT-EN-NUBL24,Couleur:color:0,Pointure:select:1,Nuage-Blanc:0,0,24:1,1,,,0,,,,1,,,,,159,Airport,,airport-nuage-blanc-24,Couleur,Pointure,Nuage/Blanc,5,24,5,1,27,,,,,,Bottes enfant,Enfant,Botte,airport enfant,airport,nuage,blanc,24,,,airportenfant
159,Airport,"Couleur:color:0, Pointure:select:1","Color:color:0, Size:select:1","Nuage/Blanc:0, 25:1","Nuage/Blanc:0, 25:1",,airport-nuage-blanc-25,AIRPORT-EN-NUBL25,Couleur:color:0,Pointure:select:1,Nuage-Blanc:0,0,25:1,1,,,0,,,,1,,,,,159,Airport,,airport-nuage-blanc-25,Couleur,Pointure,Nuage/Blanc,5,25,6,1,27,,,,,,Bottes enfant,Enfant,Botte,airport enfant,airport,nuage,blanc,25,,,airportenfant
159,Airport,"Couleur:color:0, Pointure:select:1","Color:color:0, Size:select:1","Nuage/Blanc:0, 26:1","Nuage/Blanc:0, 26:1",,airport-nuage-blanc-26,AIRPORT-EN-NUBL26,Couleur:color:0,Pointure:select:1,Nuage-Blanc:0,0,26:1,1,,,0,,,,1,,,,,159,Airport,,airport-nuage-blanc-26,Couleur,Pointure,Nuage/Blanc,5,26,7,1,27,,,,,,Bottes enfant,Enfant,Botte,airport enfant,airport,nuage,blanc,26,,,airportenfant
159,Airport,"Couleur:color:0, Pointure:select:1","Color:color:0, Size:select:1","Nuage/Blanc:0, 27:1","Nuage/Blanc:0, 27:1",,airport-nuage-blanc-27,AIRPORT-EN-NUBL27,Couleur:color:0,Pointure:select:1,Nuage-Blanc:0,0,27:1,1,,,0,,,,1,,,,,159,Airport,,airport-nuage-blanc-27,Couleur,Pointure,Nuage/Blanc,5,27,8,1,27,,,,,,Bottes enfant,Enfant,Botte,airport enfant,airport,nuage,blanc,27,,,airportenfant
159,Airport,"Couleur:color:0, Pointure:select:1","Color:color:0, Size:select:1","Nuage/Blanc:0, 28:1","Nuage/Blanc:0, 28:1",,airport-nuage-blanc-28,AIRPORT-EN-NUBL28,Couleur:color:0,Pointure:select:1,Nuage-Blanc:0,3,28:1,1,,,0,,,,1,,,,,159,Airport,,airport-nuage-blanc-28,Couleur,Pointure,Nuage/Blanc,5,28,9,1,30,,,,,,Bottes enfant,Enfant,Botte,airport enfant,airport,nuage,blanc,28,,,airportenfant
159,Airport,"Couleur:color:0, Pointure:select:1","Color:color:0, Size:select:1","Nuage/Blanc:0, 29:1","Nuage/Blanc:0, 29:1",,airport-nuage-blanc-29,AIRPORT-EN-NUBL29,Couleur:color:0,Pointure:select:1,Nuage-Blanc:0,3,29:1,1,,,0,,,,1,,,,,159,Airport,,airport-nuage-blanc-29,Couleur,Pointure,Nuage/Blanc,5,29,10,1,30,,,,,,Bottes enfant,Enfant,Botte,airport enfant,airport,nuage,blanc,29,,,airportenfant
159,Airport,"Couleur:color:0, Pointure:select:1","Color:color:0, Size:select:1","Nuage/Blanc:0, 30:1","Nuage/Blanc:0, 30:1",,airport-nuage-blanc-30,AIRPORT-EN-NUBL30,Couleur:color:0,Pointure:select:1,Nuage-Blanc:0,3,30:1,1,,,0,,,,1,,,,,159,Airport,,airport-nuage-blanc-30,Couleur,Pointure,Nuage/Blanc,5,30,11,1,30,,,,,,Bottes enfant,Enfant,Botte,airport enfant,airport,nuage,blanc,30,,,airportenfant
159,Airport,"Couleur:color:0, Pointure:select:1","Color:color:0, Size:select:1","Nuage/Blanc:0, 31:1","Nuage/Blanc:0, 31:1",,airport-nuage-blanc-31,AIRPORT-EN-NUBL31,Couleur:color:0,Pointure:select:1,Nuage-Blanc:0,3,31:1,1,,,0,,,,1,,,,,159,Airport,,airport-nuage-blanc-31,Couleur,Pointure,Nuage/Blanc,5,31,12,1,30,,,,,,Bottes enfant,Enfant,Botte,airport enfant,airport,nuage,blanc,31,,,airportenfant
159,Airport,"Couleur:color:0, Pointure:select:1","Color:color:0, Size:select:1","Nuage/Blanc:0, 32:1","Nuage/Blanc:0, 32:1",,airport-nuage-blanc-32,AIRPORT-EN-NUBL32,Couleur:color:0,Pointure:select:1,Nuage-Blanc:0,3,32:1,1,,,0,,,,1,,,,,159,Airport,,airport-nuage-blanc-32,Couleur,Pointure,Nuage/Blanc,5,32,13,1,30,,,,,,Bottes enfant,Enfant,Botte,airport enfant,airport,nuage,blanc,32,,,airportenfant
159,Airport,"Couleur:color:0, Pointure:select:1","Color:color:0, Size:select:1","Nuage/Blanc:0, 33:1","Nuage/Blanc:0, 33:1",,airport-nuage-blanc-33,AIRPORT-EN-NUBL33,Couleur:color:0,Pointure:select:1,Nuage-Blanc:0,3,33:1,1,,,0,,,,1,,,,,159,Airport,,airport-nuage-blanc-33,Couleur,Pointure,Nuage/Blanc,5,33,14,1,30,,,,,,Bottes enfant,Enfant,Botte,airport enfant,airport,nuage,blanc,33,,,airportenfant
159,Airport,"Couleur:color:0, Pointure:select:1","Color:color:0, Size:select:1","Nuage/Blanc:0, 34:1","Nuage/Blanc:0, 34:1",,airport-nuage-blanc-34,AIRPORT-EN-NUBL34,Couleur:color:0,Pointure:select:1,Nuage-Blanc:0,3,34:1,1,,,0,,,,1,,,,,159,Airport,,airport-nuage-blanc-34,Couleur,Pointure,Nuage/Blanc,5,34,15,1,30,,,,,,Bottes enfant,Enfant,Botte,airport enfant,airport,nuage,blanc,34,,,airportenfant
159,Airport,"Couleur:color:0, Pointure:select:1","Color:color:0, Size:select:1","Rose pastel/Blanc:0, 20:1","Rose pastel/Blanc:0, 20:1",,airport-rose-pastel-blanc-20,AIRPORT-EN-ROPABL20,Couleur:color:0,Pointure:select:1,Rose pastel-Blanc:0,0,20:1,1,,,0,,6,https://cata.meduse.co/enfants/bottes/airport/rose-pastel-blanc/bottes-enfant-airport-rose-pastel-blanc-cote.jpg,1,,,,,159,Airport,,airport-rose-pastel-blanc-20,Couleur,Pointure,Rose pastel/Blanc,6,20,1,1,27,,,,,,Bottes enfant,Enfant,Botte,airport enfant,airport,rose,pastel,blanc,20,,airportenfant
159,Airport,"Couleur:color:0, Pointure:select:1","Color:color:0, Size:select:1","Rose pastel/Blanc:0, 21:1","Rose pastel/Blanc:0, 21:1",,airport-rose-pastel-blanc-21,AIRPORT-EN-ROPABL21,Couleur:color:0,Pointure:select:1,Rose pastel-Blanc:0,0,21:1,1,,,0,,,,1,,,,,159,Airport,,airport-rose-pastel-blanc-21,Couleur,Pointure,Rose pastel/Blanc,6,21,2,1,27,,,,,,Bottes enfant,Enfant,Botte,airport enfant,airport,rose,pastel,blanc,21,,airportenfant
159,Airport,"Couleur:color:0, Pointure:select:1","Color:color:0, Size:select:1","Rose pastel/Blanc:0, 22:1","Rose pastel/Blanc:0, 22:1",,airport-rose-pastel-blanc-22,AIRPORT-EN-ROPABL22,Couleur:color:0,Pointure:select:1,Rose pastel-Blanc:0,0,22:1,1,,,0,,,,1,,,,,159,Airport,,airport-rose-pastel-blanc-22,Couleur,Pointure,Rose pastel/Blanc,6,22,3,1,27,,,,,,Bottes enfant,Enfant,Botte,airport enfant,airport,rose,pastel,blanc,22,,airportenfant
159,Airport,"Couleur:color:0, Pointure:select:1","Color:color:0, Size:select:1","Rose pastel/Blanc:0, 23:1","Rose pastel/Blanc:0, 23:1",,airport-rose-pastel-blanc-23,AIRPORT-EN-ROPABL23,Couleur:color:0,Pointure:select:1,Rose pastel-Blanc:0,0,23:1,1,,,0,,,,1,,,,,159,Airport,,airport-rose-pastel-blanc-23,Couleur,Pointure,Rose pastel/Blanc,6,23,4,1,27,,,,,,Bottes enfant,Enfant,Botte,airport enfant,airport,rose,pastel,blanc,23,,airportenfant
159,Airport,"Couleur:color:0, Pointure:select:1","Color:color:0, Size:select:1","Rose pastel/Blanc:0, 24:1","Rose pastel/Blanc:0, 24:1",,airport-rose-pastel-blanc-24,AIRPORT-EN-ROPABL24,Couleur:color:0,Pointure:select:1,Rose pastel-Blanc:0,0,24:1,1,,,0,,,,1,,,,,159,Airport,,airport-rose-pastel-blanc-24,Couleur,Pointure,Rose pastel/Blanc,6,24,5,1,27,,,,,,Bottes enfant,Enfant,Botte,airport enfant,airport,rose,pastel,blanc,24,,airportenfant
159,Airport,"Couleur:color:0, Pointure:select:1","Color:color:0, Size:select:1","Rose pastel/Blanc:0, 25:1","Rose pastel/Blanc:0, 25:1",,airport-rose-pastel-blanc-25,AIRPORT-EN-ROPABL25,Couleur:color:0,Pointure:select:1,Rose pastel-Blanc:0,0,25:1,1,,,0,,,,1,,,,,159,Airport,,airport-rose-pastel-blanc-25,Couleur,Pointure,Rose pastel/Blanc,6,25,6,1,27,,,,,,Bottes enfant,Enfant,Botte,airport enfant,airport,rose,pastel,blanc,25,,airportenfant
159,Airport,"Couleur:color:0, Pointure:select:1","Color:color:0, Size:select:1","Rose pastel/Blanc:0, 26:1","Rose pastel/Blanc:0, 26:1",,airport-rose-pastel-blanc-26,AIRPORT-EN-ROPABL26,Couleur:color:0,Pointure:select:1,Rose pastel-Blanc:0,0,26:1,1,,,0,,,,1,,,,,159,Airport,,airport-rose-pastel-blanc-26,Couleur,Pointure,Rose pastel/Blanc,6,26,7,1,27,,,,,,Bottes enfant,Enfant,Botte,airport enfant,airport,rose,pastel,blanc,26,,airportenfant
159,Airport,"Couleur:color:0, Pointure:select:1","Color:color:0, Size:select:1","Rose pastel/Blanc:0, 27:1","Rose pastel/Blanc:0, 27:1",,airport-rose-pastel-blanc-27,AIRPORT-EN-ROPABL27,Couleur:color:0,Pointure:select:1,Rose pastel-Blanc:0,0,27:1,1,,,0,,,,1,,,,,159,Airport,,airport-rose-pastel-blanc-27,Couleur,Pointure,Rose pastel/Blanc,6,27,8,1,27,,,,,,Bottes enfant,Enfant,Botte,airport enfant,airport,rose,pastel,blanc,27,,airportenfant
159,Airport,"Couleur:color:0, Pointure:select:1","Color:color:0, Size:select:1","Rose pastel/Blanc:0, 28:1","Rose pastel/Blanc:0, 28:1",,airport-rose-pastel-blanc-28,AIRPORT-EN-ROPABL28,Couleur:color:0,Pointure:select:1,Rose pastel-Blanc:0,3,28:1,1,,,0,,,,1,,,,,159,Airport,,airport-rose-pastel-blanc-28,Couleur,Pointure,Rose pastel/Blanc,6,28,9,1,30,,,,,,Bottes enfant,Enfant,Botte,airport enfant,airport,rose,pastel,blanc,28,,airportenfant
159,Airport,"Couleur:color:0, Pointure:select:1","Color:color:0, Size:select:1","Rose pastel/Blanc:0, 29:1","Rose pastel/Blanc:0, 29:1",,airport-rose-pastel-blanc-29,AIRPORT-EN-ROPABL29,Couleur:color:0,Pointure:select:1,Rose pastel-Blanc:0,3,29:1,1,,,0,,,,1,,,,,159,Airport,,airport-rose-pastel-blanc-29,Couleur,Pointure,Rose pastel/Blanc,6,29,10,1,30,,,,,,Bottes enfant,Enfant,Botte,airport enfant,airport,rose,pastel,blanc,29,,airportenfant
159,Airport,"Couleur:color:0, Pointure:select:1","Color:color:0, Size:select:1","Rose pastel/Blanc:0, 30:1","Rose pastel/Blanc:0, 30:1",,airport-rose-pastel-blanc-30,AIRPORT-EN-ROPABL30,Couleur:color:0,Pointure:select:1,Rose pastel-Blanc:0,3,30:1,1,,,0,,,,1,,,,,159,Airport,,airport-rose-pastel-blanc-30,Couleur,Pointure,Rose pastel/Blanc,6,30,11,1,30,,,,,,Bottes enfant,Enfant,Botte,airport enfant,airport,rose,pastel,blanc,30,,airportenfant
159,Airport,"Couleur:color:0, Pointure:select:1","Color:color:0, Size:select:1","Rose pastel/Blanc:0, 31:1","Rose pastel/Blanc:0, 31:1",,airport-rose-pastel-blanc-31,AIRPORT-EN-ROPABL31,Couleur:color:0,Pointure:select:1,Rose pastel-Blanc:0,3,31:1,1,,,0,,,,1,,,,,159,Airport,,airport-rose-pastel-blanc-31,Couleur,Pointure,Rose pastel/Blanc,6,31,12,1,30,,,,,,Bottes enfant,Enfant,Botte,airport enfant,airport,rose,pastel,blanc,31,,airportenfant
159,Airport,"Couleur:color:0, Pointure:select:1","Color:color:0, Size:select:1","Rose pastel/Blanc:0, 32:1","Rose pastel/Blanc:0, 32:1",,airport-rose-pastel-blanc-32,AIRPORT-EN-ROPABL32,Couleur:color:0,Pointure:select:1,Rose pastel-Blanc:0,3,32:1,1,,,0,,,,1,,,,,159,Airport,,airport-rose-pastel-blanc-32,Couleur,Pointure,Rose pastel/Blanc,6,32,13,1,30,,,,,,Bottes enfant,Enfant,Botte,airport enfant,airport,rose,pastel,blanc,32,,airportenfant
159,Airport,"Couleur:color:0, Pointure:select:1","Color:color:0, Size:select:1","Rose pastel/Blanc:0, 33:1","Rose pastel/Blanc:0, 33:1",,airport-rose-pastel-blanc-33,AIRPORT-EN-ROPABL33,Couleur:color:0,Pointure:select:1,Rose pastel-Blanc:0,3,33:1,1,,,0,,,,1,,,,,159,Airport,,airport-rose-pastel-blanc-33,Couleur,Pointure,Rose pastel/Blanc,6,33,14,1,30,,,,,,Bottes enfant,Enfant,Botte,airport enfant,airport,rose,pastel,blanc,33,,airportenfant
159,Airport,"Couleur:color:0, Pointure:select:1","Color:color:0, Size:select:1","Rose pastel/Blanc:0, 34:1","Rose pastel/Blanc:0, 34:1",,airport-rose-pastel-blanc-34,AIRPORT-EN-ROPABL34,Couleur:color:0,Pointure:select:1,Rose pastel-Blanc:0,3,34:1,1,,,0,,,,1,,,,,159,Airport,,airport-rose-pastel-blanc-34,Couleur,Pointure,Rose pastel/Blanc,6,34,15,1,30,,,,,,Bottes enfant,Enfant,Botte,airport enfant,airport,rose,pastel,blanc,34,,airportenfant
162,Airbus,"Couleur:color:0, Pointure:select:1","Color:color:0, Size:select:1","Anthracite/Bleu:0, 20:1","Anthracite/Bleu:0, 20:1",,airbus-anthracite-bleu-20,AIRBUS-EN-ANBL20,Couleur:color:0,Pointure:select:1,Anthracite-Bleu:0,0,20:1,1,,,1,,1,https://cata.meduse.co/enfants/bottes/airbus/anthracite-bleu/bottes-enfant-airbus-anthracite-bleu-cote.jpg,1,,,,,162,Airbus,,airbus-anthracite-bleu-20,Couleur,Pointure,Anthracite/Bleu,1,20,1,1,27,,,,,,Bottes enfant,Enfant,Botte,airbus enfant,airbus,anthracite,bleu,20,,,airbusenfant
162,Airbus,"Couleur:color:0, Pointure:select:1","Color:color:0, Size:select:1","Anthracite/Bleu:0, 21:1","Anthracite/Bleu:0, 21:1",,airbus-anthracite-bleu-21,AIRBUS-EN-ANBL21,Couleur:color:0,Pointure:select:1,Anthracite-Bleu:0,0,21:1,1,,,0,,,,1,,,,,162,Airbus,,airbus-anthracite-bleu-21,Couleur,Pointure,Anthracite/Bleu,1,21,2,1,27,,,,,,Bottes enfant,Enfant,Botte,airbus enfant,airbus,anthracite,bleu,21,,,airbusenfant
162,Airbus,"Couleur:color:0, Pointure:select:1","Color:color:0, Size:select:1","Anthracite/Bleu:0, 22:1","Anthracite/Bleu:0, 22:1",,airbus-anthracite-bleu-22,AIRBUS-EN-ANBL22,Couleur:color:0,Pointure:select:1,Anthracite-Bleu:0,0,22:1,1,,,0,,,,1,,,,,162,Airbus,,airbus-anthracite-bleu-22,Couleur,Pointure,Anthracite/Bleu,1,22,3,1,27,,,,,,Bottes enfant,Enfant,Botte,airbus enfant,airbus,anthracite,bleu,22,,,airbusenfant
162,Airbus,"Couleur:color:0, Pointure:select:1","Color:color:0, Size:select:1","Anthracite/Bleu:0, 23:1","Anthracite/Bleu:0, 23:1",,airbus-anthracite-bleu-23,AIRBUS-EN-ANBL23,Couleur:color:0,Pointure:select:1,Anthracite-Bleu:0,0,23:1,1,,,0,,,,1,,,,,162,Airbus,,airbus-anthracite-bleu-23,Couleur,Pointure,Anthracite/Bleu,1,23,4,1,27,,,,,,Bottes enfant,Enfant,Botte,airbus enfant,airbus,anthracite,bleu,23,,,airbusenfant
162,Airbus,"Couleur:color:0, Pointure:select:1","Color:color:0, Size:select:1","Anthracite/Bleu:0, 24:1","Anthracite/Bleu:0, 24:1",,airbus-anthracite-bleu-24,AIRBUS-EN-ANBL24,Couleur:color:0,Pointure:select:1,Anthracite-Bleu:0,0,24:1,1,,,0,,,,1,,,,,162,Airbus,,airbus-anthracite-bleu-24,Couleur,Pointure,Anthracite/Bleu,1,24,5,1,27,,,,,,Bottes enfant,Enfant,Botte,airbus enfant,airbus,anthracite,bleu,24,,,airbusenfant
162,Airbus,"Couleur:color:0, Pointure:select:1","Color:color:0, Size:select:1","Anthracite/Bleu:0, 25:1","Anthracite/Bleu:0, 25:1",,airbus-anthracite-bleu-25,AIRBUS-EN-ANBL25,Couleur:color:0,Pointure:select:1,Anthracite-Bleu:0,0,25:1,1,,,0,,,,1,,,,,162,Airbus,,airbus-anthracite-bleu-25,Couleur,Pointure,Anthracite/Bleu,1,25,6,1,27,,,,,,Bottes enfant,Enfant,Botte,airbus enfant,airbus,anthracite,bleu,25,,,airbusenfant
162,Airbus,"Couleur:color:0, Pointure:select:1","Color:color:0, Size:select:1","Anthracite/Bleu:0, 26:1","Anthracite/Bleu:0, 26:1",,airbus-anthracite-bleu-26,AIRBUS-EN-ANBL26,Couleur:color:0,Pointure:select:1,Anthracite-Bleu:0,0,26:1,1,,,0,,,,1,,,,,162,Airbus,,airbus-anthracite-bleu-26,Couleur,Pointure,Anthracite/Bleu,1,26,7,1,27,,,,,,Bottes enfant,Enfant,Botte,airbus enfant,airbus,anthracite,bleu,26,,,airbusenfant
162,Airbus,"Couleur:color:0, Pointure:select:1","Color:color:0, Size:select:1","Anthracite/Bleu:0, 27:1","Anthracite/Bleu:0, 27:1",,airbus-anthracite-bleu-27,AIRBUS-EN-ANBL27,Couleur:color:0,Pointure:select:1,Anthracite-Bleu:0,0,27:1,1,,,0,,,,1,,,,,162,Airbus,,airbus-anthracite-bleu-27,Couleur,Pointure,Anthracite/Bleu,1,27,8,1,27,,,,,,Bottes enfant,Enfant,Botte,airbus enfant,airbus,anthracite,bleu,27,,,airbusenfant
162,Airbus,"Couleur:color:0, Pointure:select:1","Color:color:0, Size:select:1","Anthracite/Bleu:0, 28:1","Anthracite/Bleu:0, 28:1",,airbus-anthracite-bleu-28,AIRBUS-EN-ANBL28,Couleur:color:0,Pointure:select:1,Anthracite-Bleu:0,3,28:1,1,,,0,,,,1,,,,,162,Airbus,,airbus-anthracite-bleu-28,Couleur,Pointure,Anthracite/Bleu,1,28,9,1,30,,,,,,Bottes enfant,Enfant,Botte,airbus enfant,airbus,anthracite,bleu,28,,,airbusenfant
162,Airbus,"Couleur:color:0, Pointure:select:1","Color:color:0, Size:select:1","Anthracite/Bleu:0, 29:1","Anthracite/Bleu:0, 29:1",,airbus-anthracite-bleu-29,AIRBUS-EN-ANBL29,Couleur:color:0,Pointure:select:1,Anthracite-Bleu:0,3,29:1,1,,,0,,,,1,,,,,162,Airbus,,airbus-anthracite-bleu-29,Couleur,Pointure,Anthracite/Bleu,1,29,10,1,30,,,,,,Bottes enfant,Enfant,Botte,airbus enfant,airbus,anthracite,bleu,29,,,airbusenfant
162,Airbus,"Couleur:color:0, Pointure:select:1","Color:color:0, Size:select:1","Anthracite/Bleu:0, 30:1","Anthracite/Bleu:0, 30:1",,airbus-anthracite-bleu-30,AIRBUS-EN-ANBL30,Couleur:color:0,Pointure:select:1,Anthracite-Bleu:0,3,30:1,1,,,0,,,,1,,,,,162,Airbus,,airbus-anthracite-bleu-30,Couleur,Pointure,Anthracite/Bleu,1,30,11,1,30,,,,,,Bottes enfant,Enfant,Botte,airbus enfant,airbus,anthracite,bleu,30,,,airbusenfant
162,Airbus,"Couleur:color:0, Pointure:select:1","Color:color:0, Size:select:1","Anthracite/Bleu:0, 31:1","Anthracite/Bleu:0, 31:1",,airbus-anthracite-bleu-31,AIRBUS-EN-ANBL31,Couleur:color:0,Pointure:select:1,Anthracite-Bleu:0,3,31:1,1,,,0,,,,1,,,,,162,Airbus,,airbus-anthracite-bleu-31,Couleur,Pointure,Anthracite/Bleu,1,31,12,1,30,,,,,,Bottes enfant,Enfant,Botte,airbus enfant,airbus,anthracite,bleu,31,,,airbusenfant
162,Airbus,"Couleur:color:0, Pointure:select:1","Color:color:0, Size:select:1","Anthracite/Bleu:0, 32:1","Anthracite/Bleu:0, 32:1",,airbus-anthracite-bleu-32,AIRBUS-EN-ANBL32,Couleur:color:0,Pointure:select:1,Anthracite-Bleu:0,3,32:1,1,,,0,,,,1,,,,,162,Airbus,,airbus-anthracite-bleu-32,Couleur,Pointure,Anthracite/Bleu,1,32,13,1,30,,,,,,Bottes enfant,Enfant,Botte,airbus enfant,airbus,anthracite,bleu,32,,,airbusenfant
162,Airbus,"Couleur:color:0, Pointure:select:1","Color:color:0, Size:select:1","Anthracite/Bleu:0, 33:1","Anthracite/Bleu:0, 33:1",,airbus-anthracite-bleu-33,AIRBUS-EN-ANBL33,Couleur:color:0,Pointure:select:1,Anthracite-Bleu:0,3,33:1,1,,,0,,,,1,,,,,162,Airbus,,airbus-anthracite-bleu-33,Couleur,Pointure,Anthracite/Bleu,1,33,14,1,30,,,,,,Bottes enfant,Enfant,Botte,airbus enfant,airbus,anthracite,bleu,33,,,airbusenfant
162,Airbus,"Couleur:color:0, Pointure:select:1","Color:color:0, Size:select:1","Anthracite/Bleu:0, 34:1","Anthracite/Bleu:0, 34:1",,airbus-anthracite-bleu-34,AIRBUS-EN-ANBL34,Couleur:color:0,Pointure:select:1,Anthracite-Bleu:0,3,34:1,1,,,0,,,,1,,,,,162,Airbus,,airbus-anthracite-bleu-34,Couleur,Pointure,Anthracite/Bleu,1,34,15,1,30,,,,,,Bottes enfant,Enfant,Botte,airbus enfant,airbus,anthracite,bleu,34,,,airbusenfant
162,Airbus,"Couleur:color:0, Pointure:select:1","Color:color:0, Size:select:1","Bleu nuit/Gris:0, 20:1","Bleu nuit/Gris:0, 20:1",,airbus-bleu-nuit-gris-20,AIRBUS-EN-BLNUGR20,Couleur:color:0,Pointure:select:1,Bleu nuit-Gris:0,0,20:1,1,,,0,,2,https://cata.meduse.co/enfants/bottes/airbus/bleu-nuit-gris/bottes-enfant-airbus-bleu-nuit-gris-cote.jpg,1,,,,,162,Airbus,,airbus-bleu-nuit-gris-20,Couleur,Pointure,Bleu nuit/Gris,2,20,1,1,27,,,,,,Bottes enfant,Enfant,Botte,airbus enfant,airbus,bleu,nuit,gris,20,,airbusenfant
162,Airbus,"Couleur:color:0, Pointure:select:1","Color:color:0, Size:select:1","Bleu nuit/Gris:0, 21:1","Bleu nuit/Gris:0, 21:1",,airbus-bleu-nuit-gris-21,AIRBUS-EN-BLNUGR21,Couleur:color:0,Pointure:select:1,Bleu nuit-Gris:0,0,21:1,1,,,0,,,,1,,,,,162,Airbus,,airbus-bleu-nuit-gris-21,Couleur,Pointure,Bleu nuit/Gris,2,21,2,1,27,,,,,,Bottes enfant,Enfant,Botte,airbus enfant,airbus,bleu,nuit,gris,21,,airbusenfant
162,Airbus,"Couleur:color:0, Pointure:select:1","Color:color:0, Size:select:1","Bleu nuit/Gris:0, 22:1","Bleu nuit/Gris:0, 22:1",,airbus-bleu-nuit-gris-22,AIRBUS-EN-BLNUGR22,Couleur:color:0,Pointure:select:1,Bleu nuit-Gris:0,0,22:1,1,,,0,,,,1,,,,,162,Airbus,,airbus-bleu-nuit-gris-22,Couleur,Pointure,Bleu nuit/Gris,2,22,3,1,27,,,,,,Bottes enfant,Enfant,Botte,airbus enfant,airbus,bleu,nuit,gris,22,,airbusenfant
162,Airbus,"Couleur:color:0, Pointure:select:1","Color:color:0, Size:select:1","Bleu nuit/Gris:0, 23:1","Bleu nuit/Gris:0, 23:1",,airbus-bleu-nuit-gris-23,AIRBUS-EN-BLNUGR23,Couleur:color:0,Pointure:select:1,Bleu nuit-Gris:0,0,23:1,1,,,0,,,,1,,,,,162,Airbus,,airbus-bleu-nuit-gris-23,Couleur,Pointure,Bleu nuit/Gris,2,23,4,1,27,,,,,,Bottes enfant,Enfant,Botte,airbus enfant,airbus,bleu,nuit,gris,23,,airbusenfant
162,Airbus,"Couleur:color:0, Pointure:select:1","Color:color:0, Size:select:1","Bleu nuit/Gris:0, 24:1","Bleu nuit/Gris:0, 24:1",,airbus-bleu-nuit-gris-24,AIRBUS-EN-BLNUGR24,Couleur:color:0,Pointure:select:1,Bleu nuit-Gris:0,0,24:1,1,,,0,,,,1,,,,,162,Airbus,,airbus-bleu-nuit-gris-24,Couleur,Pointure,Bleu nuit/Gris,2,24,5,1,27,,,,,,Bottes enfant,Enfant,Botte,airbus enfant,airbus,bleu,nuit,gris,24,,airbusenfant
162,Airbus,"Couleur:color:0, Pointure:select:1","Color:color:0, Size:select:1","Bleu nuit/Gris:0, 25:1","Bleu nuit/Gris:0, 25:1",,airbus-bleu-nuit-gris-25,AIRBUS-EN-BLNUGR25,Couleur:color:0,Pointure:select:1,Bleu nuit-Gris:0,0,25:1,1,,,0,,,,1,,,,,162,Airbus,,airbus-bleu-nuit-gris-25,Couleur,Pointure,Bleu nuit/Gris,2,25,6,1,27,,,,,,Bottes enfant,Enfant,Botte,airbus enfant,airbus,bleu,nuit,gris,25,,airbusenfant
162,Airbus,"Couleur:color:0, Pointure:select:1","Color:color:0, Size:select:1","Bleu nuit/Gris:0, 26:1","Bleu nuit/Gris:0, 26:1",,airbus-bleu-nuit-gris-26,AIRBUS-EN-BLNUGR26,Couleur:color:0,Pointure:select:1,Bleu nuit-Gris:0,0,26:1,1,,,0,,,,1,,,,,162,Airbus,,airbus-bleu-nuit-gris-26,Couleur,Pointure,Bleu nuit/Gris,2,26,7,1,27,,,,,,Bottes enfant,Enfant,Botte,airbus enfant,airbus,bleu,nuit,gris,26,,airbusenfant
