iD,Product Name,Attribute FR (Name:Type:Position)*,Attribute EN (Name:Type:Position)*,Value FR (Value:Position)*,Value EN (Value:Position)*,Supplier reference,Reference,Référence Finale,EAN13,UPC,Wholesale price,Impact on price,Ecotax,Quantity,Minimal quantity,Impact on weight,"Default (0 = No, 1 = Yes)",Combination available date,Image position,Image URL,"Delete existing images (0 = No, 1 = Yes)",ID / Name of shop,Advanced Stock Managment,Depends on stock,Warehouse,ID,Désignation (Français),Désignation (English),Référence,Nom de la première variante,Nom de la seconde variante,Valeur de la première variante,Ordre variante 1,Valeur de la seconde variante,Ordre variante 2,Stock,Prix,Taux de promotion,Date de début de promotion,Date de fin de promotion,Date réapprovisionnement,,Catégorie Principale,Famille,,,,,,,,,
15,Sun,"Couleur:color:0, Pointure:select:1","Color:color:0, Size:select:1","Argent pailleté:0, 35:1","Argent pailleté:0, 35:1",,sun-argent-pailleté-35,SUN-FE-ARPA35,Couleur:color:0,Pointure:select:1,Argent pailleté:0,6,35:1,1,,,1,,1,https://cata.meduse.co/femmes/sandales/sun/argent-paillete/sandales-femme-sun-argent-paillete-cote.jpg,1,,,,,15,Sun,,sun-argent-pailleté-35,Couleur,Pointure,Argent pailleté,1,35,18,1,18,,,,,,Sandales femme,Femme,Sandale,sun femme,sun,argent,pailleté,35,,,sunfemme
15,Sun,"Couleur:color:0, Pointure:select:1","Color:color:0, Size:select:1","Argent pailleté:0, 36:1","Argent pailleté:0, 36:1",,sun-argent-pailleté-36,SUN-FE-ARPA36,Couleur:color:0,Pointure:select:1,Argent pailleté:0,6,36:1,1,,,0,,1,https://cata.meduse.co/femmes/sandales/sun/argent-paillete/sandales-femme-sun-argent-paillete-cote.jpg,1,,,,,15,Sun,,sun-argent-pailleté-36,Couleur,Pointure,Argent pailleté,1,36,19,1,18,,,,,,Sandales femme,Femme,Sandale,sun femme,sun,argent,pailleté,36,,,sunfemme
15,Sun,"Couleur:color:0, Pointure:select:1","Color:color:0, Size:select:1","Argent pailleté:0, 37:1","Argent pailleté:0, 37:1",,sun-argent-pailleté-37,SUN-FE-ARPA37,Couleur:color:0,Pointure:select:1,Argent pailleté:0,6,37:1,1,,,0,,1,https://cata.meduse.co/femmes/sandales/sun/argent-paillete/sandales-femme-sun-argent-paillete-cote.jpg,1,,,,,15,Sun,,sun-argent-pailleté-37,Couleur,Pointure,Argent pailleté,1,37,20,1,18,,,,,,Sandales femme,Femme,Sandale,sun femme,sun,argent,pailleté,37,,,sunfemme
15,Sun,"Couleur:color:0, Pointure:select:1","Color:color:0, Size:select:1","Argent pailleté:0, 38:1","Argent pailleté:0, 38:1",,sun-argent-pailleté-38,SUN-FE-ARPA38,Couleur:color:0,Pointure:select:1,Argent pailleté:0,6,38:1,1,,,0,,1,https://cata.meduse.co/femmes/sandales/sun/argent-paillete/sandales-femme-sun-argent-paillete-cote.jpg,1,,,,,15,Sun,,sun-argent-pailleté-38,Couleur,Pointure,Argent pailleté,1,38,21,1,18,,,,,,Sandales femme,Femme,Sandale,sun femme,sun,argent,pailleté,38,,,sunfemme
15,Sun,"Couleur:color:0, Pointure:select:1","Color:color:0, Size:select:1","Argent pailleté:0, 39:1","Argent pailleté:0, 39:1",,sun-argent-pailleté-39,SUN-FE-ARPA39,Couleur:color:0,Pointure:select:1,Argent pailleté:0,6,39:1,1,,,0,,1,https://cata.meduse.co/femmes/sandales/sun/argent-paillete/sandales-femme-sun-argent-paillete-cote.jpg,1,,,,,15,Sun,,sun-argent-pailleté-39,Couleur,Pointure,Argent pailleté,1,39,22,1,18,,,,,,Sandales femme,Femme,Sandale,sun femme,sun,argent,pailleté,39,,,sunfemme
15,Sun,"Couleur:color:0, Pointure:select:1","Color:color:0, Size:select:1","Argent pailleté:0, 40:1","Argent pailleté:0, 40:1",,sun-argent-pailleté-40,SUN-FE-ARPA40,Couleur:color:0,Pointure:select:1,Argent pailleté:0,6,40:1,1,,,0,,1,https://cata.meduse.co/femmes/sandales/sun/argent-paillete/sandales-femme-sun-argent-paillete-cote.jpg,1,,,,,15,Sun,,sun-argent-pailleté-40,Couleur,Pointure,Argent pailleté,1,40,23,1,18,,,,,,Sandales femme,Femme,Sandale,sun femme,sun,argent,pailleté,40,,,sunfemme
15,Sun,"Couleur:color:0, Pointure:select:1","Color:color:0, Size:select:1","Argent pailleté:0, 41:1","Argent pailleté:0, 41:1",,sun-argent-pailleté-41,SUN-FE-ARPA41,Couleur:color:0,Pointure:select:1,Argent pailleté:0,6,41:1,1,,,0,,1,https://cata.meduse.co/femmes/sandales/sun/argent-paillete/sandales-femme-sun-argent-paillete-cote.jpg,1,,,,,15,Sun,,sun-argent-pailleté-41,Couleur,Pointure,Argent pailleté,1,41,24,1,18,,,,,,Sandales femme,Femme,Sandale,sun femme,sun,argent,pailleté,41,,,sunfemme
15,Sun,"Couleur:color:0, Pointure:select:1","Color:color:0, Size:select:1","Argent pailleté:0, 42:1","Argent pailleté:0, 42:1",,sun-argent-pailleté-42,SUN-FE-ARPA42,Couleur:color:0,Pointure:select:1,Argent pailleté:0,6,42:1,1,,,0,,1,https://cata.meduse.co/femmes/sandales/sun/argent-paillete/sandales-femme-sun-argent-paillete-cote.jpg,1,,,,,15,Sun,,sun-argent-pailleté-42,Couleur,Pointure,Argent pailleté,1,42,25,1,18,,,,,,Sandales femme,Femme,Sandale,sun femme,sun,argent,pailleté,42,,,sunfemme
15,Sun,"Couleur:color:0, Pointure:select:1","Color:color:0, Size:select:1","Bleu pastel:0, 35:1","Bleu pastel:0, 35:1",,sun-bleu-pastel-35,SUN-FE-BLPA35,Couleur:color:0,Pointure:select:1,Bleu pastel:0,6,35:1,1,,,0,,2,https://cata.meduse.co/femmes/sandales/sun/bleu-pastel/sandales-femme-sun-bleu-pastel-cote.jpg,1,,,,,15,Sun,,sun-bleu-pastel-35,Couleur,Pointure,Bleu pastel,3,35,18,1,18,,,,,,Sandales femme,Femme,Sandale,sun femme,sun,bleu,pastel,35,,,sunfemme
15,Sun,"Couleur:color:0, Pointure:select:1","Color:color:0, Size:select:1","Bleu pastel:0, 36:1","Bleu pastel:0, 36:1",,sun-bleu-pastel-36,SUN-FE-BLPA36,Couleur:color:0,Pointure:select:1,Bleu pastel:0,6,36:1,1,,,0,,2,https://cata.meduse.co/femmes/sandales/sun/bleu-pastel/sandales-femme-sun-bleu-pastel-cote.jpg,1,,,,,15,Sun,,sun-bleu-pastel-36,Couleur,Pointure,Bleu pastel,3,36,19,1,18,,,,,,Sandales femme,Femme,Sandale,sun femme,sun,bleu,pastel,36,,,sunfemme
15,Sun,"Couleur:color:0, Pointure:select:1","Color:color:0, Size:select:1","Bleu pastel:0, 37:1","Bleu pastel:0, 37:1",,sun-bleu-pastel-37,SUN-FE-BLPA37,Couleur:color:0,Pointure:select:1,Bleu pastel:0,6,37:1,1,,,0,,2,https://cata.meduse.co/femmes/sandales/sun/bleu-pastel/sandales-femme-sun-bleu-pastel-cote.jpg,1,,,,,15,Sun,,sun-bleu-pastel-37,Couleur,Pointure,Bleu pastel,3,37,20,1,18,,,,,,Sandales femme,Femme,Sandale,sun femme,sun,bleu,pastel,37,,,sunfemme
15,Sun,"Couleur:color:0, Pointure:select:1","Color:color:0, Size:select:1","Bleu pastel:0, 38:1","Bleu pastel:0, 38:1",,sun-bleu-pastel-38,SUN-FE-BLPA38,Couleur:color:0,Pointure:select:1,Bleu pastel:0,6,38:1,1,,,0,,2,https://cata.meduse.co/femmes/sandales/sun/bleu-pastel/sandales-femme-sun-bleu-pastel-cote.jpg,1,,,,,15,Sun,,sun-bleu-pastel-38,Couleur,Pointure,Bleu pastel,3,38,21,1,18,,,,,,Sandales femme,Femme,Sandale,sun femme,sun,bleu,pastel,38,,,sunfemme
15,Sun,"Couleur:color:0, Pointure:select:1","Color:color:0, Size:select:1","Bleu pastel:0, 39:1","Bleu pastel:0, 39:1",,sun-bleu-pastel-39,SUN-FE-BLPA39,Couleur:color:0,Pointure:select:1,Bleu pastel:0,6,39:1,1,,,0,,2,https://cata.meduse.co/femmes/sandales/sun/bleu-pastel/sandales-femme-sun-bleu-pastel-cote.jpg,1,,,,,15,Sun,,sun-bleu-pastel-39,Couleur,Pointure,Bleu pastel,3,39,22,1,18,,,,,,Sandales femme,Femme,Sandale,sun femme,sun,bleu,pastel,39,,,sunfemme
15,Sun,"Couleur:color:0, Pointure:select:1","Color:color:0, Size:select:1","Bleu pastel:0, 40:1","Bleu pastel:0, 40:1",,sun-bleu-pastel-40,SUN-FE-BLPA40,Couleur:color:0,Pointure:select:1,Bleu pastel:0,6,40:1,1,,,0,,2,https://cata.meduse.co/femmes/sandales/sun/bleu-pastel/sandales-femme-sun-bleu-pastel-cote.jpg,1,,,,,15,Sun,,sun-bleu-pastel-40,Couleur,Pointure,Bleu pastel,3,40,23,1,18,,,,,,Sandales femme,Femme,Sandale,sun femme,sun,bleu,pastel,40,,,sunfemme
15,Sun,"Couleur:color:0, Pointure:select:1","Color:color:0, Size:select:1","Bleu pastel:0, 41:1","Bleu pastel:0, 41:1",,sun-bleu-pastel-41,SUN-FE-BLPA41,Couleur:color:0,Pointure:select:1,Bleu pastel:0,6,41:1,1,,,0,,2,https://cata.meduse.co/femmes/sandales/sun/bleu-pastel/sandales-femme-sun-bleu-pastel-cote.jpg,1,,,,,15,Sun,,sun-bleu-pastel-41,Couleur,Pointure,Bleu pastel,3,41,24,1,18,,,,,,Sandales femme,Femme,Sandale,sun femme,sun,bleu,pastel,41,,,sunfemme
15,Sun,"Couleur:color:0, Pointure:select:1","Color:color:0, Size:select:1","Bleu pastel:0, 42:1","Bleu pastel:0, 42:1",,sun-bleu-pastel-42,SUN-FE-BLPA42,Couleur:color:0,Pointure:select:1,Bleu pastel:0,6,42:1,1,,,0,,2,https://cata.meduse.co/femmes/sandales/sun/bleu-pastel/sandales-femme-sun-bleu-pastel-cote.jpg,1,,,,,15,Sun,,sun-bleu-pastel-42,Couleur,Pointure,Bleu pastel,3,42,25,1,18,,,,,,Sandales femme,Femme,Sandale,sun femme,sun,bleu,pastel,42,,,sunfemme
15,Sun,"Couleur:color:0, Pointure:select:1","Color:color:0, Size:select:1","Bleu roy:0, 35:1","Bleu roy:0, 35:1",,sun-bleu-roy-35,SUN-FE-BLRO35,Couleur:color:0,Pointure:select:1,Bleu roy:0,6,35:1,1,,,0,,3,https://cata.meduse.co/femmes/sandales/sun/bleu-roy/sandales-femme-sun-bleu-roy-cote.jpg,1,,,,,15,Sun,,sun-bleu-roy-35,Couleur,Pointure,Bleu roy,4,35,18,1,18,,,,,,Sandales femme,Femme,Sandale,sun femme,sun,bleu,roy,35,,,sunfemme
15,Sun,"Couleur:color:0, Pointure:select:1","Color:color:0, Size:select:1","Bleu roy:0, 36:1","Bleu roy:0, 36:1",,sun-bleu-roy-36,SUN-FE-BLRO36,Couleur:color:0,Pointure:select:1,Bleu roy:0,6,36:1,1,,,0,,3,https://cata.meduse.co/femmes/sandales/sun/bleu-roy/sandales-femme-sun-bleu-roy-cote.jpg,1,,,,,15,Sun,,sun-bleu-roy-36,Couleur,Pointure,Bleu roy,4,36,19,1,18,,,,,,Sandales femme,Femme,Sandale,sun femme,sun,bleu,roy,36,,,sunfemme
15,Sun,"Couleur:color:0, Pointure:select:1","Color:color:0, Size:select:1","Bleu roy:0, 37:1","Bleu roy:0, 37:1",,sun-bleu-roy-37,SUN-FE-BLRO37,Couleur:color:0,Pointure:select:1,Bleu roy:0,6,37:1,1,,,0,,3,https://cata.meduse.co/femmes/sandales/sun/bleu-roy/sandales-femme-sun-bleu-roy-cote.jpg,1,,,,,15,Sun,,sun-bleu-roy-37,Couleur,Pointure,Bleu roy,4,37,20,1,18,,,,,,Sandales femme,Femme,Sandale,sun femme,sun,bleu,roy,37,,,sunfemme
15,Sun,"Couleur:color:0, Pointure:select:1","Color:color:0, Size:select:1","Bleu roy:0, 38:1","Bleu roy:0, 38:1",,sun-bleu-roy-38,SUN-FE-BLRO38,Couleur:color:0,Pointure:select:1,Bleu roy:0,6,38:1,1,,,0,,3,https://cata.meduse.co/femmes/sandales/sun/bleu-roy/sandales-femme-sun-bleu-roy-cote.jpg,1,,,,,15,Sun,,sun-bleu-roy-38,Couleur,Pointure,Bleu roy,4,38,21,1,18,,,,,,Sandales femme,Femme,Sandale,sun femme,sun,bleu,roy,38,,,sunfemme
15,Sun,"Couleur:color:0, Pointure:select:1","Color:color:0, Size:select:1","Bleu roy:0, 39:1","Bleu roy:0, 39:1",,sun-bleu-roy-39,SUN-FE-BLRO39,Couleur:color:0,Pointure:select:1,Bleu roy:0,6,39:1,1,,,0,,3,https://cata.meduse.co/femmes/sandales/sun/bleu-roy/sandales-femme-sun-bleu-roy-cote.jpg,1,,,,,15,Sun,,sun-bleu-roy-39,Couleur,Pointure,Bleu roy,4,39,22,1,18,,,,,,Sandales femme,Femme,Sandale,sun femme,sun,bleu,roy,39,,,sunfemme
15,Sun,"Couleur:color:0, Pointure:select:1","Color:color:0, Size:select:1","Bleu roy:0, 40:1","Bleu roy:0, 40:1",,sun-bleu-roy-40,SUN-FE-BLRO40,Couleur:color:0,Pointure:select:1,Bleu roy:0,6,40:1,1,,,0,,3,https://cata.meduse.co/femmes/sandales/sun/bleu-roy/sandales-femme-sun-bleu-roy-cote.jpg,1,,,,,15,Sun,,sun-bleu-roy-40,Couleur,Pointure,Bleu roy,4,40,23,1,18,,,,,,Sandales femme,Femme,Sandale,sun femme,sun,bleu,roy,40,,,sunfemme
15,Sun,"Couleur:color:0, Pointure:select:1","Color:color:0, Size:select:1","Bleu roy:0, 41:1","Bleu roy:0, 41:1",,sun-bleu-roy-41,SUN-FE-BLRO41,Couleur:color:0,Pointure:select:1,Bleu roy:0,6,41:1,1,,,0,,3,https://cata.meduse.co/femmes/sandales/sun/bleu-roy/sandales-femme-sun-bleu-roy-cote.jpg,1,,,,,15,Sun,,sun-bleu-roy-41,Couleur,Pointure,Bleu roy,4,41,24,1,18,,,,,,Sandales femme,Femme,Sandale,sun femme,sun,bleu,roy,41,,,sunfemme
15,Sun,"Couleur:color:0, Pointure:select:1","Color:color:0, Size:select:1","Bleu roy:0, 42:1","Bleu roy:0, 42:1",,sun-bleu-roy-42,SUN-FE-BLRO42,Couleur:color:0,Pointure:select:1,Bleu roy:0,6,42:1,1,,,0,,3,https://cata.meduse.co/femmes/sandales/sun/bleu-roy/sandales-femme-sun-bleu-roy-cote.jpg,1,,,,,15,Sun,,sun-bleu-roy-42,Couleur,Pointure,Bleu roy,4,42,25,1,18,,,,,,Sandales femme,Femme,Sandale,sun femme,sun,bleu,roy,42,,,sunfemme
15,Sun,"Couleur:color:0, Pointure:select:1","Color:color:0, Size:select:1","Bronze:0, 35:1","Bronze:0, 35:1",,sun-bronze-35,SUN-FE-BR35,Couleur:color:0,Pointure:select:1,Bronze:0,6,35:1,1,,,0,,4,https://cata.meduse.co/femmes/sandales/sun/bronze/sandales-femme-sun-bronze-cote.jpg,1,,,,,15,Sun,,sun-bronze-35,Couleur,Pointure,Bronze,5,35,18,1,18,,,,,,Sandales femme,Femme,Sandale,sun femme,sun,bronze,35,,,,sunfemme
15,Sun,"Couleur:color:0, Pointure:select:1","Color:color:0, Size:select:1","Bronze:0, 36:1","Bronze:0, 36:1",,sun-bronze-36,SUN-FE-BR36,Couleur:color:0,Pointure:select:1,Bronze:0,6,36:1,1,,,0,,4,https://cata.meduse.co/femmes/sandales/sun/bronze/sandales-femme-sun-bronze-cote.jpg,1,,,,,15,Sun,,sun-bronze-36,Couleur,Pointure,Bronze,5,36,19,1,18,,,,,,Sandales femme,Femme,Sandale,sun femme,sun,bronze,36,,,,sunfemme
15,Sun,"Couleur:color:0, Pointure:select:1","Color:color:0, Size:select:1","Bronze:0, 37:1","Bronze:0, 37:1",,sun-bronze-37,SUN-FE-BR37,Couleur:color:0,Pointure:select:1,Bronze:0,6,37:1,1,,,0,,4,https://cata.meduse.co/femmes/sandales/sun/bronze/sandales-femme-sun-bronze-cote.jpg,1,,,,,15,Sun,,sun-bronze-37,Couleur,Pointure,Bronze,5,37,20,1,18,,,,,,Sandales femme,Femme,Sandale,sun femme,sun,bronze,37,,,,sunfemme
15,Sun,"Couleur:color:0, Pointure:select:1","Color:color:0, Size:select:1","Bronze:0, 38:1","Bronze:0, 38:1",,sun-bronze-38,SUN-FE-BR38,Couleur:color:0,Pointure:select:1,Bronze:0,6,38:1,1,,,0,,4,https://cata.meduse.co/femmes/sandales/sun/bronze/sandales-femme-sun-bronze-cote.jpg,1,,,,,15,Sun,,sun-bronze-38,Couleur,Pointure,Bronze,5,38,21,1,18,,,,,,Sandales femme,Femme,Sandale,sun femme,sun,bronze,38,,,,sunfemme
15,Sun,"Couleur:color:0, Pointure:select:1","Color:color:0, Size:select:1","Bronze:0, 39:1","Bronze:0, 39:1",,sun-bronze-39,SUN-FE-BR39,Couleur:color:0,Pointure:select:1,Bronze:0,6,39:1,1,,,0,,4,https://cata.meduse.co/femmes/sandales/sun/bronze/sandales-femme-sun-bronze-cote.jpg,1,,,,,15,Sun,,sun-bronze-39,Couleur,Pointure,Bronze,5,39,22,1,18,,,,,,Sandales femme,Femme,Sandale,sun femme,sun,bronze,39,,,,sunfemme
15,Sun,"Couleur:color:0, Pointure:select:1","Color:color:0, Size:select:1","Bronze:0, 40:1","Bronze:0, 40:1",,sun-bronze-40,SUN-FE-BR40,Couleur:color:0,Pointure:select:1,Bronze:0,6,40:1,1,,,0,,4,https://cata.meduse.co/femmes/sandales/sun/bronze/sandales-femme-sun-bronze-cote.jpg,1,,,,,15,Sun,,sun-bronze-40,Couleur,Pointure,Bronze,5,40,23,1,18,,,,,,Sandales femme,Femme,Sandale,sun femme,sun,bronze,40,,,,sunfemme
15,Sun,"Couleur:color:0, Pointure:select:1","Color:color:0, Size:select:1","Bronze:0, 41:1","Bronze:0, 41:1",,sun-bronze-41,SUN-FE-BR41,Couleur:color:0,Pointure:select:1,Bronze:0,6,41:1,1,,,0,,4,https://cata.meduse.co/femmes/sandales/sun/bronze/sandales-femme-sun-bronze-cote.jpg,1,,,,,15,Sun,,sun-bronze-41,Couleur,Pointure,Bronze,5,41,24,1,18,,,,,,Sandales femme,Femme,Sandale,sun femme,sun,bronze,41,,,,sunfemme
15,Sun,"Couleur:color:0, Pointure:select:1","Color:color:0, Size:select:1","Bronze:0, 42:1","Bronze:0, 42:1",,sun-bronze-42,SUN-FE-BR42,Couleur:color:0,Pointure:select:1,Bronze:0,6,42:1,1,,,0,,4,https://cata.meduse.co/femmes/sandales/sun/bronze/sandales-femme-sun-bronze-cote.jpg,1,,,,,15,Sun,,sun-bronze-42,Couleur,Pointure,Bronze,5,42,25,1,18,,,,,,Sandales femme,Femme,Sandale,sun femme,sun,bronze,42,,,,sunfemme
15,Sun,"Couleur:color:0, Pointure:select:1","Color:color:0, Size:select:1","Canari:0, 35:1","Canari:0, 35:1",,sun-canari-35,SUN-FE-CA35,Couleur:color:0,Pointure:select:1,Canari:0,6,35:1,1,,,0,,5,https://cata.meduse.co/femmes/sandales/sun/canari/sandales-femme-sun-canari-cote.jpg,1,,,,,15,Sun,,sun-canari-35,Couleur,Pointure,Canari,6,35,18,1,18,,,,,,Sandales femme,Femme,Sandale,sun femme,sun,canari,35,,,,sunfemme
15,Sun,"Couleur:color:0, Pointure:select:1","Color:color:0, Size:select:1","Canari:0, 36:1","Canari:0, 36:1",,sun-canari-36,SUN-FE-CA36,Couleur:color:0,Pointure:select:1,Canari:0,6,36:1,1,,,0,,5,https://cata.meduse.co/femmes/sandales/sun/canari/sandales-femme-sun-canari-cote.jpg,1,,,,,15,Sun,,sun-canari-36,Couleur,Pointure,Canari,6,36,19,1,18,,,,,,Sandales femme,Femme,Sandale,sun femme,sun,canari,36,,,,sunfemme
15,Sun,"Couleur:color:0, Pointure:select:1","Color:color:0, Size:select:1","Canari:0, 37:1","Canari:0, 37:1",,sun-canari-37,SUN-FE-CA37,Couleur:color:0,Pointure:select:1,Canari:0,6,37:1,1,,,0,,5,https://cata.meduse.co/femmes/sandales/sun/canari/sandales-femme-sun-canari-cote.jpg,1,,,,,15,Sun,,sun-canari-37,Couleur,Pointure,Canari,6,37,20,1,18,,,,,,Sandales femme,Femme,Sandale,sun femme,sun,canari,37,,,,sunfemme
15,Sun,"Couleur:color:0, Pointure:select:1","Color:color:0, Size:select:1","Canari:0, 38:1","Canari:0, 38:1",,sun-canari-38,SUN-FE-CA38,Couleur:color:0,Pointure:select:1,Canari:0,6,38:1,1,,,0,,5,https://cata.meduse.co/femmes/sandales/sun/canari/sandales-femme-sun-canari-cote.jpg,1,,,,,15,Sun,,sun-canari-38,Couleur,Pointure,Canari,6,38,21,1,18,,,,,,Sandales femme,Femme,Sandale,sun femme,sun,canari,38,,,,sunfemme
15,Sun,"Couleur:color:0, Pointure:select:1","Color:color:0, Size:select:1","Canari:0, 39:1","Canari:0, 39:1",,sun-canari-39,SUN-FE-CA39,Couleur:color:0,Pointure:select:1,Canari:0,6,39:1,1,,,0,,5,https://cata.meduse.co/femmes/sandales/sun/canari/sandales-femme-sun-canari-cote.jpg,1,,,,,15,Sun,,sun-canari-39,Couleur,Pointure,Canari,6,39,22,1,18,,,,,,Sandales femme,Femme,Sandale,sun femme,sun,canari,39,,,,sunfemme
15,Sun,"Couleur:color:0, Pointure:select:1","Color:color:0, Size:select:1","Canari:0, 40:1","Canari:0, 40:1",,sun-canari-40,SUN-FE-CA40,Couleur:color:0,Pointure:select:1,Canari:0,6,40:1,1,,,0,,5,https://cata.meduse.co/femmes/sandales/sun/canari/sandales-femme-sun-canari-cote.jpg,1,,,,,15,Sun,,sun-canari-40,Couleur,Pointure,Canari,6,40,23,1,18,,,,,,Sandales femme,Femme,Sandale,sun femme,sun,canari,40,,,,sunfemme
15,Sun,"Couleur:color:0, Pointure:select:1","Color:color:0, Size:select:1","Canari:0, 41:1","Canari:0, 41:1",,sun-canari-41,SUN-FE-CA41,Couleur:color:0,Pointure:select:1,Canari:0,6,41:1,1,,,0,,5,https://cata.meduse.co/femmes/sandales/sun/canari/sandales-femme-sun-canari-cote.jpg,1,,,,,15,Sun,,sun-canari-41,Couleur,Pointure,Canari,6,41,24,1,18,,,,,,Sandales femme,Femme,Sandale,sun femme,sun,canari,41,,,,sunfemme
15,Sun,"Couleur:color:0, Pointure:select:1","Color:color:0, Size:select:1","Canari:0, 42:1","Canari:0, 42:1",,sun-canari-42,SUN-FE-CA42,Couleur:color:0,Pointure:select:1,Canari:0,6,42:1,1,,,0,,5,https://cata.meduse.co/femmes/sandales/sun/canari/sandales-femme-sun-canari-cote.jpg,1,,,,,15,Sun,,sun-canari-42,Couleur,Pointure,Canari,6,42,25,1,18,,,,,,Sandales femme,Femme,Sandale,sun femme,sun,canari,42,,,,sunfemme
15,Sun,"Couleur:color:0, Pointure:select:1","Color:color:0, Size:select:1","Carmin:0, 35:1","Carmin:0, 35:1",,sun-carmin-35,SUN-FE-CA35,Couleur:color:0,Pointure:select:1,Carmin:0,6,35:1,1,,,0,,6,https://cata.meduse.co/femmes/sandales/sun/carmin/sandales-femme-sun-carmin-cote.jpg,1,,,,,15,Sun,,sun-carmin-35,Couleur,Pointure,Carmin,7,35,18,1,18,,,,,,Sandales femme,Femme,Sandale,sun femme,sun,carmin,35,,,,sunfemme
15,Sun,"Couleur:color:0, Pointure:select:1","Color:color:0, Size:select:1","Carmin:0, 36:1","Carmin:0, 36:1",,sun-carmin-36,SUN-FE-CA36,Couleur:color:0,Pointure:select:1,Carmin:0,6,36:1,1,,,0,,6,https://cata.meduse.co/femmes/sandales/sun/carmin/sandales-femme-sun-carmin-cote.jpg,1,,,,,15,Sun,,sun-carmin-36,Couleur,Pointure,Carmin,7,36,19,1,18,,,,,,Sandales femme,Femme,Sandale,sun femme,sun,carmin,36,,,,sunfemme
15,Sun,"Couleur:color:0, Pointure:select:1","Color:color:0, Size:select:1","Carmin:0, 37:1","Carmin:0, 37:1",,sun-carmin-37,SUN-FE-CA37,Couleur:color:0,Pointure:select:1,Carmin:0,6,37:1,1,,,0,,6,https://cata.meduse.co/femmes/sandales/sun/carmin/sandales-femme-sun-carmin-cote.jpg,1,,,,,15,Sun,,sun-carmin-37,Couleur,Pointure,Carmin,7,37,20,1,18,,,,,,Sandales femme,Femme,Sandale,sun femme,sun,carmin,37,,,,sunfemme
15,Sun,"Couleur:color:0, Pointure:select:1","Color:color:0, Size:select:1","Carmin:0, 38:1","Carmin:0, 38:1",,sun-carmin-38,SUN-FE-CA38,Couleur:color:0,Pointure:select:1,Carmin:0,6,38:1,1,,,0,,6,https://cata.meduse.co/femmes/sandales/sun/carmin/sandales-femme-sun-carmin-cote.jpg,1,,,,,15,Sun,,sun-carmin-38,Couleur,Pointure,Carmin,7,38,21,1,18,,,,,,Sandales femme,Femme,Sandale,sun femme,sun,carmin,38,,,,sunfemme
15,Sun,"Couleur:color:0, Pointure:select:1","Color:color:0, Size:select:1","Carmin:0, 39:1","Carmin:0, 39:1",,sun-carmin-39,SUN-FE-CA39,Couleur:color:0,Pointure:select:1,Carmin:0,6,39:1,1,,,0,,6,https://cata.meduse.co/femmes/sandales/sun/carmin/sandales-femme-sun-carmin-cote.jpg,1,,,,,15,Sun,,sun-carmin-39,Couleur,Pointure,Carmin,7,39,22,1,18,,,,,,Sandales femme,Femme,Sandale,sun femme,sun,carmin,39,,,,sunfemme
15,Sun,"Couleur:color:0, Pointure:select:1","Color:color:0, Size:select:1","Carmin:0, 40:1","Carmin:0, 40:1",,sun-carmin-40,SUN-FE-CA40,Couleur:color:0,Pointure:select:1,Carmin:0,6,40:1,1,,,0,,6,https://cata.meduse.co/femmes/sandales/sun/carmin/sandales-femme-sun-carmin-cote.jpg,1,,,,,15,Sun,,sun-carmin-40,Couleur,Pointure,Carmin,7,40,23,1,18,,,,,,Sandales femme,Femme,Sandale,sun femme,sun,carmin,40,,,,sunfemme
15,Sun,"Couleur:color:0, Pointure:select:1","Color:color:0, Size:select:1","Carmin:0, 41:1","Carmin:0, 41:1",,sun-carmin-41,SUN-FE-CA41,Couleur:color:0,Pointure:select:1,Carmin:0,6,41:1,1,,,0,,6,https://cata.meduse.co/femmes/sandales/sun/carmin/sandales-femme-sun-carmin-cote.jpg,1,,,,,15,Sun,,sun-carmin-41,Couleur,Pointure,Carmin,7,41,24,1,18,,,,,,Sandales femme,Femme,Sandale,sun femme,sun,carmin,41,,,,sunfemme
15,Sun,"Couleur:color:0, Pointure:select:1","Color:color:0, Size:select:1","Carmin:0, 42:1","Carmin:0, 42:1",,sun-carmin-42,SUN-FE-CA42,Couleur:color:0,Pointure:select:1,Carmin:0,6,42:1,1,,,0,,6,https://cata.meduse.co/femmes/sandales/sun/carmin/sandales-femme-sun-carmin-cote.jpg,1,,,,,15,Sun,,sun-carmin-42,Couleur,Pointure,Carmin,7,42,25,1,18,,,,,,Sandales femme,Femme,Sandale,sun femme,sun,carmin,42,,,,sunfemme
15,Sun,"Couleur:color:0, Pointure:select:1","Color:color:0, Size:select:1","Cobalt:0, 35:1","Cobalt:0, 35:1",,sun-cobalt-35,SUN-FE-CO35,Couleur:color:0,Pointure:select:1,Cobalt:0,6,35:1,1,,,0,,7,https://cata.meduse.co/femmes/sandales/sun/cobalt/sandales-femme-sun-cobalt-cote.jpg,1,,,,,15,Sun,,sun-cobalt-35,Couleur,Pointure,Cobalt,8,35,18,1,18,,,,,,Sandales femme,Femme,Sandale,sun femme,sun,cobalt,35,,,,sunfemme
15,Sun,"Couleur:color:0, Pointure:select:1","Color:color:0, Size:select:1","Cobalt:0, 36:1","Cobalt:0, 36:1",,sun-cobalt-36,SUN-FE-CO36,Couleur:color:0,Pointure:select:1,Cobalt:0,6,36:1,1,,,0,,7,https://cata.meduse.co/femmes/sandales/sun/cobalt/sandales-femme-sun-cobalt-cote.jpg,1,,,,,15,Sun,,sun-cobalt-36,Couleur,Pointure,Cobalt,8,36,19,1,18,,,,,,Sandales femme,Femme,Sandale,sun femme,sun,cobalt,36,,,,sunfemme
15,Sun,"Couleur:color:0, Pointure:select:1","Color:color:0, Size:select:1","Cobalt:0, 37:1","Cobalt:0, 37:1",,sun-cobalt-37,SUN-FE-CO37,Couleur:color:0,Pointure:select:1,Cobalt:0,6,37:1,1,,,0,,7,https://cata.meduse.co/femmes/sandales/sun/cobalt/sandales-femme-sun-cobalt-cote.jpg,1,,,,,15,Sun,,sun-cobalt-37,Couleur,Pointure,Cobalt,8,37,20,1,18,,,,,,Sandales femme,Femme,Sandale,sun femme,sun,cobalt,37,,,,sunfemme
15,Sun,"Couleur:color:0, Pointure:select:1","Color:color:0, Size:select:1","Cobalt:0, 38:1","Cobalt:0, 38:1",,sun-cobalt-38,SUN-FE-CO38,Couleur:color:0,Pointure:select:1,Cobalt:0,6,38:1,1,,,0,,7,https://cata.meduse.co/femmes/sandales/sun/cobalt/sandales-femme-sun-cobalt-cote.jpg,1,,,,,15,Sun,,sun-cobalt-38,Couleur,Pointure,Cobalt,8,38,21,1,18,,,,,,Sandales femme,Femme,Sandale,sun femme,sun,cobalt,38,,,,sunfemme
15,Sun,"Couleur:color:0, Pointure:select:1","Color:color:0, Size:select:1","Cobalt:0, 39:1","Cobalt:0, 39:1",,sun-cobalt-39,SUN-FE-CO39,Couleur:color:0,Pointure:select:1,Cobalt:0,6,39:1,1,,,0,,7,https://cata.meduse.co/femmes/sandales/sun/cobalt/sandales-femme-sun-cobalt-cote.jpg,1,,,,,15,Sun,,sun-cobalt-39,Couleur,Pointure,Cobalt,8,39,22,1,18,,,,,,Sandales femme,Femme,Sandale,sun femme,sun,cobalt,39,,,,sunfemme
15,Sun,"Couleur:color:0, Pointure:select:1","Color:color:0, Size:select:1","Cobalt:0, 40:1","Cobalt:0, 40:1",,sun-cobalt-40,SUN-FE-CO40,Couleur:color:0,Pointure:select:1,Cobalt:0,6,40:1,1,,,0,,7,https://cata.meduse.co/femmes/sandales/sun/cobalt/sandales-femme-sun-cobalt-cote.jpg,1,,,,,15,Sun,,sun-cobalt-40,Couleur,Pointure,Cobalt,8,40,23,1,18,,,,,,Sandales femme,Femme,Sandale,sun femme,sun,cobalt,40,,,,sunfemme
15,Sun,"Couleur:color:0, Pointure:select:1","Color:color:0, Size:select:1","Cobalt:0, 41:1","Cobalt:0, 41:1",,sun-cobalt-41,SUN-FE-CO41,Couleur:color:0,Pointure:select:1,Cobalt:0,6,41:1,1,,,0,,7,https://cata.meduse.co/femmes/sandales/sun/cobalt/sandales-femme-sun-cobalt-cote.jpg,1,,,,,15,Sun,,sun-cobalt-41,Couleur,Pointure,Cobalt,8,41,24,1,18,,,,,,Sandales femme,Femme,Sandale,sun femme,sun,cobalt,41,,,,sunfemme
15,Sun,"Couleur:color:0, Pointure:select:1","Color:color:0, Size:select:1","Cobalt:0, 42:1","Cobalt:0, 42:1",,sun-cobalt-42,SUN-FE-CO42,Couleur:color:0,Pointure:select:1,Cobalt:0,6,42:1,1,,,0,,7,https://cata.meduse.co/femmes/sandales/sun/cobalt/sandales-femme-sun-cobalt-cote.jpg,1,,,,,15,Sun,,sun-cobalt-42,Couleur,Pointure,Cobalt,8,42,25,1,18,,,,,,Sandales femme,Femme,Sandale,sun femme,sun,cobalt,42,,,,sunfemme
15,Sun,"Couleur:color:0, Pointure:select:1","Color:color:0, Size:select:1","Corail:0, 35:1","Corail:0, 35:1",,sun-corail-35,SUN-FE-CO35,Couleur:color:0,Pointure:select:1,Corail:0,6,35:1,1,,,0,,8,https://cata.meduse.co/femmes/sandales/sun/corail/sandales-femme-sun-corail-cote.jpg,1,,,,,15,Sun,,sun-corail-35,Couleur,Pointure,Corail,9,35,18,1,18,,,,,,Sandales femme,Femme,Sandale,sun femme,sun,corail,35,,,,sunfemme
15,Sun,"Couleur:color:0, Pointure:select:1","Color:color:0, Size:select:1","Corail:0, 36:1","Corail:0, 36:1",,sun-corail-36,SUN-FE-CO36,Couleur:color:0,Pointure:select:1,Corail:0,6,36:1,1,,,0,,8,https://cata.meduse.co/femmes/sandales/sun/corail/sandales-femme-sun-corail-cote.jpg,1,,,,,15,Sun,,sun-corail-36,Couleur,Pointure,Corail,9,36,19,1,18,,,,,,Sandales femme,Femme,Sandale,sun femme,sun,corail,36,,,,sunfemme
15,Sun,"Couleur:color:0, Pointure:select:1","Color:color:0, Size:select:1","Corail:0, 37:1","Corail:0, 37:1",,sun-corail-37,SUN-FE-CO37,Couleur:color:0,Pointure:select:1,Corail:0,6,37:1,1,,,0,,8,https://cata.meduse.co/femmes/sandales/sun/corail/sandales-femme-sun-corail-cote.jpg,1,,,,,15,Sun,,sun-corail-37,Couleur,Pointure,Corail,9,37,20,1,18,,,,,,Sandales femme,Femme,Sandale,sun femme,sun,corail,37,,,,sunfemme
15,Sun,"Couleur:color:0, Pointure:select:1","Color:color:0, Size:select:1","Corail:0, 38:1","Corail:0, 38:1",,sun-corail-38,SUN-FE-CO38,Couleur:color:0,Pointure:select:1,Corail:0,6,38:1,1,,,0,,8,https://cata.meduse.co/femmes/sandales/sun/corail/sandales-femme-sun-corail-cote.jpg,1,,,,,15,Sun,,sun-corail-38,Couleur,Pointure,Corail,9,38,21,1,18,,,,,,Sandales femme,Femme,Sandale,sun femme,sun,corail,38,,,,sunfemme
15,Sun,"Couleur:color:0, Pointure:select:1","Color:color:0, Size:select:1","Corail:0, 39:1","Corail:0, 39:1",,sun-corail-39,SUN-FE-CO39,Couleur:color:0,Pointure:select:1,Corail:0,6,39:1,1,,,0,,8,https://cata.meduse.co/femmes/sandales/sun/corail/sandales-femme-sun-corail-cote.jpg,1,,,,,15,Sun,,sun-corail-39,Couleur,Pointure,Corail,9,39,22,1,18,,,,,,Sandales femme,Femme,Sandale,sun femme,sun,corail,39,,,,sunfemme
15,Sun,"Couleur:color:0, Pointure:select:1","Color:color:0, Size:select:1","Corail:0, 40:1","Corail:0, 40:1",,sun-corail-40,SUN-FE-CO40,Couleur:color:0,Pointure:select:1,Corail:0,6,40:1,1,,,0,,8,https://cata.meduse.co/femmes/sandales/sun/corail/sandales-femme-sun-corail-cote.jpg,1,,,,,15,Sun,,sun-corail-40,Couleur,Pointure,Corail,9,40,23,1,18,,,,,,Sandales femme,Femme,Sandale,sun femme,sun,corail,40,,,,sunfemme
15,Sun,"Couleur:color:0, Pointure:select:1","Color:color:0, Size:select:1","Corail:0, 41:1","Corail:0, 41:1",,sun-corail-41,SUN-FE-CO41,Couleur:color:0,Pointure:select:1,Corail:0,6,41:1,1,,,0,,8,https://cata.meduse.co/femmes/sandales/sun/corail/sandales-femme-sun-corail-cote.jpg,1,,,,,15,Sun,,sun-corail-41,Couleur,Pointure,Corail,9,41,24,1,18,,,,,,Sandales femme,Femme,Sandale,sun femme,sun,corail,41,,,,sunfemme
15,Sun,"Couleur:color:0, Pointure:select:1","Color:color:0, Size:select:1","Corail:0, 42:1","Corail:0, 42:1",,sun-corail-42,SUN-FE-CO42,Couleur:color:0,Pointure:select:1,Corail:0,6,42:1,1,,,0,,8,https://cata.meduse.co/femmes/sandales/sun/corail/sandales-femme-sun-corail-cote.jpg,1,,,,,15,Sun,,sun-corail-42,Couleur,Pointure,Corail,9,42,25,1,18,,,,,,Sandales femme,Femme,Sandale,sun femme,sun,corail,42,,,,sunfemme
15,Sun,"Couleur:color:0, Pointure:select:1","Color:color:0, Size:select:1","Cristal:0, 35:1","Cristal:0, 35:1",,sun-cristal-35,SUN-FE-CR35,Couleur:color:0,Pointure:select:1,Cristal:0,6,35:1,1,,,0,,9,https://cata.meduse.co/femmes/sandales/sun/cristal/sandales-femme-sun-cristal-cote.jpg,1,,,,,15,Sun,,sun-cristal-35,Couleur,Pointure,Cristal,10,35,18,1,18,,,,,,Sandales femme,Femme,Sandale,sun femme,sun,cristal,35,,,,sunfemme
15,Sun,"Couleur:color:0, Pointure:select:1","Color:color:0, Size:select:1","Cristal:0, 36:1","Cristal:0, 36:1",,sun-cristal-36,SUN-FE-CR36,Couleur:color:0,Pointure:select:1,Cristal:0,6,36:1,1,,,0,,9,https://cata.meduse.co/femmes/sandales/sun/cristal/sandales-femme-sun-cristal-cote.jpg,1,,,,,15,Sun,,sun-cristal-36,Couleur,Pointure,Cristal,10,36,19,1,18,,,,,,Sandales femme,Femme,Sandale,sun femme,sun,cristal,36,,,,sunfemme
15,Sun,"Couleur:color:0, Pointure:select:1","Color:color:0, Size:select:1","Cristal:0, 37:1","Cristal:0, 37:1",,sun-cristal-37,SUN-FE-CR37,Couleur:color:0,Pointure:select:1,Cristal:0,6,37:1,1,,,0,,9,https://cata.meduse.co/femmes/sandales/sun/cristal/sandales-femme-sun-cristal-cote.jpg,1,,,,,15,Sun,,sun-cristal-37,Couleur,Pointure,Cristal,10,37,20,1,18,,,,,,Sandales femme,Femme,Sandale,sun femme,sun,cristal,37,,,,sunfemme
15,Sun,"Couleur:color:0, Pointure:select:1","Color:color:0, Size:select:1","Cristal:0, 38:1","Cristal:0, 38:1",,sun-cristal-38,SUN-FE-CR38,Couleur:color:0,Pointure:select:1,Cristal:0,6,38:1,1,,,0,,9,https://cata.meduse.co/femmes/sandales/sun/cristal/sandales-femme-sun-cristal-cote.jpg,1,,,,,15,Sun,,sun-cristal-38,Couleur,Pointure,Cristal,10,38,21,1,18,,,,,,Sandales femme,Femme,Sandale,sun femme,sun,cristal,38,,,,sunfemme
15,Sun,"Couleur:color:0, Pointure:select:1","Color:color:0, Size:select:1","Cristal:0, 39:1","Cristal:0, 39:1",,sun-cristal-39,SUN-FE-CR39,Couleur:color:0,Pointure:select:1,Cristal:0,6,39:1,1,,,0,,9,https://cata.meduse.co/femmes/sandales/sun/cristal/sandales-femme-sun-cristal-cote.jpg,1,,,,,15,Sun,,sun-cristal-39,Couleur,Pointure,Cristal,10,39,22,1,18,,,,,,Sandales femme,Femme,Sandale,sun femme,sun,cristal,39,,,,sunfemme
15,Sun,"Couleur:color:0, Pointure:select:1","Color:color:0, Size:select:1","Cristal:0, 40:1","Cristal:0, 40:1",,sun-cristal-40,SUN-FE-CR40,Couleur:color:0,Pointure:select:1,Cristal:0,6,40:1,1,,,0,,9,https://cata.meduse.co/femmes/sandales/sun/cristal/sandales-femme-sun-cristal-cote.jpg,1,,,,,15,Sun,,sun-cristal-40,Couleur,Pointure,Cristal,10,40,23,1,18,,,,,,Sandales femme,Femme,Sandale,sun femme,sun,cristal,40,,,,sunfemme
15,Sun,"Couleur:color:0, Pointure:select:1","Color:color:0, Size:select:1","Cristal:0, 41:1","Cristal:0, 41:1",,sun-cristal-41,SUN-FE-CR41,Couleur:color:0,Pointure:select:1,Cristal:0,6,41:1,1,,,0,,9,https://cata.meduse.co/femmes/sandales/sun/cristal/sandales-femme-sun-cristal-cote.jpg,1,,,,,15,Sun,,sun-cristal-41,Couleur,Pointure,Cristal,10,41,24,1,18,,,,,,Sandales femme,Femme,Sandale,sun femme,sun,cristal,41,,,,sunfemme
15,Sun,"Couleur:color:0, Pointure:select:1","Color:color:0, Size:select:1","Cristal:0, 42:1","Cristal:0, 42:1",,sun-cristal-42,SUN-FE-CR42,Couleur:color:0,Pointure:select:1,Cristal:0,6,42:1,1,,,0,,9,https://cata.meduse.co/femmes/sandales/sun/cristal/sandales-femme-sun-cristal-cote.jpg,1,,,,,15,Sun,,sun-cristal-42,Couleur,Pointure,Cristal,10,42,25,1,18,,,,,,Sandales femme,Femme,Sandale,sun femme,sun,cristal,42,,,,sunfemme
15,Sun,"Couleur:color:0, Pointure:select:1","Color:color:0, Size:select:1","Doré pailleté:0, 35:1","Doré pailleté:0, 35:1",,sun-doré-pailleté-35,SUN-FE-DOPA35,Couleur:color:0,Pointure:select:1,Doré pailleté:0,6,35:1,1,,,0,,10,https://cata.meduse.co/femmes/sandales/sun/dore-paillete/sandales-femme-sun-dore-paillete-cote.jpg,1,,,,,15,Sun,,sun-doré-pailleté-35,Couleur,Pointure,Doré pailleté,11,35,18,1,18,,,,,,Sandales femme,Femme,Sandale,sun femme,sun,doré,pailleté,35,,,sunfemme
15,Sun,"Couleur:color:0, Pointure:select:1","Color:color:0, Size:select:1","Doré pailleté:0, 36:1","Doré pailleté:0, 36:1",,sun-doré-pailleté-36,SUN-FE-DOPA36,Couleur:color:0,Pointure:select:1,Doré pailleté:0,6,36:1,1,,,0,,10,https://cata.meduse.co/femmes/sandales/sun/dore-paillete/sandales-femme-sun-dore-paillete-cote.jpg,1,,,,,15,Sun,,sun-doré-pailleté-36,Couleur,Pointure,Doré pailleté,11,36,19,1,18,,,,,,Sandales femme,Femme,Sandale,sun femme,sun,doré,pailleté,36,,,sunfemme
15,Sun,"Couleur:color:0, Pointure:select:1","Color:color:0, Size:select:1","Doré pailleté:0, 37:1","Doré pailleté:0, 37:1",,sun-doré-pailleté-37,SUN-FE-DOPA37,Couleur:color:0,Pointure:select:1,Doré pailleté:0,6,37:1,1,,,0,,10,https://cata.meduse.co/femmes/sandales/sun/dore-paillete/sandales-femme-sun-dore-paillete-cote.jpg,1,,,,,15,Sun,,sun-doré-pailleté-37,Couleur,Pointure,Doré pailleté,11,37,20,1,18,,,,,,Sandales femme,Femme,Sandale,sun femme,sun,doré,pailleté,37,,,sunfemme
15,Sun,"Couleur:color:0, Pointure:select:1","Color:color:0, Size:select:1","Doré pailleté:0, 38:1","Doré pailleté:0, 38:1",,sun-doré-pailleté-38,SUN-FE-DOPA38,Couleur:color:0,Pointure:select:1,Doré pailleté:0,6,38:1,1,,,0,,10,https://cata.meduse.co/femmes/sandales/sun/dore-paillete/sandales-femme-sun-dore-paillete-cote.jpg,1,,,,,15,Sun,,sun-doré-pailleté-38,Couleur,Pointure,Doré pailleté,11,38,21,1,18,,,,,,Sandales femme,Femme,Sandale,sun femme,sun,doré,pailleté,38,,,sunfemme
15,Sun,"Couleur:color:0, Pointure:select:1","Color:color:0, Size:select:1","Doré pailleté:0, 39:1","Doré pailleté:0, 39:1",,sun-doré-pailleté-39,SUN-FE-DOPA39,Couleur:color:0,Pointure:select:1,Doré pailleté:0,6,39:1,1,,,0,,10,https://cata.meduse.co/femmes/sandales/sun/dore-paillete/sandales-femme-sun-dore-paillete-cote.jpg,1,,,,,15,Sun,,sun-doré-pailleté-39,Couleur,Pointure,Doré pailleté,11,39,22,1,18,,,,,,Sandales femme,Femme,Sandale,sun femme,sun,doré,pailleté,39,,,sunfemme
15,Sun,"Couleur:color:0, Pointure:select:1","Color:color:0, Size:select:1","Doré pailleté:0, 40:1","Doré pailleté:0, 40:1",,sun-doré-pailleté-40,SUN-FE-DOPA40,Couleur:color:0,Pointure:select:1,Doré pailleté:0,6,40:1,1,,,0,,10,https://cata.meduse.co/femmes/sandales/sun/dore-paillete/sandales-femme-sun-dore-paillete-cote.jpg,1,,,,,15,Sun,,sun-doré-pailleté-40,Couleur,Pointure,Doré pailleté,11,40,23,1,18,,,,,,Sandales femme,Femme,Sandale,sun femme,sun,doré,pailleté,40,,,sunfemme
15,Sun,"Couleur:color:0, Pointure:select:1","Color:color:0, Size:select:1","Doré pailleté:0, 41:1","Doré pailleté:0, 41:1",,sun-doré-pailleté-41,SUN-FE-DOPA41,Couleur:color:0,Pointure:select:1,Doré pailleté:0,6,41:1,1,,,0,,10,https://cata.meduse.co/femmes/sandales/sun/dore-paillete/sandales-femme-sun-dore-paillete-cote.jpg,1,,,,,15,Sun,,sun-doré-pailleté-41,Couleur,Pointure,Doré pailleté,11,41,24,1,18,,,,,,Sandales femme,Femme,Sandale,sun femme,sun,doré,pailleté,41,,,sunfemme
15,Sun,"Couleur:color:0, Pointure:select:1","Color:color:0, Size:select:1","Doré pailleté:0, 42:1","Doré pailleté:0, 42:1",,sun-doré-pailleté-42,SUN-FE-DOPA42,Couleur:color:0,Pointure:select:1,Doré pailleté:0,6,42:1,1,,,0,,10,https://cata.meduse.co/femmes/sandales/sun/dore-paillete/sandales-femme-sun-dore-paillete-cote.jpg,1,,,,,15,Sun,,sun-doré-pailleté-42,Couleur,Pointure,Doré pailleté,11,42,25,1,18,,,,,,Sandales femme,Femme,Sandale,sun femme,sun,doré,pailleté,42,,,sunfemme
15,Sun,"Couleur:color:0, Pointure:select:1","Color:color:0, Size:select:1","Fuchsia:0, 35:1","Fuchsia:0, 35:1",,sun-fuchsia-35,SUN-FE-FU35,Couleur:color:0,Pointure:select:1,Fuchsia:0,6,35:1,1,,,0,,11,https://cata.meduse.co/femmes/sandales/sun/fuchsia/sandales-femme-sun-fuchsia-cote.jpg,1,,,,,15,Sun,,sun-fuchsia-35,Couleur,Pointure,Fuchsia,12,35,18,1,18,,,,,,Sandales femme,Femme,Sandale,sun femme,sun,fuchsia,35,,,,sunfemme
15,Sun,"Couleur:color:0, Pointure:select:1","Color:color:0, Size:select:1","Fuchsia:0, 36:1","Fuchsia:0, 36:1",,sun-fuchsia-36,SUN-FE-FU36,Couleur:color:0,Pointure:select:1,Fuchsia:0,6,36:1,1,,,0,,11,https://cata.meduse.co/femmes/sandales/sun/fuchsia/sandales-femme-sun-fuchsia-cote.jpg,1,,,,,15,Sun,,sun-fuchsia-36,Couleur,Pointure,Fuchsia,12,36,19,1,18,,,,,,Sandales femme,Femme,Sandale,sun femme,sun,fuchsia,36,,,,sunfemme
15,Sun,"Couleur:color:0, Pointure:select:1","Color:color:0, Size:select:1","Fuchsia:0, 37:1","Fuchsia:0, 37:1",,sun-fuchsia-37,SUN-FE-FU37,Couleur:color:0,Pointure:select:1,Fuchsia:0,6,37:1,1,,,0,,11,https://cata.meduse.co/femmes/sandales/sun/fuchsia/sandales-femme-sun-fuchsia-cote.jpg,1,,,,,15,Sun,,sun-fuchsia-37,Couleur,Pointure,Fuchsia,12,37,20,1,18,,,,,,Sandales femme,Femme,Sandale,sun femme,sun,fuchsia,37,,,,sunfemme
15,Sun,"Couleur:color:0, Pointure:select:1","Color:color:0, Size:select:1","Fuchsia:0, 38:1","Fuchsia:0, 38:1",,sun-fuchsia-38,SUN-FE-FU38,Couleur:color:0,Pointure:select:1,Fuchsia:0,6,38:1,1,,,0,,11,https://cata.meduse.co/femmes/sandales/sun/fuchsia/sandales-femme-sun-fuchsia-cote.jpg,1,,,,,15,Sun,,sun-fuchsia-38,Couleur,Pointure,Fuchsia,12,38,21,1,18,,,,,,Sandales femme,Femme,Sandale,sun femme,sun,fuchsia,38,,,,sunfemme
15,Sun,"Couleur:color:0, Pointure:select:1","Color:color:0, Size:select:1","Fuchsia:0, 39:1","Fuchsia:0, 39:1",,sun-fuchsia-39,SUN-FE-FU39,Couleur:color:0,Pointure:select:1,Fuchsia:0,6,39:1,1,,,0,,11,https://cata.meduse.co/femmes/sandales/sun/fuchsia/sandales-femme-sun-fuchsia-cote.jpg,1,,,,,15,Sun,,sun-fuchsia-39,Couleur,Pointure,Fuchsia,12,39,22,1,18,,,,,,Sandales femme,Femme,Sandale,sun femme,sun,fuchsia,39,,,,sunfemme
15,Sun,"Couleur:color:0, Pointure:select:1","Color:color:0, Size:select:1","Fuchsia:0, 40:1","Fuchsia:0, 40:1",,sun-fuchsia-40,SUN-FE-FU40,Couleur:color:0,Pointure:select:1,Fuchsia:0,6,40:1,1,,,0,,11,https://cata.meduse.co/femmes/sandales/sun/fuchsia/sandales-femme-sun-fuchsia-cote.jpg,1,,,,,15,Sun,,sun-fuchsia-40,Couleur,Pointure,Fuchsia,12,40,23,1,18,,,,,,Sandales femme,Femme,Sandale,sun femme,sun,fuchsia,40,,,,sunfemme
15,Sun,"Couleur:color:0, Pointure:select:1","Color:color:0, Size:select:1","Fuchsia:0, 41:1","Fuchsia:0, 41:1",,sun-fuchsia-41,SUN-FE-FU41,Couleur:color:0,Pointure:select:1,Fuchsia:0,6,41:1,1,,,0,,11,https://cata.meduse.co/femmes/sandales/sun/fuchsia/sandales-femme-sun-fuchsia-cote.jpg,1,,,,,15,Sun,,sun-fuchsia-41,Couleur,Pointure,Fuchsia,12,41,24,1,18,,,,,,Sandales femme,Femme,Sandale,sun femme,sun,fuchsia,41,,,,sunfemme
15,Sun,"Couleur:color:0, Pointure:select:1","Color:color:0, Size:select:1","Fuchsia:0, 42:1","Fuchsia:0, 42:1",,sun-fuchsia-42,SUN-FE-FU42,Couleur:color:0,Pointure:select:1,Fuchsia:0,6,42:1,1,,,0,,11,https://cata.meduse.co/femmes/sandales/sun/fuchsia/sandales-femme-sun-fuchsia-cote.jpg,1,,,,,15,Sun,,sun-fuchsia-42,Couleur,Pointure,Fuchsia,12,42,25,1,18,,,,,,Sandales femme,Femme,Sandale,sun femme,sun,fuchsia,42,,,,sunfemme
15,Sun,"Couleur:color:0, Pointure:select:1","Color:color:0, Size:select:1","Groseille:0, 35:1","Groseille:0, 35:1",,sun-groseille-35,SUN-FE-GR35,Couleur:color:0,Pointure:select:1,Groseille:0,6,35:1,1,,,0,,12,https://cata.meduse.co/femmes/sandales/sun/groseille/sandales-femme-sun-groseille-cote.jpg,1,,,,,15,Sun,,sun-groseille-35,Couleur,Pointure,Groseille,13,35,18,1,18,,,,,,Sandales femme,Femme,Sandale,sun femme,sun,groseille,35,,,,sunfemme
15,Sun,"Couleur:color:0, Pointure:select:1","Color:color:0, Size:select:1","Groseille:0, 36:1","Groseille:0, 36:1",,sun-groseille-36,SUN-FE-GR36,Couleur:color:0,Pointure:select:1,Groseille:0,6,36:1,1,,,0,,12,https://cata.meduse.co/femmes/sandales/sun/groseille/sandales-femme-sun-groseille-cote.jpg,1,,,,,15,Sun,,sun-groseille-36,Couleur,Pointure,Groseille,13,36,19,1,18,,,,,,Sandales femme,Femme,Sandale,sun femme,sun,groseille,36,,,,sunfemme
15,Sun,"Couleur:color:0, Pointure:select:1","Color:color:0, Size:select:1","Groseille:0, 37:1","Groseille:0, 37:1",,sun-groseille-37,SUN-FE-GR37,Couleur:color:0,Pointure:select:1,Groseille:0,6,37:1,1,,,0,,12,https://cata.meduse.co/femmes/sandales/sun/groseille/sandales-femme-sun-groseille-cote.jpg,1,,,,,15,Sun,,sun-groseille-37,Couleur,Pointure,Groseille,13,37,20,1,18,,,,,,Sandales femme,Femme,Sandale,sun femme,sun,groseille,37,,,,sunfemme
15,Sun,"Couleur:color:0, Pointure:select:1","Color:color:0, Size:select:1","Groseille:0, 38:1","Groseille:0, 38:1",,sun-groseille-38,SUN-FE-GR38,Couleur:color:0,Pointure:select:1,Groseille:0,6,38:1,1,,,0,,12,https://cata.meduse.co/femmes/sandales/sun/groseille/sandales-femme-sun-groseille-cote.jpg,1,,,,,15,Sun,,sun-groseille-38,Couleur,Pointure,Groseille,13,38,21,1,18,,,,,,Sandales femme,Femme,Sandale,sun femme,sun,groseille,38,,,,sunfemme
15,Sun,"Couleur:color:0, Pointure:select:1","Color:color:0, Size:select:1","Groseille:0, 39:1","Groseille:0, 39:1",,sun-groseille-39,SUN-FE-GR39,Couleur:color:0,Pointure:select:1,Groseille:0,6,39:1,1,,,0,,12,https://cata.meduse.co/femmes/sandales/sun/groseille/sandales-femme-sun-groseille-cote.jpg,1,,,,,15,Sun,,sun-groseille-39,Couleur,Pointure,Groseille,13,39,22,1,18,,,,,,Sandales femme,Femme,Sandale,sun femme,sun,groseille,39,,,,sunfemme
15,Sun,"Couleur:color:0, Pointure:select:1","Color:color:0, Size:select:1","Groseille:0, 40:1","Groseille:0, 40:1",,sun-groseille-40,SUN-FE-GR40,Couleur:color:0,Pointure:select:1,Groseille:0,6,40:1,1,,,0,,12,https://cata.meduse.co/femmes/sandales/sun/groseille/sandales-femme-sun-groseille-cote.jpg,1,,,,,15,Sun,,sun-groseille-40,Couleur,Pointure,Groseille,13,40,23,1,18,,,,,,Sandales femme,Femme,Sandale,sun femme,sun,groseille,40,,,,sunfemme
15,Sun,"Couleur:color:0, Pointure:select:1","Color:color:0, Size:select:1","Groseille:0, 41:1","Groseille:0, 41:1",,sun-groseille-41,SUN-FE-GR41,Couleur:color:0,Pointure:select:1,Groseille:0,6,41:1,1,,,0,,12,https://cata.meduse.co/femmes/sandales/sun/groseille/sandales-femme-sun-groseille-cote.jpg,1,,,,,15,Sun,,sun-groseille-41,Couleur,Pointure,Groseille,13,41,24,1,18,,,,,,Sandales femme,Femme,Sandale,sun femme,sun,groseille,41,,,,sunfemme
15,Sun,"Couleur:color:0, Pointure:select:1","Color:color:0, Size:select:1","Groseille:0, 42:1","Groseille:0, 42:1",,sun-groseille-42,SUN-FE-GR42,Couleur:color:0,Pointure:select:1,Groseille:0,6,42:1,1,,,0,,12,https://cata.meduse.co/femmes/sandales/sun/groseille/sandales-femme-sun-groseille-cote.jpg,1,,,,,15,Sun,,sun-groseille-42,Couleur,Pointure,Groseille,13,42,25,1,18,,,,,,Sandales femme,Femme,Sandale,sun femme,sun,groseille,42,,,,sunfemme
15,Sun,"Couleur:color:0, Pointure:select:1","Color:color:0, Size:select:1","Lagon:0, 35:1","Lagon:0, 35:1",,sun-lagon-35,SUN-FE-LA35,Couleur:color:0,Pointure:select:1,Lagon:0,6,35:1,1,,,0,,13,https://cata.meduse.co/femmes/sandales/sun/lagon/sandales-femme-sun-lagon-cote.jpg,1,,,,,15,Sun,,sun-lagon-35,Couleur,Pointure,Lagon,14,35,18,1,18,,,,,,Sandales femme,Femme,Sandale,sun femme,sun,lagon,35,,,,sunfemme
15,Sun,"Couleur:color:0, Pointure:select:1","Color:color:0, Size:select:1","Lagon:0, 36:1","Lagon:0, 36:1",,sun-lagon-36,SUN-FE-LA36,Couleur:color:0,Pointure:select:1,Lagon:0,6,36:1,1,,,0,,13,https://cata.meduse.co/femmes/sandales/sun/lagon/sandales-femme-sun-lagon-cote.jpg,1,,,,,15,Sun,,sun-lagon-36,Couleur,Pointure,Lagon,14,36,19,1,18,,,,,,Sandales femme,Femme,Sandale,sun femme,sun,lagon,36,,,,sunfemme
15,Sun,"Couleur:color:0, Pointure:select:1","Color:color:0, Size:select:1","Lagon:0, 37:1","Lagon:0, 37:1",,sun-lagon-37,SUN-FE-LA37,Couleur:color:0,Pointure:select:1,Lagon:0,6,37:1,1,,,0,,13,https://cata.meduse.co/femmes/sandales/sun/lagon/sandales-femme-sun-lagon-cote.jpg,1,,,,,15,Sun,,sun-lagon-37,Couleur,Pointure,Lagon,14,37,20,1,18,,,,,,Sandales femme,Femme,Sandale,sun femme,sun,lagon,37,,,,sunfemme
15,Sun,"Couleur:color:0, Pointure:select:1","Color:color:0, Size:select:1","Lagon:0, 38:1","Lagon:0, 38:1",,sun-lagon-38,SUN-FE-LA38,Couleur:color:0,Pointure:select:1,Lagon:0,6,38:1,1,,,0,,13,https://cata.meduse.co/femmes/sandales/sun/lagon/sandales-femme-sun-lagon-cote.jpg,1,,,,,15,Sun,,sun-lagon-38,Couleur,Pointure,Lagon,14,38,21,1,18,,,,,,Sandales femme,Femme,Sandale,sun femme,sun,lagon,38,,,,sunfemme
15,Sun,"Couleur:color:0, Pointure:select:1","Color:color:0, Size:select:1","Lagon:0, 39:1","Lagon:0, 39:1",,sun-lagon-39,SUN-FE-LA39,Couleur:color:0,Pointure:select:1,Lagon:0,6,39:1,1,,,0,,13,https://cata.meduse.co/femmes/sandales/sun/lagon/sandales-femme-sun-lagon-cote.jpg,1,,,,,15,Sun,,sun-lagon-39,Couleur,Pointure,Lagon,14,39,22,1,18,,,,,,Sandales femme,Femme,Sandale,sun femme,sun,lagon,39,,,,sunfemme
15,Sun,"Couleur:color:0, Pointure:select:1","Color:color:0, Size:select:1","Lagon:0, 40:1","Lagon:0, 40:1",,sun-lagon-40,SUN-FE-LA40,Couleur:color:0,Pointure:select:1,Lagon:0,6,40:1,1,,,0,,13,https://cata.meduse.co/femmes/sandales/sun/lagon/sandales-femme-sun-lagon-cote.jpg,1,,,,,15,Sun,,sun-lagon-40,Couleur,Pointure,Lagon,14,40,23,1,18,,,,,,Sandales femme,Femme,Sandale,sun femme,sun,lagon,40,,,,sunfemme
15,Sun,"Couleur:color:0, Pointure:select:1","Color:color:0, Size:select:1","Lagon:0, 41:1","Lagon:0, 41:1",,sun-lagon-41,SUN-FE-LA41,Couleur:color:0,Pointure:select:1,Lagon:0,6,41:1,1,,,0,,13,https://cata.meduse.co/femmes/sandales/sun/lagon/sandales-femme-sun-lagon-cote.jpg,1,,,,,15,Sun,,sun-lagon-41,Couleur,Pointure,Lagon,14,41,24,1,18,,,,,,Sandales femme,Femme,Sandale,sun femme,sun,lagon,41,,,,sunfemme
15,Sun,"Couleur:color:0, Pointure:select:1","Color:color:0, Size:select:1","Lagon:0, 42:1","Lagon:0, 42:1",,sun-lagon-42,SUN-FE-LA42,Couleur:color:0,Pointure:select:1,Lagon:0,6,42:1,1,,,0,,13,https://cata.meduse.co/femmes/sandales/sun/lagon/sandales-femme-sun-lagon-cote.jpg,1,,,,,15,Sun,,sun-lagon-42,Couleur,Pointure,Lagon,14,42,25,1,18,,,,,,Sandales femme,Femme,Sandale,sun femme,sun,lagon,42,,,,sunfemme
15,Sun,"Couleur:color:0, Pointure:select:1","Color:color:0, Size:select:1","Marine:0, 35:1","Marine:0, 35:1",,sun-marine-35,SUN-FE-MA35,Couleur:color:0,Pointure:select:1,Marine:0,6,35:1,1,,,0,,14,https://cata.meduse.co/femmes/sandales/sun/marine/sandales-femme-sun-marine-cote.jpg,1,,,,,15,Sun,,sun-marine-35,Couleur,Pointure,Marine,15,35,18,1,18,,,,,,Sandales femme,Femme,Sandale,sun femme,sun,marine,35,,,,sunfemme
15,Sun,"Couleur:color:0, Pointure:select:1","Color:color:0, Size:select:1","Marine:0, 36:1","Marine:0, 36:1",,sun-marine-36,SUN-FE-MA36,Couleur:color:0,Pointure:select:1,Marine:0,6,36:1,1,,,0,,14,https://cata.meduse.co/femmes/sandales/sun/marine/sandales-femme-sun-marine-cote.jpg,1,,,,,15,Sun,,sun-marine-36,Couleur,Pointure,Marine,15,36,19,1,18,,,,,,Sandales femme,Femme,Sandale,sun femme,sun,marine,36,,,,sunfemme
15,Sun,"Couleur:color:0, Pointure:select:1","Color:color:0, Size:select:1","Marine:0, 37:1","Marine:0, 37:1",,sun-marine-37,SUN-FE-MA37,Couleur:color:0,Pointure:select:1,Marine:0,6,37:1,1,,,0,,14,https://cata.meduse.co/femmes/sandales/sun/marine/sandales-femme-sun-marine-cote.jpg,1,,,,,15,Sun,,sun-marine-37,Couleur,Pointure,Marine,15,37,20,1,18,,,,,,Sandales femme,Femme,Sandale,sun femme,sun,marine,37,,,,sunfemme
15,Sun,"Couleur:color:0, Pointure:select:1","Color:color:0, Size:select:1","Marine:0, 38:1","Marine:0, 38:1",,sun-marine-38,SUN-FE-MA38,Couleur:color:0,Pointure:select:1,Marine:0,6,38:1,1,,,0,,14,https://cata.meduse.co/femmes/sandales/sun/marine/sandales-femme-sun-marine-cote.jpg,1,,,,,15,Sun,,sun-marine-38,Couleur,Pointure,Marine,15,38,21,1,18,,,,,,Sandales femme,Femme,Sandale,sun femme,sun,marine,38,,,,sunfemme
15,Sun,"Couleur:color:0, Pointure:select:1","Color:color:0, Size:select:1","Marine:0, 39:1","Marine:0, 39:1",,sun-marine-39,SUN-FE-MA39,Couleur:color:0,Pointure:select:1,Marine:0,6,39:1,1,,,0,,14,https://cata.meduse.co/femmes/sandales/sun/marine/sandales-femme-sun-marine-cote.jpg,1,,,,,15,Sun,,sun-marine-39,Couleur,Pointure,Marine,15,39,22,1,18,,,,,,Sandales femme,Femme,Sandale,sun femme,sun,marine,39,,,,sunfemme
15,Sun,"Couleur:color:0, Pointure:select:1","Color:color:0, Size:select:1","Marine:0, 40:1","Marine:0, 40:1",,sun-marine-40,SUN-FE-MA40,Couleur:color:0,Pointure:select:1,Marine:0,6,40:1,1,,,0,,14,https://cata.meduse.co/femmes/sandales/sun/marine/sandales-femme-sun-marine-cote.jpg,1,,,,,15,Sun,,sun-marine-40,Couleur,Pointure,Marine,15,40,23,1,18,,,,,,Sandales femme,Femme,Sandale,sun femme,sun,marine,40,,,,sunfemme
15,Sun,"Couleur:color:0, Pointure:select:1","Color:color:0, Size:select:1","Marine:0, 41:1","Marine:0, 41:1",,sun-marine-41,SUN-FE-MA41,Couleur:color:0,Pointure:select:1,Marine:0,6,41:1,1,,,0,,14,https://cata.meduse.co/femmes/sandales/sun/marine/sandales-femme-sun-marine-cote.jpg,1,,,,,15,Sun,,sun-marine-41,Couleur,Pointure,Marine,15,41,24,1,18,,,,,,Sandales femme,Femme,Sandale,sun femme,sun,marine,41,,,,sunfemme
15,Sun,"Couleur:color:0, Pointure:select:1","Color:color:0, Size:select:1","Marine:0, 42:1","Marine:0, 42:1",,sun-marine-42,SUN-FE-MA42,Couleur:color:0,Pointure:select:1,Marine:0,6,42:1,1,,,0,,14,https://cata.meduse.co/femmes/sandales/sun/marine/sandales-femme-sun-marine-cote.jpg,1,,,,,15,Sun,,sun-marine-42,Couleur,Pointure,Marine,15,42,25,1,18,,,,,,Sandales femme,Femme,Sandale,sun femme,sun,marine,42,,,,sunfemme
15,Sun,"Couleur:color:0, Pointure:select:1","Color:color:0, Size:select:1","Menthe:0, 35:1","Menthe:0, 35:1",,sun-menthe-35,SUN-FE-ME35,Couleur:color:0,Pointure:select:1,Menthe:0,6,35:1,1,,,0,,15,https://cata.meduse.co/femmes/sandales/sun/menthe/sandales-femme-sun-menthe-cote.jpg,1,,,,,15,Sun,,sun-menthe-35,Couleur,Pointure,Menthe,16,35,18,1,18,,,,,,Sandales femme,Femme,Sandale,sun femme,sun,menthe,35,,,,sunfemme
15,Sun,"Couleur:color:0, Pointure:select:1","Color:color:0, Size:select:1","Menthe:0, 36:1","Menthe:0, 36:1",,sun-menthe-36,SUN-FE-ME36,Couleur:color:0,Pointure:select:1,Menthe:0,6,36:1,1,,,0,,15,https://cata.meduse.co/femmes/sandales/sun/menthe/sandales-femme-sun-menthe-cote.jpg,1,,,,,15,Sun,,sun-menthe-36,Couleur,Pointure,Menthe,16,36,19,1,18,,,,,,Sandales femme,Femme,Sandale,sun femme,sun,menthe,36,,,,sunfemme
15,Sun,"Couleur:color:0, Pointure:select:1","Color:color:0, Size:select:1","Menthe:0, 37:1","Menthe:0, 37:1",,sun-menthe-37,SUN-FE-ME37,Couleur:color:0,Pointure:select:1,Menthe:0,6,37:1,1,,,0,,15,https://cata.meduse.co/femmes/sandales/sun/menthe/sandales-femme-sun-menthe-cote.jpg,1,,,,,15,Sun,,sun-menthe-37,Couleur,Pointure,Menthe,16,37,20,1,18,,,,,,Sandales femme,Femme,Sandale,sun femme,sun,menthe,37,,,,sunfemme
15,Sun,"Couleur:color:0, Pointure:select:1","Color:color:0, Size:select:1","Menthe:0, 38:1","Menthe:0, 38:1",,sun-menthe-38,SUN-FE-ME38,Couleur:color:0,Pointure:select:1,Menthe:0,6,38:1,1,,,0,,15,https://cata.meduse.co/femmes/sandales/sun/menthe/sandales-femme-sun-menthe-cote.jpg,1,,,,,15,Sun,,sun-menthe-38,Couleur,Pointure,Menthe,16,38,21,1,18,,,,,,Sandales femme,Femme,Sandale,sun femme,sun,menthe,38,,,,sunfemme
15,Sun,"Couleur:color:0, Pointure:select:1","Color:color:0, Size:select:1","Menthe:0, 39:1","Menthe:0, 39:1",,sun-menthe-39,SUN-FE-ME39,Couleur:color:0,Pointure:select:1,Menthe:0,6,39:1,1,,,0,,15,https://cata.meduse.co/femmes/sandales/sun/menthe/sandales-femme-sun-menthe-cote.jpg,1,,,,,15,Sun,,sun-menthe-39,Couleur,Pointure,Menthe,16,39,22,1,18,,,,,,Sandales femme,Femme,Sandale,sun femme,sun,menthe,39,,,,sunfemme
15,Sun,"Couleur:color:0, Pointure:select:1","Color:color:0, Size:select:1","Menthe:0, 40:1","Menthe:0, 40:1",,sun-menthe-40,SUN-FE-ME40,Couleur:color:0,Pointure:select:1,Menthe:0,6,40:1,1,,,0,,15,https://cata.meduse.co/femmes/sandales/sun/menthe/sandales-femme-sun-menthe-cote.jpg,1,,,,,15,Sun,,sun-menthe-40,Couleur,Pointure,Menthe,16,40,23,1,18,,,,,,Sandales femme,Femme,Sandale,sun femme,sun,menthe,40,,,,sunfemme
15,Sun,"Couleur:color:0, Pointure:select:1","Color:color:0, Size:select:1","Menthe:0, 41:1","Menthe:0, 41:1",,sun-menthe-41,SUN-FE-ME41,Couleur:color:0,Pointure:select:1,Menthe:0,6,41:1,1,,,0,,15,https://cata.meduse.co/femmes/sandales/sun/menthe/sandales-femme-sun-menthe-cote.jpg,1,,,,,15,Sun,,sun-menthe-41,Couleur,Pointure,Menthe,16,41,24,1,18,,,,,,Sandales femme,Femme,Sandale,sun femme,sun,menthe,41,,,,sunfemme
15,Sun,"Couleur:color:0, Pointure:select:1","Color:color:0, Size:select:1","Menthe:0, 42:1","Menthe:0, 42:1",,sun-menthe-42,SUN-FE-ME42,Couleur:color:0,Pointure:select:1,Menthe:0,6,42:1,1,,,0,,15,https://cata.meduse.co/femmes/sandales/sun/menthe/sandales-femme-sun-menthe-cote.jpg,1,,,,,15,Sun,,sun-menthe-42,Couleur,Pointure,Menthe,16,42,25,1,18,,,,,,Sandales femme,Femme,Sandale,sun femme,sun,menthe,42,,,,sunfemme
15,Sun,"Couleur:color:0, Pointure:select:1","Color:color:0, Size:select:1","Noir:0, 35:1","Noir:0, 35:1",,sun-noir-35,SUN-FE-NO35,Couleur:color:0,Pointure:select:1,Noir:0,6,35:1,1,,,0,,17,https://cata.meduse.co/femmes/sandales/sun/noir/sandales-femme-sun-noir-cote.jpg,1,,,,,15,Sun,,sun-noir-35,Couleur,Pointure,Noir,18,35,18,1,18,,,,,,Sandales femme,Femme,Sandale,sun femme,sun,noir,35,,,,sunfemme
15,Sun,"Couleur:color:0, Pointure:select:1","Color:color:0, Size:select:1","Noir:0, 36:1","Noir:0, 36:1",,sun-noir-36,SUN-FE-NO36,Couleur:color:0,Pointure:select:1,Noir:0,6,36:1,1,,,0,,17,https://cata.meduse.co/femmes/sandales/sun/noir/sandales-femme-sun-noir-cote.jpg,1,,,,,15,Sun,,sun-noir-36,Couleur,Pointure,Noir,18,36,19,1,18,,,,,,Sandales femme,Femme,Sandale,sun femme,sun,noir,36,,,,sunfemme
15,Sun,"Couleur:color:0, Pointure:select:1","Color:color:0, Size:select:1","Noir:0, 37:1","Noir:0, 37:1",,sun-noir-37,SUN-FE-NO37,Couleur:color:0,Pointure:select:1,Noir:0,6,37:1,1,,,0,,17,https://cata.meduse.co/femmes/sandales/sun/noir/sandales-femme-sun-noir-cote.jpg,1,,,,,15,Sun,,sun-noir-37,Couleur,Pointure,Noir,18,37,20,1,18,,,,,,Sandales femme,Femme,Sandale,sun femme,sun,noir,37,,,,sunfemme
15,Sun,"Couleur:color:0, Pointure:select:1","Color:color:0, Size:select:1","Noir:0, 38:1","Noir:0, 38:1",,sun-noir-38,SUN-FE-NO38,Couleur:color:0,Pointure:select:1,Noir:0,6,38:1,1,,,0,,17,https://cata.meduse.co/femmes/sandales/sun/noir/sandales-femme-sun-noir-cote.jpg,1,,,,,15,Sun,,sun-noir-38,Couleur,Pointure,Noir,18,38,21,1,18,,,,,,Sandales femme,Femme,Sandale,sun femme,sun,noir,38,,,,sunfemme
15,Sun,"Couleur:color:0, Pointure:select:1","Color:color:0, Size:select:1","Noir:0, 39:1","Noir:0, 39:1",,sun-noir-39,SUN-FE-NO39,Couleur:color:0,Pointure:select:1,Noir:0,6,39:1,1,,,0,,17,https://cata.meduse.co/femmes/sandales/sun/noir/sandales-femme-sun-noir-cote.jpg,1,,,,,15,Sun,,sun-noir-39,Couleur,Pointure,Noir,18,39,22,1,18,,,,,,Sandales femme,Femme,Sandale,sun femme,sun,noir,39,,,,sunfemme
15,Sun,"Couleur:color:0, Pointure:select:1","Color:color:0, Size:select:1","Noir:0, 40:1","Noir:0, 40:1",,sun-noir-40,SUN-FE-NO40,Couleur:color:0,Pointure:select:1,Noir:0,6,40:1,1,,,0,,17,https://cata.meduse.co/femmes/sandales/sun/noir/sandales-femme-sun-noir-cote.jpg,1,,,,,15,Sun,,sun-noir-40,Couleur,Pointure,Noir,18,40,23,1,18,,,,,,Sandales femme,Femme,Sandale,sun femme,sun,noir,40,,,,sunfemme
15,Sun,"Couleur:color:0, Pointure:select:1","Color:color:0, Size:select:1","Noir:0, 41:1","Noir:0, 41:1",,sun-noir-41,SUN-FE-NO41,Couleur:color:0,Pointure:select:1,Noir:0,6,41:1,1,,,0,,17,https://cata.meduse.co/femmes/sandales/sun/noir/sandales-femme-sun-noir-cote.jpg,1,,,,,15,Sun,,sun-noir-41,Couleur,Pointure,Noir,18,41,24,1,18,,,,,,Sandales femme,Femme,Sandale,sun femme,sun,noir,41,,,,sunfemme
15,Sun,"Couleur:color:0, Pointure:select:1","Color:color:0, Size:select:1","Noir:0, 42:1","Noir:0, 42:1",,sun-noir-42,SUN-FE-NO42,Couleur:color:0,Pointure:select:1,Noir:0,6,42:1,1,,,0,,17,https://cata.meduse.co/femmes/sandales/sun/noir/sandales-femme-sun-noir-cote.jpg,1,,,,,15,Sun,,sun-noir-42,Couleur,Pointure,Noir,18,42,25,1,18,,,,,,Sandales femme,Femme,Sandale,sun femme,sun,noir,42,,,,sunfemme
15,Sun,"Couleur:color:0, Pointure:select:1","Color:color:0, Size:select:1","Nuage:0, 35:1","Nuage:0, 35:1",,sun-nuage-35,SUN-FE-NU35,Couleur:color:0,Pointure:select:1,Nuage:0,6,35:1,1,,,0,,18,https://cata.meduse.co/femmes/sandales/sun/nuage/sandales-femme-sun-nuage-cote.jpg,1,,,,,15,Sun,,sun-nuage-35,Couleur,Pointure,Nuage,19,35,18,1,18,,,,,,Sandales femme,Femme,Sandale,sun femme,sun,nuage,35,,,,sunfemme
15,Sun,"Couleur:color:0, Pointure:select:1","Color:color:0, Size:select:1","Nuage:0, 36:1","Nuage:0, 36:1",,sun-nuage-36,SUN-FE-NU36,Couleur:color:0,Pointure:select:1,Nuage:0,6,36:1,1,,,0,,18,https://cata.meduse.co/femmes/sandales/sun/nuage/sandales-femme-sun-nuage-cote.jpg,1,,,,,15,Sun,,sun-nuage-36,Couleur,Pointure,Nuage,19,36,19,1,18,,,,,,Sandales femme,Femme,Sandale,sun femme,sun,nuage,36,,,,sunfemme
15,Sun,"Couleur:color:0, Pointure:select:1","Color:color:0, Size:select:1","Nuage:0, 37:1","Nuage:0, 37:1",,sun-nuage-37,SUN-FE-NU37,Couleur:color:0,Pointure:select:1,Nuage:0,6,37:1,1,,,0,,18,https://cata.meduse.co/femmes/sandales/sun/nuage/sandales-femme-sun-nuage-cote.jpg,1,,,,,15,Sun,,sun-nuage-37,Couleur,Pointure,Nuage,19,37,20,1,18,,,,,,Sandales femme,Femme,Sandale,sun femme,sun,nuage,37,,,,sunfemme
15,Sun,"Couleur:color:0, Pointure:select:1","Color:color:0, Size:select:1","Nuage:0, 38:1","Nuage:0, 38:1",,sun-nuage-38,SUN-FE-NU38,Couleur:color:0,Pointure:select:1,Nuage:0,6,38:1,1,,,0,,18,https://cata.meduse.co/femmes/sandales/sun/nuage/sandales-femme-sun-nuage-cote.jpg,1,,,,,15,Sun,,sun-nuage-38,Couleur,Pointure,Nuage,19,38,21,1,18,,,,,,Sandales femme,Femme,Sandale,sun femme,sun,nuage,38,,,,sunfemme
15,Sun,"Couleur:color:0, Pointure:select:1","Color:color:0, Size:select:1","Nuage:0, 39:1","Nuage:0, 39:1",,sun-nuage-39,SUN-FE-NU39,Couleur:color:0,Pointure:select:1,Nuage:0,6,39:1,1,,,0,,18,https://cata.meduse.co/femmes/sandales/sun/nuage/sandales-femme-sun-nuage-cote.jpg,1,,,,,15,Sun,,sun-nuage-39,Couleur,Pointure,Nuage,19,39,22,1,18,,,,,,Sandales femme,Femme,Sandale,sun femme,sun,nuage,39,,,,sunfemme
15,Sun,"Couleur:color:0, Pointure:select:1","Color:color:0, Size:select:1","Nuage:0, 40:1","Nuage:0, 40:1",,sun-nuage-40,SUN-FE-NU40,Couleur:color:0,Pointure:select:1,Nuage:0,6,40:1,1,,,0,,18,https://cata.meduse.co/femmes/sandales/sun/nuage/sandales-femme-sun-nuage-cote.jpg,1,,,,,15,Sun,,sun-nuage-40,Couleur,Pointure,Nuage,19,40,23,1,18,,,,,,Sandales femme,Femme,Sandale,sun femme,sun,nuage,40,,,,sunfemme
15,Sun,"Couleur:color:0, Pointure:select:1","Color:color:0, Size:select:1","Nuage:0, 41:1","Nuage:0, 41:1",,sun-nuage-41,SUN-FE-NU41,Couleur:color:0,Pointure:select:1,Nuage:0,6,41:1,1,,,0,,18,https://cata.meduse.co/femmes/sandales/sun/nuage/sandales-femme-sun-nuage-cote.jpg,1,,,,,15,Sun,,sun-nuage-41,Couleur,Pointure,Nuage,19,41,24,1,18,,,,,,Sandales femme,Femme,Sandale,sun femme,sun,nuage,41,,,,sunfemme
15,Sun,"Couleur:color:0, Pointure:select:1","Color:color:0, Size:select:1","Nuage:0, 42:1","Nuage:0, 42:1",,sun-nuage-42,SUN-FE-NU42,Couleur:color:0,Pointure:select:1,Nuage:0,6,42:1,1,,,0,,18,https://cata.meduse.co/femmes/sandales/sun/nuage/sandales-femme-sun-nuage-cote.jpg,1,,,,,15,Sun,,sun-nuage-42,Couleur,Pointure,Nuage,19,42,25,1,18,,,,,,Sandales femme,Femme,Sandale,sun femme,sun,nuage,42,,,,sunfemme
15,Sun,"Couleur:color:0, Pointure:select:1","Color:color:0, Size:select:1","Parme:0, 35:1","Parme:0, 35:1",,sun-parme-35,SUN-FE-PA35,Couleur:color:0,Pointure:select:1,Parme:0,6,35:1,1,,,0,,19,https://cata.meduse.co/femmes/sandales/sun/parme/sandales-femme-sun-parme-cote.jpg,1,,,,,15,Sun,,sun-parme-35,Couleur,Pointure,Parme,21,35,18,1,18,,,,,,Sandales femme,Femme,Sandale,sun femme,sun,parme,35,,,,sunfemme
15,Sun,"Couleur:color:0, Pointure:select:1","Color:color:0, Size:select:1","Parme:0, 36:1","Parme:0, 36:1",,sun-parme-36,SUN-FE-PA36,Couleur:color:0,Pointure:select:1,Parme:0,6,36:1,1,,,0,,19,https://cata.meduse.co/femmes/sandales/sun/parme/sandales-femme-sun-parme-cote.jpg,1,,,,,15,Sun,,sun-parme-36,Couleur,Pointure,Parme,21,36,19,1,18,,,,,,Sandales femme,Femme,Sandale,sun femme,sun,parme,36,,,,sunfemme
15,Sun,"Couleur:color:0, Pointure:select:1","Color:color:0, Size:select:1","Parme:0, 37:1","Parme:0, 37:1",,sun-parme-37,SUN-FE-PA37,Couleur:color:0,Pointure:select:1,Parme:0,6,37:1,1,,,0,,19,https://cata.meduse.co/femmes/sandales/sun/parme/sandales-femme-sun-parme-cote.jpg,1,,,,,15,Sun,,sun-parme-37,Couleur,Pointure,Parme,21,37,20,1,18,,,,,,Sandales femme,Femme,Sandale,sun femme,sun,parme,37,,,,sunfemme
15,Sun,"Couleur:color:0, Pointure:select:1","Color:color:0, Size:select:1","Parme:0, 38:1","Parme:0, 38:1",,sun-parme-38,SUN-FE-PA38,Couleur:color:0,Pointure:select:1,Parme:0,6,38:1,1,,,0,,19,https://cata.meduse.co/femmes/sandales/sun/parme/sandales-femme-sun-parme-cote.jpg,1,,,,,15,Sun,,sun-parme-38,Couleur,Pointure,Parme,21,38,21,1,18,,,,,,Sandales femme,Femme,Sandale,sun femme,sun,parme,38,,,,sunfemme
15,Sun,"Couleur:color:0, Pointure:select:1","Color:color:0, Size:select:1","Parme:0, 39:1","Parme:0, 39:1",,sun-parme-39,SUN-FE-PA39,Couleur:color:0,Pointure:select:1,Parme:0,6,39:1,1,,,0,,19,https://cata.meduse.co/femmes/sandales/sun/parme/sandales-femme-sun-parme-cote.jpg,1,,,,,15,Sun,,sun-parme-39,Couleur,Pointure,Parme,21,39,22,1,18,,,,,,Sandales femme,Femme,Sandale,sun femme,sun,parme,39,,,,sunfemme
15,Sun,"Couleur:color:0, Pointure:select:1","Color:color:0, Size:select:1","Parme:0, 40:1","Parme:0, 40:1",,sun-parme-40,SUN-FE-PA40,Couleur:color:0,Pointure:select:1,Parme:0,6,40:1,1,,,0,,19,https://cata.meduse.co/femmes/sandales/sun/parme/sandales-femme-sun-parme-cote.jpg,1,,,,,15,Sun,,sun-parme-40,Couleur,Pointure,Parme,21,40,23,1,18,,,,,,Sandales femme,Femme,Sandale,sun femme,sun,parme,40,,,,sunfemme
15,Sun,"Couleur:color:0, Pointure:select:1","Color:color:0, Size:select:1","Parme:0, 41:1","Parme:0, 41:1",,sun-parme-41,SUN-FE-PA41,Couleur:color:0,Pointure:select:1,Parme:0,6,41:1,1,,,0,,19,https://cata.meduse.co/femmes/sandales/sun/parme/sandales-femme-sun-parme-cote.jpg,1,,,,,15,Sun,,sun-parme-41,Couleur,Pointure,Parme,21,41,24,1,18,,,,,,Sandales femme,Femme,Sandale,sun femme,sun,parme,41,,,,sunfemme
15,Sun,"Couleur:color:0, Pointure:select:1","Color:color:0, Size:select:1","Parme:0, 42:1","Parme:0, 42:1",,sun-parme-42,SUN-FE-PA42,Couleur:color:0,Pointure:select:1,Parme:0,6,42:1,1,,,0,,19,https://cata.meduse.co/femmes/sandales/sun/parme/sandales-femme-sun-parme-cote.jpg,1,,,,,15,Sun,,sun-parme-42,Couleur,Pointure,Parme,21,42,25,1,18,,,,,,Sandales femme,Femme,Sandale,sun femme,sun,parme,42,,,,sunfemme
15,Sun,"Couleur:color:0, Pointure:select:1","Color:color:0, Size:select:1","Rose pailleté:0, 35:1","Rose pailleté:0, 35:1",,sun-rose-pailleté-35,SUN-FE-ROPA35,Couleur:color:0,Pointure:select:1,Rose pailleté:0,6,35:1,1,,,0,,20,https://cata.meduse.co/femmes/sandales/sun/rose-paillete/sandales-femme-sun-rose-paillete-cote.jpg,1,,,,,15,Sun,,sun-rose-pailleté-35,Couleur,Pointure,Rose pailleté,23,35,18,1,18,,,,,,Sandales femme,Femme,Sandale,sun femme,sun,rose,pailleté,35,,,sunfemme
15,Sun,"Couleur:color:0, Pointure:select:1","Color:color:0, Size:select:1","Rose pailleté:0, 36:1","Rose pailleté:0, 36:1",,sun-rose-pailleté-36,SUN-FE-ROPA36,Couleur:color:0,Pointure:select:1,Rose pailleté:0,6,36:1,1,,,0,,20,https://cata.meduse.co/femmes/sandales/sun/rose-paillete/sandales-femme-sun-rose-paillete-cote.jpg,1,,,,,15,Sun,,sun-rose-pailleté-36,Couleur,Pointure,Rose pailleté,23,36,19,1,18,,,,,,Sandales femme,Femme,Sandale,sun femme,sun,rose,pailleté,36,,,sunfemme
15,Sun,"Couleur:color:0, Pointure:select:1","Color:color:0, Size:select:1","Rose pailleté:0, 37:1","Rose pailleté:0, 37:1",,sun-rose-pailleté-37,SUN-FE-ROPA37,Couleur:color:0,Pointure:select:1,Rose pailleté:0,6,37:1,1,,,0,,20,https://cata.meduse.co/femmes/sandales/sun/rose-paillete/sandales-femme-sun-rose-paillete-cote.jpg,1,,,,,15,Sun,,sun-rose-pailleté-37,Couleur,Pointure,Rose pailleté,23,37,20,1,18,,,,,,Sandales femme,Femme,Sandale,sun femme,sun,rose,pailleté,37,,,sunfemme
15,Sun,"Couleur:color:0, Pointure:select:1","Color:color:0, Size:select:1","Rose pailleté:0, 38:1","Rose pailleté:0, 38:1",,sun-rose-pailleté-38,SUN-FE-ROPA38,Couleur:color:0,Pointure:select:1,Rose pailleté:0,6,38:1,1,,,0,,20,https://cata.meduse.co/femmes/sandales/sun/rose-paillete/sandales-femme-sun-rose-paillete-cote.jpg,1,,,,,15,Sun,,sun-rose-pailleté-38,Couleur,Pointure,Rose pailleté,23,38,21,1,18,,,,,,Sandales femme,Femme,Sandale,sun femme,sun,rose,pailleté,38,,,sunfemme
15,Sun,"Couleur:color:0, Pointure:select:1","Color:color:0, Size:select:1","Rose pailleté:0, 39:1","Rose pailleté:0, 39:1",,sun-rose-pailleté-39,SUN-FE-ROPA39,Couleur:color:0,Pointure:select:1,Rose pailleté:0,6,39:1,1,,,0,,20,https://cata.meduse.co/femmes/sandales/sun/rose-paillete/sandales-femme-sun-rose-paillete-cote.jpg,1,,,,,15,Sun,,sun-rose-pailleté-39,Couleur,Pointure,Rose pailleté,23,39,22,1,18,,,,,,Sandales femme,Femme,Sandale,sun femme,sun,rose,pailleté,39,,,sunfemme
15,Sun,"Couleur:color:0, Pointure:select:1","Color:color:0, Size:select:1","Rose pailleté:0, 40:1","Rose pailleté:0, 40:1",,sun-rose-pailleté-40,SUN-FE-ROPA40,Couleur:color:0,Pointure:select:1,Rose pailleté:0,6,40:1,1,,,0,,20,https://cata.meduse.co/femmes/sandales/sun/rose-paillete/sandales-femme-sun-rose-paillete-cote.jpg,1,,,,,15,Sun,,sun-rose-pailleté-40,Couleur,Pointure,Rose pailleté,23,40,23,1,18,,,,,,Sandales femme,Femme,Sandale,sun femme,sun,rose,pailleté,40,,,sunfemme
15,Sun,"Couleur:color:0, Pointure:select:1","Color:color:0, Size:select:1","Rose pailleté:0, 41:1","Rose pailleté:0, 41:1",,sun-rose-pailleté-41,SUN-FE-ROPA41,Couleur:color:0,Pointure:select:1,Rose pailleté:0,6,41:1,1,,,0,,20,https://cata.meduse.co/femmes/sandales/sun/rose-paillete/sandales-femme-sun-rose-paillete-cote.jpg,1,,,,,15,Sun,,sun-rose-pailleté-41,Couleur,Pointure,Rose pailleté,23,41,24,1,18,,,,,,Sandales femme,Femme,Sandale,sun femme,sun,rose,pailleté,41,,,sunfemme
15,Sun,"Couleur:color:0, Pointure:select:1","Color:color:0, Size:select:1","Rose pailleté:0, 42:1","Rose pailleté:0, 42:1",,sun-rose-pailleté-42,SUN-FE-ROPA42,Couleur:color:0,Pointure:select:1,Rose pailleté:0,6,42:1,1,,,0,,20,https://cata.meduse.co/femmes/sandales/sun/rose-paillete/sandales-femme-sun-rose-paillete-cote.jpg,1,,,,,15,Sun,,sun-rose-pailleté-42,Couleur,Pointure,Rose pailleté,23,42,25,1,18,,,,,,Sandales femme,Femme,Sandale,sun femme,sun,rose,pailleté,42,,,sunfemme
15,Sun,"Couleur:color:0, Pointure:select:1","Color:color:0, Size:select:1","Rose pastel:0, 35:1","Rose pastel:0, 35:1",,sun-rose-pastel-35,SUN-FE-ROPA35,Couleur:color:0,Pointure:select:1,Rose pastel:0,6,35:1,1,,,0,,21,https://cata.meduse.co/femmes/sandales/sun/rose-pastel/sandales-femme-sun-rose-pastel-cote.jpg,1,,,,,15,Sun,,sun-rose-pastel-35,Couleur,Pointure,Rose pastel,24,35,18,1,18,,,,,,Sandales femme,Femme,Sandale,sun femme,sun,rose,pastel,35,,,sunfemme
15,Sun,"Couleur:color:0, Pointure:select:1","Color:color:0, Size:select:1","Rose pastel:0, 36:1","Rose pastel:0, 36:1",,sun-rose-pastel-36,SUN-FE-ROPA36,Couleur:color:0,Pointure:select:1,Rose pastel:0,6,36:1,1,,,0,,21,https://cata.meduse.co/femmes/sandales/sun/rose-pastel/sandales-femme-sun-rose-pastel-cote.jpg,1,,,,,15,Sun,,sun-rose-pastel-36,Couleur,Pointure,Rose pastel,24,36,19,1,18,,,,,,Sandales femme,Femme,Sandale,sun femme,sun,rose,pastel,36,,,sunfemme
15,Sun,"Couleur:color:0, Pointure:select:1","Color:color:0, Size:select:1","Rose pastel:0, 37:1","Rose pastel:0, 37:1",,sun-rose-pastel-37,SUN-FE-ROPA37,Couleur:color:0,Pointure:select:1,Rose pastel:0,6,37:1,1,,,0,,21,https://cata.meduse.co/femmes/sandales/sun/rose-pastel/sandales-femme-sun-rose-pastel-cote.jpg,1,,,,,15,Sun,,sun-rose-pastel-37,Couleur,Pointure,Rose pastel,24,37,20,1,18,,,,,,Sandales femme,Femme,Sandale,sun femme,sun,rose,pastel,37,,,sunfemme
15,Sun,"Couleur:color:0, Pointure:select:1","Color:color:0, Size:select:1","Rose pastel:0, 38:1","Rose pastel:0, 38:1",,sun-rose-pastel-38,SUN-FE-ROPA38,Couleur:color:0,Pointure:select:1,Rose pastel:0,6,38:1,1,,,0,,21,https://cata.meduse.co/femmes/sandales/sun/rose-pastel/sandales-femme-sun-rose-pastel-cote.jpg,1,,,,,15,Sun,,sun-rose-pastel-38,Couleur,Pointure,Rose pastel,24,38,21,1,18,,,,,,Sandales femme,Femme,Sandale,sun femme,sun,rose,pastel,38,,,sunfemme
15,Sun,"Couleur:color:0, Pointure:select:1","Color:color:0, Size:select:1","Rose pastel:0, 39:1","Rose pastel:0, 39:1",,sun-rose-pastel-39,SUN-FE-ROPA39,Couleur:color:0,Pointure:select:1,Rose pastel:0,6,39:1,1,,,0,,21,https://cata.meduse.co/femmes/sandales/sun/rose-pastel/sandales-femme-sun-rose-pastel-cote.jpg,1,,,,,15,Sun,,sun-rose-pastel-39,Couleur,Pointure,Rose pastel,24,39,22,1,18,,,,,,Sandales femme,Femme,Sandale,sun femme,sun,rose,pastel,39,,,sunfemme
15,Sun,"Couleur:color:0, Pointure:select:1","Color:color:0, Size:select:1","Rose pastel:0, 40:1","Rose pastel:0, 40:1",,sun-rose-pastel-40,SUN-FE-ROPA40,Couleur:color:0,Pointure:select:1,Rose pastel:0,6,40:1,1,,,0,,21,https://cata.meduse.co/femmes/sandales/sun/rose-pastel/sandales-femme-sun-rose-pastel-cote.jpg,1,,,,,15,Sun,,sun-rose-pastel-40,Couleur,Pointure,Rose pastel,24,40,23,1,18,,,,,,Sandales femme,Femme,Sandale,sun femme,sun,rose,pastel,40,,,sunfemme
15,Sun,"Couleur:color:0, Pointure:select:1","Color:color:0, Size:select:1","Rose pastel:0, 41:1","Rose pastel:0, 41:1",,sun-rose-pastel-41,SUN-FE-ROPA41,Couleur:color:0,Pointure:select:1,Rose pastel:0,6,41:1,1,,,0,,21,https://cata.meduse.co/femmes/sandales/sun/rose-pastel/sandales-femme-sun-rose-pastel-cote.jpg,1,,,,,15,Sun,,sun-rose-pastel-41,Couleur,Pointure,Rose pastel,24,41,24,1,18,,,,,,Sandales femme,Femme,Sandale,sun femme,sun,rose,pastel,41,,,sunfemme
15,Sun,"Couleur:color:0, Pointure:select:1","Color:color:0, Size:select:1","Rose pastel:0, 42:1","Rose pastel:0, 42:1",,sun-rose-pastel-42,SUN-FE-ROPA42,Couleur:color:0,Pointure:select:1,Rose pastel:0,6,42:1,1,,,0,,21,https://cata.meduse.co/femmes/sandales/sun/rose-pastel/sandales-femme-sun-rose-pastel-cote.jpg,1,,,,,15,Sun,,sun-rose-pastel-42,Couleur,Pointure,Rose pastel,24,42,25,1,18,,,,,,Sandales femme,Femme,Sandale,sun femme,sun,rose,pastel,42,,,sunfemme
15,Sun,"Couleur:color:0, Pointure:select:1","Color:color:0, Size:select:1","Saumon pailleté:0, 35:1","Saumon pailleté:0, 35:1",,sun-saumon-pailleté-35,SUN-FE-SAPA35,Couleur:color:0,Pointure:select:1,Saumon pailleté:0,6,35:1,1,,,0,,22,https://cata.meduse.co/femmes/sandales/sun/saumon-paillete/sandales-femme-sun-saumon-paillete-cote.jpg,1,,,,,15,Sun,,sun-saumon-pailleté-35,Couleur,Pointure,Saumon pailleté,26,35,18,1,18,,,,,,Sandales femme,Femme,Sandale,sun femme,sun,saumon,pailleté,35,,,sunfemme
15,Sun,"Couleur:color:0, Pointure:select:1","Color:color:0, Size:select:1","Saumon pailleté:0, 36:1","Saumon pailleté:0, 36:1",,sun-saumon-pailleté-36,SUN-FE-SAPA36,Couleur:color:0,Pointure:select:1,Saumon pailleté:0,6,36:1,1,,,0,,22,https://cata.meduse.co/femmes/sandales/sun/saumon-paillete/sandales-femme-sun-saumon-paillete-cote.jpg,1,,,,,15,Sun,,sun-saumon-pailleté-36,Couleur,Pointure,Saumon pailleté,26,36,19,1,18,,,,,,Sandales femme,Femme,Sandale,sun femme,sun,saumon,pailleté,36,,,sunfemme
15,Sun,"Couleur:color:0, Pointure:select:1","Color:color:0, Size:select:1","Saumon pailleté:0, 37:1","Saumon pailleté:0, 37:1",,sun-saumon-pailleté-37,SUN-FE-SAPA37,Couleur:color:0,Pointure:select:1,Saumon pailleté:0,6,37:1,1,,,0,,22,https://cata.meduse.co/femmes/sandales/sun/saumon-paillete/sandales-femme-sun-saumon-paillete-cote.jpg,1,,,,,15,Sun,,sun-saumon-pailleté-37,Couleur,Pointure,Saumon pailleté,26,37,20,1,18,,,,,,Sandales femme,Femme,Sandale,sun femme,sun,saumon,pailleté,37,,,sunfemme
15,Sun,"Couleur:color:0, Pointure:select:1","Color:color:0, Size:select:1","Saumon pailleté:0, 38:1","Saumon pailleté:0, 38:1",,sun-saumon-pailleté-38,SUN-FE-SAPA38,Couleur:color:0,Pointure:select:1,Saumon pailleté:0,6,38:1,1,,,0,,22,https://cata.meduse.co/femmes/sandales/sun/saumon-paillete/sandales-femme-sun-saumon-paillete-cote.jpg,1,,,,,15,Sun,,sun-saumon-pailleté-38,Couleur,Pointure,Saumon pailleté,26,38,21,1,18,,,,,,Sandales femme,Femme,Sandale,sun femme,sun,saumon,pailleté,38,,,sunfemme
15,Sun,"Couleur:color:0, Pointure:select:1","Color:color:0, Size:select:1","Saumon pailleté:0, 39:1","Saumon pailleté:0, 39:1",,sun-saumon-pailleté-39,SUN-FE-SAPA39,Couleur:color:0,Pointure:select:1,Saumon pailleté:0,6,39:1,1,,,0,,22,https://cata.meduse.co/femmes/sandales/sun/saumon-paillete/sandales-femme-sun-saumon-paillete-cote.jpg,1,,,,,15,Sun,,sun-saumon-pailleté-39,Couleur,Pointure,Saumon pailleté,26,39,22,1,18,,,,,,Sandales femme,Femme,Sandale,sun femme,sun,saumon,pailleté,39,,,sunfemme
15,Sun,"Couleur:color:0, Pointure:select:1","Color:color:0, Size:select:1","Saumon pailleté:0, 40:1","Saumon pailleté:0, 40:1",,sun-saumon-pailleté-40,SUN-FE-SAPA40,Couleur:color:0,Pointure:select:1,Saumon pailleté:0,6,40:1,1,,,0,,22,https://cata.meduse.co/femmes/sandales/sun/saumon-paillete/sandales-femme-sun-saumon-paillete-cote.jpg,1,,,,,15,Sun,,sun-saumon-pailleté-40,Couleur,Pointure,Saumon pailleté,26,40,23,1,18,,,,,,Sandales femme,Femme,Sandale,sun femme,sun,saumon,pailleté,40,,,sunfemme
15,Sun,"Couleur:color:0, Pointure:select:1","Color:color:0, Size:select:1","Saumon pailleté:0, 41:1","Saumon pailleté:0, 41:1",,sun-saumon-pailleté-41,SUN-FE-SAPA41,Couleur:color:0,Pointure:select:1,Saumon pailleté:0,6,41:1,1,,,0,,22,https://cata.meduse.co/femmes/sandales/sun/saumon-paillete/sandales-femme-sun-saumon-paillete-cote.jpg,1,,,,,15,Sun,,sun-saumon-pailleté-41,Couleur,Pointure,Saumon pailleté,26,41,24,1,18,,,,,,Sandales femme,Femme,Sandale,sun femme,sun,saumon,pailleté,41,,,sunfemme
15,Sun,"Couleur:color:0, Pointure:select:1","Color:color:0, Size:select:1","Saumon pailleté:0, 42:1","Saumon pailleté:0, 42:1",,sun-saumon-pailleté-42,SUN-FE-SAPA42,Couleur:color:0,Pointure:select:1,Saumon pailleté:0,6,42:1,1,,,0,,22,https://cata.meduse.co/femmes/sandales/sun/saumon-paillete/sandales-femme-sun-saumon-paillete-cote.jpg,1,,,,,15,Sun,,sun-saumon-pailleté-42,Couleur,Pointure,Saumon pailleté,26,42,25,1,18,,,,,,Sandales femme,Femme,Sandale,sun femme,sun,saumon,pailleté,42,,,sunfemme
15,Sun,"Couleur:color:0, Pointure:select:1","Color:color:0, Size:select:1","Translu:0, 35:1","Translu:0, 35:1",,sun-translu-35,SUN-FE-TR35,Couleur:color:0,Pointure:select:1,Translu:0,6,35:1,1,,,0,,23,https://cata.meduse.co/femmes/sandales/sun/translu/sandales-femme-sun-translu-cote.jpg,1,,,,,15,Sun,,sun-translu-35,Couleur,Pointure,Translu,28,35,18,1,18,,,,,,Sandales femme,Femme,Sandale,sun femme,sun,translu,35,,,,sunfemme
15,Sun,"Couleur:color:0, Pointure:select:1","Color:color:0, Size:select:1","Translu:0, 36:1","Translu:0, 36:1",,sun-translu-36,SUN-FE-TR36,Couleur:color:0,Pointure:select:1,Translu:0,6,36:1,1,,,0,,23,https://cata.meduse.co/femmes/sandales/sun/translu/sandales-femme-sun-translu-cote.jpg,1,,,,,15,Sun,,sun-translu-36,Couleur,Pointure,Translu,28,36,19,1,18,,,,,,Sandales femme,Femme,Sandale,sun femme,sun,translu,36,,,,sunfemme
15,Sun,"Couleur:color:0, Pointure:select:1","Color:color:0, Size:select:1","Translu:0, 37:1","Translu:0, 37:1",,sun-translu-37,SUN-FE-TR37,Couleur:color:0,Pointure:select:1,Translu:0,6,37:1,1,,,0,,23,https://cata.meduse.co/femmes/sandales/sun/translu/sandales-femme-sun-translu-cote.jpg,1,,,,,15,Sun,,sun-translu-37,Couleur,Pointure,Translu,28,37,20,1,18,,,,,,Sandales femme,Femme,Sandale,sun femme,sun,translu,37,,,,sunfemme
15,Sun,"Couleur:color:0, Pointure:select:1","Color:color:0, Size:select:1","Translu:0, 38:1","Translu:0, 38:1",,sun-translu-38,SUN-FE-TR38,Couleur:color:0,Pointure:select:1,Translu:0,6,38:1,1,,,0,,23,https://cata.meduse.co/femmes/sandales/sun/translu/sandales-femme-sun-translu-cote.jpg,1,,,,,15,Sun,,sun-translu-38,Couleur,Pointure,Translu,28,38,21,1,18,,,,,,Sandales femme,Femme,Sandale,sun femme,sun,translu,38,,,,sunfemme
15,Sun,"Couleur:color:0, Pointure:select:1","Color:color:0, Size:select:1","Translu:0, 39:1","Translu:0, 39:1",,sun-translu-39,SUN-FE-TR39,Couleur:color:0,Pointure:select:1,Translu:0,6,39:1,1,,,0,,23,https://cata.meduse.co/femmes/sandales/sun/translu/sandales-femme-sun-translu-cote.jpg,1,,,,,15,Sun,,sun-translu-39,Couleur,Pointure,Translu,28,39,22,1,18,,,,,,Sandales femme,Femme,Sandale,sun femme,sun,translu,39,,,,sunfemme
15,Sun,"Couleur:color:0, Pointure:select:1","Color:color:0, Size:select:1","Translu:0, 40:1","Translu:0, 40:1",,sun-translu-40,SUN-FE-TR40,Couleur:color:0,Pointure:select:1,Translu:0,6,40:1,1,,,0,,23,https://cata.meduse.co/femmes/sandales/sun/translu/sandales-femme-sun-translu-cote.jpg,1,,,,,15,Sun,,sun-translu-40,Couleur,Pointure,Translu,28,40,23,1,18,,,,,,Sandales femme,Femme,Sandale,sun femme,sun,translu,40,,,,sunfemme
15,Sun,"Couleur:color:0, Pointure:select:1","Color:color:0, Size:select:1","Translu:0, 41:1","Translu:0, 41:1",,sun-translu-41,SUN-FE-TR41,Couleur:color:0,Pointure:select:1,Translu:0,6,41:1,1,,,0,,23,https://cata.meduse.co/femmes/sandales/sun/translu/sandales-femme-sun-translu-cote.jpg,1,,,,,15,Sun,,sun-translu-41,Couleur,Pointure,Translu,28,41,24,1,18,,,,,,Sandales femme,Femme,Sandale,sun femme,sun,translu,41,,,,sunfemme
15,Sun,"Couleur:color:0, Pointure:select:1","Color:color:0, Size:select:1","Translu:0, 42:1","Translu:0, 42:1",,sun-translu-42,SUN-FE-TR42,Couleur:color:0,Pointure:select:1,Translu:0,6,42:1,1,,,0,,23,https://cata.meduse.co/femmes/sandales/sun/translu/sandales-femme-sun-translu-cote.jpg,1,,,,,15,Sun,,sun-translu-42,Couleur,Pointure,Translu,28,42,25,1,18,,,,,,Sandales femme,Femme,Sandale,sun femme,sun,translu,42,,,,sunfemme
15,Sun,"Couleur:color:0, Pointure:select:1","Color:color:0, Size:select:1","Vert pastel:0, 35:1","Vert pastel:0, 35:1",,sun-vert-pastel-35,SUN-FE-VEPA35,Couleur:color:0,Pointure:select:1,Vert pastel:0,6,35:1,1,,,0,,24,https://cata.meduse.co/femmes/sandales/sun/vert-pastel/sandales-femme-sun-vert-pastel-cote.jpg,1,,,,,15,Sun,,sun-vert-pastel-35,Couleur,Pointure,Vert pastel,29,35,18,1,18,,,,,,Sandales femme,Femme,Sandale,sun femme,sun,vert,pastel,35,,,sunfemme
15,Sun,"Couleur:color:0, Pointure:select:1","Color:color:0, Size:select:1","Vert pastel:0, 36:1","Vert pastel:0, 36:1",,sun-vert-pastel-36,SUN-FE-VEPA36,Couleur:color:0,Pointure:select:1,Vert pastel:0,6,36:1,1,,,0,,24,https://cata.meduse.co/femmes/sandales/sun/vert-pastel/sandales-femme-sun-vert-pastel-cote.jpg,1,,,,,15,Sun,,sun-vert-pastel-36,Couleur,Pointure,Vert pastel,29,36,19,1,18,,,,,,Sandales femme,Femme,Sandale,sun femme,sun,vert,pastel,36,,,sunfemme
15,Sun,"Couleur:color:0, Pointure:select:1","Color:color:0, Size:select:1","Vert pastel:0, 37:1","Vert pastel:0, 37:1",,sun-vert-pastel-37,SUN-FE-VEPA37,Couleur:color:0,Pointure:select:1,Vert pastel:0,6,37:1,1,,,0,,24,https://cata.meduse.co/femmes/sandales/sun/vert-pastel/sandales-femme-sun-vert-pastel-cote.jpg,1,,,,,15,Sun,,sun-vert-pastel-37,Couleur,Pointure,Vert pastel,29,37,20,1,18,,,,,,Sandales femme,Femme,Sandale,sun femme,sun,vert,pastel,37,,,sunfemme
15,Sun,"Couleur:color:0, Pointure:select:1","Color:color:0, Size:select:1","Vert pastel:0, 38:1","Vert pastel:0, 38:1",,sun-vert-pastel-38,SUN-FE-VEPA38,Couleur:color:0,Pointure:select:1,Vert pastel:0,6,38:1,1,,,0,,24,https://cata.meduse.co/femmes/sandales/sun/vert-pastel/sandales-femme-sun-vert-pastel-cote.jpg,1,,,,,15,Sun,,sun-vert-pastel-38,Couleur,Pointure,Vert pastel,29,38,21,1,18,,,,,,Sandales femme,Femme,Sandale,sun femme,sun,vert,pastel,38,,,sunfemme
15,Sun,"Couleur:color:0, Pointure:select:1","Color:color:0, Size:select:1","Vert pastel:0, 39:1","Vert pastel:0, 39:1",,sun-vert-pastel-39,SUN-FE-VEPA39,Couleur:color:0,Pointure:select:1,Vert pastel:0,6,39:1,1,,,0,,24,https://cata.meduse.co/femmes/sandales/sun/vert-pastel/sandales-femme-sun-vert-pastel-cote.jpg,1,,,,,15,Sun,,sun-vert-pastel-39,Couleur,Pointure,Vert pastel,29,39,22,1,18,,,,,,Sandales femme,Femme,Sandale,sun femme,sun,vert,pastel,39,,,sunfemme
15,Sun,"Couleur:color:0, Pointure:select:1","Color:color:0, Size:select:1","Vert pastel:0, 40:1","Vert pastel:0, 40:1",,sun-vert-pastel-40,SUN-FE-VEPA40,Couleur:color:0,Pointure:select:1,Vert pastel:0,6,40:1,1,,,0,,24,https://cata.meduse.co/femmes/sandales/sun/vert-pastel/sandales-femme-sun-vert-pastel-cote.jpg,1,,,,,15,Sun,,sun-vert-pastel-40,Couleur,Pointure,Vert pastel,29,40,23,1,18,,,,,,Sandales femme,Femme,Sandale,sun femme,sun,vert,pastel,40,,,sunfemme
15,Sun,"Couleur:color:0, Pointure:select:1","Color:color:0, Size:select:1","Vert pastel:0, 41:1","Vert pastel:0, 41:1",,sun-vert-pastel-41,SUN-FE-VEPA41,Couleur:color:0,Pointure:select:1,Vert pastel:0,6,41:1,1,,,0,,24,https://cata.meduse.co/femmes/sandales/sun/vert-pastel/sandales-femme-sun-vert-pastel-cote.jpg,1,,,,,15,Sun,,sun-vert-pastel-41,Couleur,Pointure,Vert pastel,29,41,24,1,18,,,,,,Sandales femme,Femme,Sandale,sun femme,sun,vert,pastel,41,,,sunfemme
15,Sun,"Couleur:color:0, Pointure:select:1","Color:color:0, Size:select:1","Vert pastel:0, 42:1","Vert pastel:0, 42:1",,sun-vert-pastel-42,SUN-FE-VEPA42,Couleur:color:0,Pointure:select:1,Vert pastel:0,6,42:1,1,,,0,,24,https://cata.meduse.co/femmes/sandales/sun/vert-pastel/sandales-femme-sun-vert-pastel-cote.jpg,1,,,,,15,Sun,,sun-vert-pastel-42,Couleur,Pointure,Vert pastel,29,42,25,1,18,,,,,,Sandales femme,Femme,Sandale,sun femme,sun,vert,pastel,42,,,sunfemme
16,Capri,"Couleur:color:0, Pointure:select:1","Color:color:0, Size:select:1","Bronze:0, 36:1","Bronze:0, 36:1",,capri-bronze-36,CAPRI-FE-BR36,Couleur:color:0,Pointure:select:1,Bronze:0,0,36:1,1,,,1,,1,https://cata.meduse.co/femmes/sandales/capri/bronze/sandales-femme-capri-bronze-cote.jpg,1,,,,,16,Capri,,capri-bronze-36,Couleur,Pointure,Bronze,1,36,1,1,24,,,,,,Sandales femme,Femme,Sandale,capri femme,capri,bronze,36,,,,caprifemme
16,Capri,"Couleur:color:0, Pointure:select:1","Color:color:0, Size:select:1","Bronze:0, 37:1","Bronze:0, 37:1",,capri-bronze-37,CAPRI-FE-BR37,Couleur:color:0,Pointure:select:1,Bronze:0,0,37:1,1,,,0,,1,https://cata.meduse.co/femmes/sandales/capri/bronze/sandales-femme-capri-bronze-cote.jpg,1,,,,,16,Capri,,capri-bronze-37,Couleur,Pointure,Bronze,1,37,2,1,24,,,,,,Sandales femme,Femme,Sandale,capri femme,capri,bronze,37,,,,caprifemme
16,Capri,"Couleur:color:0, Pointure:select:1","Color:color:0, Size:select:1","Bronze:0, 38:1","Bronze:0, 38:1",,capri-bronze-38,CAPRI-FE-BR38,Couleur:color:0,Pointure:select:1,Bronze:0,0,38:1,1,,,0,,1,https://cata.meduse.co/femmes/sandales/capri/bronze/sandales-femme-capri-bronze-cote.jpg,1,,,,,16,Capri,,capri-bronze-38,Couleur,Pointure,Bronze,1,38,3,1,24,,,,,,Sandales femme,Femme,Sandale,capri femme,capri,bronze,38,,,,caprifemme
16,Capri,"Couleur:color:0, Pointure:select:1","Color:color:0, Size:select:1","Bronze:0, 39:1","Bronze:0, 39:1",,capri-bronze-39,CAPRI-FE-BR39,Couleur:color:0,Pointure:select:1,Bronze:0,0,39:1,1,,,0,,1,https://cata.meduse.co/femmes/sandales/capri/bronze/sandales-femme-capri-bronze-cote.jpg,1,,,,,16,Capri,,capri-bronze-39,Couleur,Pointure,Bronze,1,39,4,1,24,,,,,,Sandales femme,Femme,Sandale,capri femme,capri,bronze,39,,,,caprifemme
16,Capri,"Couleur:color:0, Pointure:select:1","Color:color:0, Size:select:1","Bronze:0, 40:1","Bronze:0, 40:1",,capri-bronze-40,CAPRI-FE-BR40,Couleur:color:0,Pointure:select:1,Bronze:0,0,40:1,1,,,0,,1,https://cata.meduse.co/femmes/sandales/capri/bronze/sandales-femme-capri-bronze-cote.jpg,1,,,,,16,Capri,,capri-bronze-40,Couleur,Pointure,Bronze,1,40,5,1,24,,,,,,Sandales femme,Femme,Sandale,capri femme,capri,bronze,40,,,,caprifemme
16,Capri,"Couleur:color:0, Pointure:select:1","Color:color:0, Size:select:1","Nacre:0, 36:1","Nacre:0, 36:1",,capri-nacre-36,CAPRI-FE-NA36,Couleur:color:0,Pointure:select:1,Nacre:0,0,36:1,1,,,0,,2,https://cata.meduse.co/femmes/sandales/capri/nacre/sandales-femme-capri-nacre-cote.jpg,1,,,,,16,Capri,,capri-nacre-36,Couleur,Pointure,Nacre,2,36,1,1,24,,,,,,Sandales femme,Femme,Sandale,capri femme,capri,nacre,36,,,,caprifemme
16,Capri,"Couleur:color:0, Pointure:select:1","Color:color:0, Size:select:1","Nacre:0, 37:1","Nacre:0, 37:1",,capri-nacre-37,CAPRI-FE-NA37,Couleur:color:0,Pointure:select:1,Nacre:0,0,37:1,1,,,0,,2,https://cata.meduse.co/femmes/sandales/capri/nacre/sandales-femme-capri-nacre-cote.jpg,1,,,,,16,Capri,,capri-nacre-37,Couleur,Pointure,Nacre,2,37,2,1,24,,,,,,Sandales femme,Femme,Sandale,capri femme,capri,nacre,37,,,,caprifemme
16,Capri,"Couleur:color:0, Pointure:select:1","Color:color:0, Size:select:1","Nacre:0, 38:1","Nacre:0, 38:1",,capri-nacre-38,CAPRI-FE-NA38,Couleur:color:0,Pointure:select:1,Nacre:0,0,38:1,1,,,0,,2,https://cata.meduse.co/femmes/sandales/capri/nacre/sandales-femme-capri-nacre-cote.jpg,1,,,,,16,Capri,,capri-nacre-38,Couleur,Pointure,Nacre,2,38,3,1,24,,,,,,Sandales femme,Femme,Sandale,capri femme,capri,nacre,38,,,,caprifemme
16,Capri,"Couleur:color:0, Pointure:select:1","Color:color:0, Size:select:1","Nacre:0, 39:1","Nacre:0, 39:1",,capri-nacre-39,CAPRI-FE-NA39,Couleur:color:0,Pointure:select:1,Nacre:0,0,39:1,1,,,0,,2,https://cata.meduse.co/femmes/sandales/capri/nacre/sandales-femme-capri-nacre-cote.jpg,1,,,,,16,Capri,,capri-nacre-39,Couleur,Pointure,Nacre,2,39,4,1,24,,,,,,Sandales femme,Femme,Sandale,capri femme,capri,nacre,39,,,,caprifemme
16,Capri,"Couleur:color:0, Pointure:select:1","Color:color:0, Size:select:1","Nacre:0, 40:1","Nacre:0, 40:1",,capri-nacre-40,CAPRI-FE-NA40,Couleur:color:0,Pointure:select:1,Nacre:0,0,40:1,1,,,0,,2,https://cata.meduse.co/femmes/sandales/capri/nacre/sandales-femme-capri-nacre-cote.jpg,1,,,,,16,Capri,,capri-nacre-40,Couleur,Pointure,Nacre,2,40,5,1,24,,,,,,Sandales femme,Femme,Sandale,capri femme,capri,nacre,40,,,,caprifemme
16,Capri,"Couleur:color:0, Pointure:select:1","Color:color:0, Size:select:1","Noir:0, 36:1","Noir:0, 36:1",,capri-noir-36,CAPRI-FE-NO36,Couleur:color:0,Pointure:select:1,Noir:0,0,36:1,1,,,0,,3,https://cata.meduse.co/femmes/sandales/capri/noir/sandales-femme-capri-noir-cote.jpg,1,,,,,16,Capri,,capri-noir-36,Couleur,Pointure,Noir,3,36,1,1,24,,,,,,Sandales femme,Femme,Sandale,capri femme,capri,noir,36,,,,caprifemme
16,Capri,"Couleur:color:0, Pointure:select:1","Color:color:0, Size:select:1","Noir:0, 37:1","Noir:0, 37:1",,capri-noir-37,CAPRI-FE-NO37,Couleur:color:0,Pointure:select:1,Noir:0,0,37:1,1,,,0,,3,https://cata.meduse.co/femmes/sandales/capri/noir/sandales-femme-capri-noir-cote.jpg,1,,,,,16,Capri,,capri-noir-37,Couleur,Pointure,Noir,3,37,2,1,24,,,,,,Sandales femme,Femme,Sandale,capri femme,capri,noir,37,,,,caprifemme
16,Capri,"Couleur:color:0, Pointure:select:1","Color:color:0, Size:select:1","Noir:0, 38:1","Noir:0, 38:1",,capri-noir-38,CAPRI-FE-NO38,Couleur:color:0,Pointure:select:1,Noir:0,0,38:1,1,,,0,,3,https://cata.meduse.co/femmes/sandales/capri/noir/sandales-femme-capri-noir-cote.jpg,1,,,,,16,Capri,,capri-noir-38,Couleur,Pointure,Noir,3,38,3,1,24,,,,,,Sandales femme,Femme,Sandale,capri femme,capri,noir,38,,,,caprifemme
16,Capri,"Couleur:color:0, Pointure:select:1","Color:color:0, Size:select:1","Noir:0, 39:1","Noir:0, 39:1",,capri-noir-39,CAPRI-FE-NO39,Couleur:color:0,Pointure:select:1,Noir:0,0,39:1,1,,,0,,3,https://cata.meduse.co/femmes/sandales/capri/noir/sandales-femme-capri-noir-cote.jpg,1,,,,,16,Capri,,capri-noir-39,Couleur,Pointure,Noir,3,39,4,1,24,,,,,,Sandales femme,Femme,Sandale,capri femme,capri,noir,39,,,,caprifemme
16,Capri,"Couleur:color:0, Pointure:select:1","Color:color:0, Size:select:1","Noir:0, 40:1","Noir:0, 40:1",,capri-noir-40,CAPRI-FE-NO40,Couleur:color:0,Pointure:select:1,Noir:0,0,40:1,1,,,0,,3,https://cata.meduse.co/femmes/sandales/capri/noir/sandales-femme-capri-noir-cote.jpg,1,,,,,16,Capri,,capri-noir-40,Couleur,Pointure,Noir,3,40,5,1,24,,,,,,Sandales femme,Femme,Sandale,capri femme,capri,noir,40,,,,caprifemme
