19,Sun,"Couleur:color:0, Pointure:select:1","Color:color:0, Size:select:1","Cobalt:0, 22:1","Cobalt:0, 22:1",,sun-cobalt-22,SUN-EN-CO22,Couleur:color:0,Pointure:select:1,Cobalt:0,0,22:1,1,,,0,,107,https://cata.meduse.co/enfants/sandales/sun/cobalt/sandales-enfant-sun-cobalt-cote.jpg,1,,,,,15,Sun,,sun-cobalt-22,Couleur,Pointure,Cobalt,8,22,5,1,12,,,,,,Sandales enfant,Enfant,Sandale,sun enfant,sun,cobalt,22,,,,sunenfant
19,Sun,"Couleur:color:0, Pointure:select:1","Color:color:0, Size:select:1","Cobalt:0, 23:1","Cobalt:0, 23:1",,sun-cobalt-23,SUN-EN-CO23,Couleur:color:0,Pointure:select:1,Cobalt:0,0,23:1,1,,,0,,108,https://cata.meduse.co/enfants/sandales/sun/cobalt/sandales-enfant-sun-cobalt-cote.jpg,1,,,,,15,Sun,,sun-cobalt-23,Couleur,Pointure,Cobalt,8,23,6,1,12,,,,,,Sandales enfant,Enfant,Sandale,sun enfant,sun,cobalt,23,,,,sunenfant
19,Sun,"Couleur:color:0, Pointure:select:1","Color:color:0, Size:select:1","Cobalt:0, 24:1","Cobalt:0, 24:1",,sun-cobalt-24,SUN-EN-CO24,Couleur:color:0,Pointure:select:1,Cobalt:0,0,24:1,1,,,0,,109,https://cata.meduse.co/enfants/sandales/sun/cobalt/sandales-enfant-sun-cobalt-cote.jpg,1,,,,,15,Sun,,sun-cobalt-24,Couleur,Pointure,Cobalt,8,24,7,1,12,,,,,,Sandales enfant,Enfant,Sandale,sun enfant,sun,cobalt,24,,,,sunenfant
19,Sun,"Couleur:color:0, Pointure:select:1","Color:color:0, Size:select:1","Cobalt:0, 25:1","Cobalt:0, 25:1",,sun-cobalt-25,SUN-EN-CO25,Couleur:color:0,Pointure:select:1,Cobalt:0,0,25:1,1,,,0,,110,https://cata.meduse.co/enfants/sandales/sun/cobalt/sandales-enfant-sun-cobalt-cote.jpg,1,,,,,15,Sun,,sun-cobalt-25,Couleur,Pointure,Cobalt,8,25,8,1,12,,,,,,Sandales enfant,Enfant,Sandale,sun enfant,sun,cobalt,25,,,,sunenfant
19,Sun,"Couleur:color:0, Pointure:select:1","Color:color:0, Size:select:1","Cobalt:0, 26:1","Cobalt:0, 26:1",,sun-cobalt-26,SUN-EN-CO26,Couleur:color:0,Pointure:select:1,Cobalt:0,0,26:1,1,,,0,,111,https://cata.meduse.co/enfants/sandales/sun/cobalt/sandales-enfant-sun-cobalt-cote.jpg,1,,,,,15,Sun,,sun-cobalt-26,Couleur,Pointure,Cobalt,8,26,9,1,12,,,,,,Sandales enfant,Enfant,Sandale,sun enfant,sun,cobalt,26,,,,sunenfant
19,Sun,"Couleur:color:0, Pointure:select:1","Color:color:0, Size:select:1","Cobalt:0, 27:1","Cobalt:0, 27:1",,sun-cobalt-27,SUN-EN-CO27,Couleur:color:0,Pointure:select:1,Cobalt:0,0,27:1,1,,,0,,112,https://cata.meduse.co/enfants/sandales/sun/cobalt/sandales-enfant-sun-cobalt-cote.jpg,1,,,,,15,Sun,,sun-cobalt-27,Couleur,Pointure,Cobalt,8,27,10,1,12,,,,,,Sandales enfant,Enfant,Sandale,sun enfant,sun,cobalt,27,,,,sunenfant
19,Sun,"Couleur:color:0, Pointure:select:1","Color:color:0, Size:select:1","Cobalt:0, 28:1","Cobalt:0, 28:1",,sun-cobalt-28,SUN-EN-CO28,Couleur:color:0,Pointure:select:1,Cobalt:0,3,28:1,1,,,0,,113,https://cata.meduse.co/enfants/sandales/sun/cobalt/sandales-enfant-sun-cobalt-cote.jpg,1,,,,,15,Sun,,sun-cobalt-28,Couleur,Pointure,Cobalt,8,28,11,1,15,,,,,,Sandales enfant,Enfant,Sandale,sun enfant,sun,cobalt,28,,,,sunenfant
19,Sun,"Couleur:color:0, Pointure:select:1","Color:color:0, Size:select:1","Cobalt:0, 29:1","Cobalt:0, 29:1",,sun-cobalt-29,SUN-EN-CO29,Couleur:color:0,Pointure:select:1,Cobalt:0,3,29:1,1,,,0,,114,https://cata.meduse.co/enfants/sandales/sun/cobalt/sandales-enfant-sun-cobalt-cote.jpg,1,,,,,15,Sun,,sun-cobalt-29,Couleur,Pointure,Cobalt,8,29,12,1,15,,,,,,Sandales enfant,Enfant,Sandale,sun enfant,sun,cobalt,29,,,,sunenfant
19,Sun,"Couleur:color:0, Pointure:select:1","Color:color:0, Size:select:1","Cobalt:0, 30:1","Cobalt:0, 30:1",,sun-cobalt-30,SUN-EN-CO30,Couleur:color:0,Pointure:select:1,Cobalt:0,3,30:1,1,,,0,,115,https://cata.meduse.co/enfants/sandales/sun/cobalt/sandales-enfant-sun-cobalt-cote.jpg,1,,,,,15,Sun,,sun-cobalt-30,Couleur,Pointure,Cobalt,8,30,13,1,15,,,,,,Sandales enfant,Enfant,Sandale,sun enfant,sun,cobalt,30,,,,sunenfant
19,Sun,"Couleur:color:0, Pointure:select:1","Color:color:0, Size:select:1","Cobalt:0, 31:1","Cobalt:0, 31:1",,sun-cobalt-31,SUN-EN-CO31,Couleur:color:0,Pointure:select:1,Cobalt:0,3,31:1,1,,,0,,116,https://cata.meduse.co/enfants/sandales/sun/cobalt/sandales-enfant-sun-cobalt-cote.jpg,1,,,,,15,Sun,,sun-cobalt-31,Couleur,Pointure,Cobalt,8,31,14,1,15,,,,,,Sandales enfant,Enfant,Sandale,sun enfant,sun,cobalt,31,,,,sunenfant
19,Sun,"Couleur:color:0, Pointure:select:1","Color:color:0, Size:select:1","Cobalt:0, 32:1","Cobalt:0, 32:1",,sun-cobalt-32,SUN-EN-CO32,Couleur:color:0,Pointure:select:1,Cobalt:0,3,32:1,1,,,0,,117,https://cata.meduse.co/enfants/sandales/sun/cobalt/sandales-enfant-sun-cobalt-cote.jpg,1,,,,,15,Sun,,sun-cobalt-32,Couleur,Pointure,Cobalt,8,32,15,1,15,,,,,,Sandales enfant,Enfant,Sandale,sun enfant,sun,cobalt,32,,,,sunenfant
19,Sun,"Couleur:color:0, Pointure:select:1","Color:color:0, Size:select:1","Cobalt:0, 33:1","Cobalt:0, 33:1",,sun-cobalt-33,SUN-EN-CO33,Couleur:color:0,Pointure:select:1,Cobalt:0,3,33:1,1,,,0,,118,https://cata.meduse.co/enfants/sandales/sun/cobalt/sandales-enfant-sun-cobalt-cote.jpg,1,,,,,15,Sun,,sun-cobalt-33,Couleur,Pointure,Cobalt,8,33,16,1,15,,,,,,Sandales enfant,Enfant,Sandale,sun enfant,sun,cobalt,33,,,,sunenfant
19,Sun,"Couleur:color:0, Pointure:select:1","Color:color:0, Size:select:1","Cobalt:0, 34:1","Cobalt:0, 34:1",,sun-cobalt-34,SUN-EN-CO34,Couleur:color:0,Pointure:select:1,Cobalt:0,3,34:1,1,,,0,,119,https://cata.meduse.co/enfants/sandales/sun/cobalt/sandales-enfant-sun-cobalt-cote.jpg,1,,,,,15,Sun,,sun-cobalt-34,Couleur,Pointure,Cobalt,8,34,17,1,15,,,,,,Sandales enfant,Enfant,Sandale,sun enfant,sun,cobalt,34,,,,sunenfant
19,Sun,"Couleur:color:0, Pointure:select:1","Color:color:0, Size:select:1","Corail:0, 18:1","Corail:0, 18:1",,sun-corail-18,SUN-EN-CO18,Couleur:color:0,Pointure:select:1,Corail:0,0,18:1,1,,,0,,120,https://cata.meduse.co/enfants/sandales/sun/corail/sandales-enfant-sun-corail-cote.jpg,1,,,,,15,Sun,,sun-corail-18,Couleur,Pointure,Corail,9,18,1,1,12,,,,,,Sandales enfant,Enfant,Sandale,sun enfant,sun,corail,18,,,,sunenfant
19,Sun,"Couleur:color:0, Pointure:select:1","Color:color:0, Size:select:1","Corail:0, 19:1","Corail:0, 19:1",,sun-corail-19,SUN-EN-CO19,Couleur:color:0,Pointure:select:1,Corail:0,0,19:1,1,,,0,,121,https://cata.meduse.co/enfants/sandales/sun/corail/sandales-enfant-sun-corail-cote.jpg,1,,,,,15,Sun,,sun-corail-19,Couleur,Pointure,Corail,9,19,2,1,12,,,,,,Sandales enfant,Enfant,Sandale,sun enfant,sun,corail,19,,,,sunenfant
19,Sun,"Couleur:color:0, Pointure:select:1","Color:color:0, Size:select:1","Corail:0, 20:1","Corail:0, 20:1",,sun-corail-20,SUN-EN-CO20,Couleur:color:0,Pointure:select:1,Corail:0,0,20:1,1,,,0,,122,https://cata.meduse.co/enfants/sandales/sun/corail/sandales-enfant-sun-corail-cote.jpg,1,,,,,15,Sun,,sun-corail-20,Couleur,Pointure,Corail,9,20,3,1,12,,,,,,Sandales enfant,Enfant,Sandale,sun enfant,sun,corail,20,,,,sunenfant
19,Sun,"Couleur:color:0, Pointure:select:1","Color:color:0, Size:select:1","Corail:0, 21:1","Corail:0, 21:1",,sun-corail-21,SUN-EN-CO21,Couleur:color:0,Pointure:select:1,Corail:0,0,21:1,1,,,0,,123,https://cata.meduse.co/enfants/sandales/sun/corail/sandales-enfant-sun-corail-cote.jpg,1,,,,,15,Sun,,sun-corail-21,Couleur,Pointure,Corail,9,21,4,1,12,,,,,,Sandales enfant,Enfant,Sandale,sun enfant,sun,corail,21,,,,sunenfant
19,Sun,"Couleur:color:0, Pointure:select:1","Color:color:0, Size:select:1","Corail:0, 22:1","Corail:0, 22:1",,sun-corail-22,SUN-EN-CO22,Couleur:color:0,Pointure:select:1,Corail:0,0,22:1,1,,,0,,124,https://cata.meduse.co/enfants/sandales/sun/corail/sandales-enfant-sun-corail-cote.jpg,1,,,,,15,Sun,,sun-corail-22,Couleur,Pointure,Corail,9,22,5,1,12,,,,,,Sandales enfant,Enfant,Sandale,sun enfant,sun,corail,22,,,,sunenfant
19,Sun,"Couleur:color:0, Pointure:select:1","Color:color:0, Size:select:1","Corail:0, 23:1","Corail:0, 23:1",,sun-corail-23,SUN-EN-CO23,Couleur:color:0,Pointure:select:1,Corail:0,0,23:1,1,,,0,,125,https://cata.meduse.co/enfants/sandales/sun/corail/sandales-enfant-sun-corail-cote.jpg,1,,,,,15,Sun,,sun-corail-23,Couleur,Pointure,Corail,9,23,6,1,12,,,,,,Sandales enfant,Enfant,Sandale,sun enfant,sun,corail,23,,,,sunenfant
19,Sun,"Couleur:color:0, Pointure:select:1","Color:color:0, Size:select:1","Corail:0, 24:1","Corail:0, 24:1",,sun-corail-24,SUN-EN-CO24,Couleur:color:0,Pointure:select:1,Corail:0,0,24:1,1,,,0,,126,https://cata.meduse.co/enfants/sandales/sun/corail/sandales-enfant-sun-corail-cote.jpg,1,,,,,15,Sun,,sun-corail-24,Couleur,Pointure,Corail,9,24,7,1,12,,,,,,Sandales enfant,Enfant,Sandale,sun enfant,sun,corail,24,,,,sunenfant
19,Sun,"Couleur:color:0, Pointure:select:1","Color:color:0, Size:select:1","Corail:0, 25:1","Corail:0, 25:1",,sun-corail-25,SUN-EN-CO25,Couleur:color:0,Pointure:select:1,Corail:0,0,25:1,1,,,0,,127,https://cata.meduse.co/enfants/sandales/sun/corail/sandales-enfant-sun-corail-cote.jpg,1,,,,,15,Sun,,sun-corail-25,Couleur,Pointure,Corail,9,25,8,1,12,,,,,,Sandales enfant,Enfant,Sandale,sun enfant,sun,corail,25,,,,sunenfant
19,Sun,"Couleur:color:0, Pointure:select:1","Color:color:0, Size:select:1","Corail:0, 26:1","Corail:0, 26:1",,sun-corail-26,SUN-EN-CO26,Couleur:color:0,Pointure:select:1,Corail:0,0,26:1,1,,,0,,128,https://cata.meduse.co/enfants/sandales/sun/corail/sandales-enfant-sun-corail-cote.jpg,1,,,,,15,Sun,,sun-corail-26,Couleur,Pointure,Corail,9,26,9,1,12,,,,,,Sandales enfant,Enfant,Sandale,sun enfant,sun,corail,26,,,,sunenfant
19,Sun,"Couleur:color:0, Pointure:select:1","Color:color:0, Size:select:1","Corail:0, 27:1","Corail:0, 27:1",,sun-corail-27,SUN-EN-CO27,Couleur:color:0,Pointure:select:1,Corail:0,0,27:1,1,,,0,,129,https://cata.meduse.co/enfants/sandales/sun/corail/sandales-enfant-sun-corail-cote.jpg,1,,,,,15,Sun,,sun-corail-27,Couleur,Pointure,Corail,9,27,10,1,12,,,,,,Sandales enfant,Enfant,Sandale,sun enfant,sun,corail,27,,,,sunenfant
19,Sun,"Couleur:color:0, Pointure:select:1","Color:color:0, Size:select:1","Corail:0, 28:1","Corail:0, 28:1",,sun-corail-28,SUN-EN-CO28,Couleur:color:0,Pointure:select:1,Corail:0,3,28:1,1,,,0,,130,https://cata.meduse.co/enfants/sandales/sun/corail/sandales-enfant-sun-corail-cote.jpg,1,,,,,15,Sun,,sun-corail-28,Couleur,Pointure,Corail,9,28,11,1,15,,,,,,Sandales enfant,Enfant,Sandale,sun enfant,sun,corail,28,,,,sunenfant
19,Sun,"Couleur:color:0, Pointure:select:1","Color:color:0, Size:select:1","Corail:0, 29:1","Corail:0, 29:1",,sun-corail-29,SUN-EN-CO29,Couleur:color:0,Pointure:select:1,Corail:0,3,29:1,1,,,0,,131,https://cata.meduse.co/enfants/sandales/sun/corail/sandales-enfant-sun-corail-cote.jpg,1,,,,,15,Sun,,sun-corail-29,Couleur,Pointure,Corail,9,29,12,1,15,,,,,,Sandales enfant,Enfant,Sandale,sun enfant,sun,corail,29,,,,sunenfant
19,Sun,"Couleur:color:0, Pointure:select:1","Color:color:0, Size:select:1","Corail:0, 30:1","Corail:0, 30:1",,sun-corail-30,SUN-EN-CO30,Couleur:color:0,Pointure:select:1,Corail:0,3,30:1,1,,,0,,132,https://cata.meduse.co/enfants/sandales/sun/corail/sandales-enfant-sun-corail-cote.jpg,1,,,,,15,Sun,,sun-corail-30,Couleur,Pointure,Corail,9,30,13,1,15,,,,,,Sandales enfant,Enfant,Sandale,sun enfant,sun,corail,30,,,,sunenfant
19,Sun,"Couleur:color:0, Pointure:select:1","Color:color:0, Size:select:1","Corail:0, 31:1","Corail:0, 31:1",,sun-corail-31,SUN-EN-CO31,Couleur:color:0,Pointure:select:1,Corail:0,3,31:1,1,,,0,,133,https://cata.meduse.co/enfants/sandales/sun/corail/sandales-enfant-sun-corail-cote.jpg,1,,,,,15,Sun,,sun-corail-31,Couleur,Pointure,Corail,9,31,14,1,15,,,,,,Sandales enfant,Enfant,Sandale,sun enfant,sun,corail,31,,,,sunenfant
19,Sun,"Couleur:color:0, Pointure:select:1","Color:color:0, Size:select:1","Corail:0, 32:1","Corail:0, 32:1",,sun-corail-32,SUN-EN-CO32,Couleur:color:0,Pointure:select:1,Corail:0,3,32:1,1,,,0,,134,https://cata.meduse.co/enfants/sandales/sun/corail/sandales-enfant-sun-corail-cote.jpg,1,,,,,15,Sun,,sun-corail-32,Couleur,Pointure,Corail,9,32,15,1,15,,,,,,Sandales enfant,Enfant,Sandale,sun enfant,sun,corail,32,,,,sunenfant
19,Sun,"Couleur:color:0, Pointure:select:1","Color:color:0, Size:select:1","Corail:0, 33:1","Corail:0, 33:1",,sun-corail-33,SUN-EN-CO33,Couleur:color:0,Pointure:select:1,Corail:0,3,33:1,1,,,0,,135,https://cata.meduse.co/enfants/sandales/sun/corail/sandales-enfant-sun-corail-cote.jpg,1,,,,,15,Sun,,sun-corail-33,Couleur,Pointure,Corail,9,33,16,1,15,,,,,,Sandales enfant,Enfant,Sandale,sun enfant,sun,corail,33,,,,sunenfant
19,Sun,"Couleur:color:0, Pointure:select:1","Color:color:0, Size:select:1","Corail:0, 34:1","Corail:0, 34:1",,sun-corail-34,SUN-EN-CO34,Couleur:color:0,Pointure:select:1,Corail:0,3,34:1,1,,,0,,136,https://cata.meduse.co/enfants/sandales/sun/corail/sandales-enfant-sun-corail-cote.jpg,1,,,,,15,Sun,,sun-corail-34,Couleur,Pointure,Corail,9,34,17,1,15,,,,,,Sandales enfant,Enfant,Sandale,sun enfant,sun,corail,34,,,,sunenfant
19,Sun,"Couleur:color:0, Pointure:select:1","Color:color:0, Size:select:1","Cristal:0, 18:1","Cristal:0, 18:1",,sun-cristal-18,SUN-EN-CR18,Couleur:color:0,Pointure:select:1,Cristal:0,0,18:1,1,,,0,,137,https://cata.meduse.co/enfants/sandales/sun/cristal/sandales-enfant-sun-cristal-cote.jpg,1,,,,,15,Sun,,sun-cristal-18,Couleur,Pointure,Cristal,10,18,1,1,12,,,,,,Sandales enfant,Enfant,Sandale,sun enfant,sun,cristal,18,,,,sunenfant
19,Sun,"Couleur:color:0, Pointure:select:1","Color:color:0, Size:select:1","Cristal:0, 19:1","Cristal:0, 19:1",,sun-cristal-19,SUN-EN-CR19,Couleur:color:0,Pointure:select:1,Cristal:0,0,19:1,1,,,0,,138,https://cata.meduse.co/enfants/sandales/sun/cristal/sandales-enfant-sun-cristal-cote.jpg,1,,,,,15,Sun,,sun-cristal-19,Couleur,Pointure,Cristal,10,19,2,1,12,,,,,,Sandales enfant,Enfant,Sandale,sun enfant,sun,cristal,19,,,,sunenfant
19,Sun,"Couleur:color:0, Pointure:select:1","Color:color:0, Size:select:1","Cristal:0, 20:1","Cristal:0, 20:1",,sun-cristal-20,SUN-EN-CR20,Couleur:color:0,Pointure:select:1,Cristal:0,0,20:1,1,,,0,,139,https://cata.meduse.co/enfants/sandales/sun/cristal/sandales-enfant-sun-cristal-cote.jpg,1,,,,,15,Sun,,sun-cristal-20,Couleur,Pointure,Cristal,10,20,3,1,12,,,,,,Sandales enfant,Enfant,Sandale,sun enfant,sun,cristal,20,,,,sunenfant
19,Sun,"Couleur:color:0, Pointure:select:1","Color:color:0, Size:select:1","Cristal:0, 21:1","Cristal:0, 21:1",,sun-cristal-21,SUN-EN-CR21,Couleur:color:0,Pointure:select:1,Cristal:0,0,21:1,1,,,0,,140,https://cata.meduse.co/enfants/sandales/sun/cristal/sandales-enfant-sun-cristal-cote.jpg,1,,,,,15,Sun,,sun-cristal-21,Couleur,Pointure,Cristal,10,21,4,1,12,,,,,,Sandales enfant,Enfant,Sandale,sun enfant,sun,cristal,21,,,,sunenfant
19,Sun,"Couleur:color:0, Pointure:select:1","Color:color:0, Size:select:1","Cristal:0, 22:1","Cristal:0, 22:1",,sun-cristal-22,SUN-EN-CR22,Couleur:color:0,Pointure:select:1,Cristal:0,0,22:1,1,,,0,,141,https://cata.meduse.co/enfants/sandales/sun/cristal/sandales-enfant-sun-cristal-cote.jpg,1,,,,,15,Sun,,sun-cristal-22,Couleur,Pointure,Cristal,10,22,5,1,12,,,,,,Sandales enfant,Enfant,Sandale,sun enfant,sun,cristal,22,,,,sunenfant
19,Sun,"Couleur:color:0, Pointure:select:1","Color:color:0, Size:select:1","Cristal:0, 23:1","Cristal:0, 23:1",,sun-cristal-23,SUN-EN-CR23,Couleur:color:0,Pointure:select:1,Cristal:0,0,23:1,1,,,0,,142,https://cata.meduse.co/enfants/sandales/sun/cristal/sandales-enfant-sun-cristal-cote.jpg,1,,,,,15,Sun,,sun-cristal-23,Couleur,Pointure,Cristal,10,23,6,1,12,,,,,,Sandales enfant,Enfant,Sandale,sun enfant,sun,cristal,23,,,,sunenfant
19,Sun,"Couleur:color:0, Pointure:select:1","Color:color:0, Size:select:1","Cristal:0, 24:1","Cristal:0, 24:1",,sun-cristal-24,SUN-EN-CR24,Couleur:color:0,Pointure:select:1,Cristal:0,0,24:1,1,,,0,,143,https://cata.meduse.co/enfants/sandales/sun/cristal/sandales-enfant-sun-cristal-cote.jpg,1,,,,,15,Sun,,sun-cristal-24,Couleur,Pointure,Cristal,10,24,7,1,12,,,,,,Sandales enfant,Enfant,Sandale,sun enfant,sun,cristal,24,,,,sunenfant
19,Sun,"Couleur:color:0, Pointure:select:1","Color:color:0, Size:select:1","Cristal:0, 25:1","Cristal:0, 25:1",,sun-cristal-25,SUN-EN-CR25,Couleur:color:0,Pointure:select:1,Cristal:0,0,25:1,1,,,0,,144,https://cata.meduse.co/enfants/sandales/sun/cristal/sandales-enfant-sun-cristal-cote.jpg,1,,,,,15,Sun,,sun-cristal-25,Couleur,Pointure,Cristal,10,25,8,1,12,,,,,,Sandales enfant,Enfant,Sandale,sun enfant,sun,cristal,25,,,,sunenfant
19,Sun,"Couleur:color:0, Pointure:select:1","Color:color:0, Size:select:1","Cristal:0, 26:1","Cristal:0, 26:1",,sun-cristal-26,SUN-EN-CR26,Couleur:color:0,Pointure:select:1,Cristal:0,0,26:1,1,,,0,,145,https://cata.meduse.co/enfants/sandales/sun/cristal/sandales-enfant-sun-cristal-cote.jpg,1,,,,,15,Sun,,sun-cristal-26,Couleur,Pointure,Cristal,10,26,9,1,12,,,,,,Sandales enfant,Enfant,Sandale,sun enfant,sun,cristal,26,,,,sunenfant
19,Sun,"Couleur:color:0, Pointure:select:1","Color:color:0, Size:select:1","Cristal:0, 27:1","Cristal:0, 27:1",,sun-cristal-27,SUN-EN-CR27,Couleur:color:0,Pointure:select:1,Cristal:0,0,27:1,1,,,0,,146,https://cata.meduse.co/enfants/sandales/sun/cristal/sandales-enfant-sun-cristal-cote.jpg,1,,,,,15,Sun,,sun-cristal-27,Couleur,Pointure,Cristal,10,27,10,1,12,,,,,,Sandales enfant,Enfant,Sandale,sun enfant,sun,cristal,27,,,,sunenfant
19,Sun,"Couleur:color:0, Pointure:select:1","Color:color:0, Size:select:1","Cristal:0, 28:1","Cristal:0, 28:1",,sun-cristal-28,SUN-EN-CR28,Couleur:color:0,Pointure:select:1,Cristal:0,3,28:1,1,,,0,,147,https://cata.meduse.co/enfants/sandales/sun/cristal/sandales-enfant-sun-cristal-cote.jpg,1,,,,,15,Sun,,sun-cristal-28,Couleur,Pointure,Cristal,10,28,11,1,15,,,,,,Sandales enfant,Enfant,Sandale,sun enfant,sun,cristal,28,,,,sunenfant
19,Sun,"Couleur:color:0, Pointure:select:1","Color:color:0, Size:select:1","Cristal:0, 29:1","Cristal:0, 29:1",,sun-cristal-29,SUN-EN-CR29,Couleur:color:0,Pointure:select:1,Cristal:0,3,29:1,1,,,0,,148,https://cata.meduse.co/enfants/sandales/sun/cristal/sandales-enfant-sun-cristal-cote.jpg,1,,,,,15,Sun,,sun-cristal-29,Couleur,Pointure,Cristal,10,29,12,1,15,,,,,,Sandales enfant,Enfant,Sandale,sun enfant,sun,cristal,29,,,,sunenfant
19,Sun,"Couleur:color:0, Pointure:select:1","Color:color:0, Size:select:1","Cristal:0, 30:1","Cristal:0, 30:1",,sun-cristal-30,SUN-EN-CR30,Couleur:color:0,Pointure:select:1,Cristal:0,3,30:1,1,,,0,,149,https://cata.meduse.co/enfants/sandales/sun/cristal/sandales-enfant-sun-cristal-cote.jpg,1,,,,,15,Sun,,sun-cristal-30,Couleur,Pointure,Cristal,10,30,13,1,15,,,,,,Sandales enfant,Enfant,Sandale,sun enfant,sun,cristal,30,,,,sunenfant
19,Sun,"Couleur:color:0, Pointure:select:1","Color:color:0, Size:select:1","Cristal:0, 31:1","Cristal:0, 31:1",,sun-cristal-31,SUN-EN-CR31,Couleur:color:0,Pointure:select:1,Cristal:0,3,31:1,1,,,0,,150,https://cata.meduse.co/enfants/sandales/sun/cristal/sandales-enfant-sun-cristal-cote.jpg,1,,,,,15,Sun,,sun-cristal-31,Couleur,Pointure,Cristal,10,31,14,1,15,,,,,,Sandales enfant,Enfant,Sandale,sun enfant,sun,cristal,31,,,,sunenfant
19,Sun,"Couleur:color:0, Pointure:select:1","Color:color:0, Size:select:1","Cristal:0, 32:1","Cristal:0, 32:1",,sun-cristal-32,SUN-EN-CR32,Couleur:color:0,Pointure:select:1,Cristal:0,3,32:1,1,,,0,,151,https://cata.meduse.co/enfants/sandales/sun/cristal/sandales-enfant-sun-cristal-cote.jpg,1,,,,,15,Sun,,sun-cristal-32,Couleur,Pointure,Cristal,10,32,15,1,15,,,,,,Sandales enfant,Enfant,Sandale,sun enfant,sun,cristal,32,,,,sunenfant
19,Sun,"Couleur:color:0, Pointure:select:1","Color:color:0, Size:select:1","Cristal:0, 33:1","Cristal:0, 33:1",,sun-cristal-33,SUN-EN-CR33,Couleur:color:0,Pointure:select:1,Cristal:0,3,33:1,1,,,0,,152,https://cata.meduse.co/enfants/sandales/sun/cristal/sandales-enfant-sun-cristal-cote.jpg,1,,,,,15,Sun,,sun-cristal-33,Couleur,Pointure,Cristal,10,33,16,1,15,,,,,,Sandales enfant,Enfant,Sandale,sun enfant,sun,cristal,33,,,,sunenfant
19,Sun,"Couleur:color:0, Pointure:select:1","Color:color:0, Size:select:1","Cristal:0, 34:1","Cristal:0, 34:1",,sun-cristal-34,SUN-EN-CR34,Couleur:color:0,Pointure:select:1,Cristal:0,3,34:1,1,,,0,,153,https://cata.meduse.co/enfants/sandales/sun/cristal/sandales-enfant-sun-cristal-cote.jpg,1,,,,,15,Sun,,sun-cristal-34,Couleur,Pointure,Cristal,10,34,17,1,15,,,,,,Sandales enfant,Enfant,Sandale,sun enfant,sun,cristal,34,,,,sunenfant
19,Sun,"Couleur:color:0, Pointure:select:1","Color:color:0, Size:select:1","Doré pailleté:0, 18:1","Doré pailleté:0, 18:1",,sun-doré-pailleté-18,SUN-EN-DOPA18,Couleur:color:0,Pointure:select:1,Doré pailleté:0,0,18:1,1,,,0,,154,https://cata.meduse.co/enfants/sandales/sun/dore-paillete/sandales-enfant-sun-dore-paillete-cote.jpg,1,,,,,15,Sun,,sun-doré-pailleté-18,Couleur,Pointure,Doré pailleté,11,18,1,1,12,,,,,,Sandales enfant,Enfant,Sandale,sun enfant,sun,doré,pailleté,18,,,sunenfant
19,Sun,"Couleur:color:0, Pointure:select:1","Color:color:0, Size:select:1","Doré pailleté:0, 19:1","Doré pailleté:0, 19:1",,sun-doré-pailleté-19,SUN-EN-DOPA19,Couleur:color:0,Pointure:select:1,Doré pailleté:0,0,19:1,1,,,0,,155,https://cata.meduse.co/enfants/sandales/sun/dore-paillete/sandales-enfant-sun-dore-paillete-cote.jpg,1,,,,,15,Sun,,sun-doré-pailleté-19,Couleur,Pointure,Doré pailleté,11,19,2,1,12,,,,,,Sandales enfant,Enfant,Sandale,sun enfant,sun,doré,pailleté,19,,,sunenfant
19,Sun,"Couleur:color:0, Pointure:select:1","Color:color:0, Size:select:1","Doré pailleté:0, 20:1","Doré pailleté:0, 20:1",,sun-doré-pailleté-20,SUN-EN-DOPA20,Couleur:color:0,Pointure:select:1,Doré pailleté:0,0,20:1,1,,,0,,156,https://cata.meduse.co/enfants/sandales/sun/dore-paillete/sandales-enfant-sun-dore-paillete-cote.jpg,1,,,,,15,Sun,,sun-doré-pailleté-20,Couleur,Pointure,Doré pailleté,11,20,3,1,12,,,,,,Sandales enfant,Enfant,Sandale,sun enfant,sun,doré,pailleté,20,,,sunenfant
19,Sun,"Couleur:color:0, Pointure:select:1","Color:color:0, Size:select:1","Doré pailleté:0, 21:1","Doré pailleté:0, 21:1",,sun-doré-pailleté-21,SUN-EN-DOPA21,Couleur:color:0,Pointure:select:1,Doré pailleté:0,0,21:1,1,,,0,,157,https://cata.meduse.co/enfants/sandales/sun/dore-paillete/sandales-enfant-sun-dore-paillete-cote.jpg,1,,,,,15,Sun,,sun-doré-pailleté-21,Couleur,Pointure,Doré pailleté,11,21,4,1,12,,,,,,Sandales enfant,Enfant,Sandale,sun enfant,sun,doré,pailleté,21,,,sunenfant
19,Sun,"Couleur:color:0, Pointure:select:1","Color:color:0, Size:select:1","Doré pailleté:0, 22:1","Doré pailleté:0, 22:1",,sun-doré-pailleté-22,SUN-EN-DOPA22,Couleur:color:0,Pointure:select:1,Doré pailleté:0,0,22:1,1,,,0,,158,https://cata.meduse.co/enfants/sandales/sun/dore-paillete/sandales-enfant-sun-dore-paillete-cote.jpg,1,,,,,15,Sun,,sun-doré-pailleté-22,Couleur,Pointure,Doré pailleté,11,22,5,1,12,,,,,,Sandales enfant,Enfant,Sandale,sun enfant,sun,doré,pailleté,22,,,sunenfant
19,Sun,"Couleur:color:0, Pointure:select:1","Color:color:0, Size:select:1","Doré pailleté:0, 23:1","Doré pailleté:0, 23:1",,sun-doré-pailleté-23,SUN-EN-DOPA23,Couleur:color:0,Pointure:select:1,Doré pailleté:0,0,23:1,1,,,0,,159,https://cata.meduse.co/enfants/sandales/sun/dore-paillete/sandales-enfant-sun-dore-paillete-cote.jpg,1,,,,,15,Sun,,sun-doré-pailleté-23,Couleur,Pointure,Doré pailleté,11,23,6,1,12,,,,,,Sandales enfant,Enfant,Sandale,sun enfant,sun,doré,pailleté,23,,,sunenfant
19,Sun,"Couleur:color:0, Pointure:select:1","Color:color:0, Size:select:1","Doré pailleté:0, 24:1","Doré pailleté:0, 24:1",,sun-doré-pailleté-24,SUN-EN-DOPA24,Couleur:color:0,Pointure:select:1,Doré pailleté:0,0,24:1,1,,,0,,160,https://cata.meduse.co/enfants/sandales/sun/dore-paillete/sandales-enfant-sun-dore-paillete-cote.jpg,1,,,,,15,Sun,,sun-doré-pailleté-24,Couleur,Pointure,Doré pailleté,11,24,7,1,12,,,,,,Sandales enfant,Enfant,Sandale,sun enfant,sun,doré,pailleté,24,,,sunenfant
19,Sun,"Couleur:color:0, Pointure:select:1","Color:color:0, Size:select:1","Doré pailleté:0, 25:1","Doré pailleté:0, 25:1",,sun-doré-pailleté-25,SUN-EN-DOPA25,Couleur:color:0,Pointure:select:1,Doré pailleté:0,0,25:1,1,,,0,,161,https://cata.meduse.co/enfants/sandales/sun/dore-paillete/sandales-enfant-sun-dore-paillete-cote.jpg,1,,,,,15,Sun,,sun-doré-pailleté-25,Couleur,Pointure,Doré pailleté,11,25,8,1,12,,,,,,Sandales enfant,Enfant,Sandale,sun enfant,sun,doré,pailleté,25,,,sunenfant
19,Sun,"Couleur:color:0, Pointure:select:1","Color:color:0, Size:select:1","Doré pailleté:0, 26:1","Doré pailleté:0, 26:1",,sun-doré-pailleté-26,SUN-EN-DOPA26,Couleur:color:0,Pointure:select:1,Doré pailleté:0,0,26:1,1,,,0,,162,https://cata.meduse.co/enfants/sandales/sun/dore-paillete/sandales-enfant-sun-dore-paillete-cote.jpg,1,,,,,15,Sun,,sun-doré-pailleté-26,Couleur,Pointure,Doré pailleté,11,26,9,1,12,,,,,,Sandales enfant,Enfant,Sandale,sun enfant,sun,doré,pailleté,26,,,sunenfant
19,Sun,"Couleur:color:0, Pointure:select:1","Color:color:0, Size:select:1","Doré pailleté:0, 27:1","Doré pailleté:0, 27:1",,sun-doré-pailleté-27,SUN-EN-DOPA27,Couleur:color:0,Pointure:select:1,Doré pailleté:0,0,27:1,1,,,0,,163,https://cata.meduse.co/enfants/sandales/sun/dore-paillete/sandales-enfant-sun-dore-paillete-cote.jpg,1,,,,,15,Sun,,sun-doré-pailleté-27,Couleur,Pointure,Doré pailleté,11,27,10,1,12,,,,,,Sandales enfant,Enfant,Sandale,sun enfant,sun,doré,pailleté,27,,,sunenfant
19,Sun,"Couleur:color:0, Pointure:select:1","Color:color:0, Size:select:1","Doré pailleté:0, 28:1","Doré pailleté:0, 28:1",,sun-doré-pailleté-28,SUN-EN-DOPA28,Couleur:color:0,Pointure:select:1,Doré pailleté:0,3,28:1,1,,,0,,164,https://cata.meduse.co/enfants/sandales/sun/dore-paillete/sandales-enfant-sun-dore-paillete-cote.jpg,1,,,,,15,Sun,,sun-doré-pailleté-28,Couleur,Pointure,Doré pailleté,11,28,11,1,15,,,,,,Sandales enfant,Enfant,Sandale,sun enfant,sun,doré,pailleté,28,,,sunenfant
19,Sun,"Couleur:color:0, Pointure:select:1","Color:color:0, Size:select:1","Doré pailleté:0, 29:1","Doré pailleté:0, 29:1",,sun-doré-pailleté-29,SUN-EN-DOPA29,Couleur:color:0,Pointure:select:1,Doré pailleté:0,3,29:1,1,,,0,,165,https://cata.meduse.co/enfants/sandales/sun/dore-paillete/sandales-enfant-sun-dore-paillete-cote.jpg,1,,,,,15,Sun,,sun-doré-pailleté-29,Couleur,Pointure,Doré pailleté,11,29,12,1,15,,,,,,Sandales enfant,Enfant,Sandale,sun enfant,sun,doré,pailleté,29,,,sunenfant
19,Sun,"Couleur:color:0, Pointure:select:1","Color:color:0, Size:select:1","Doré pailleté:0, 30:1","Doré pailleté:0, 30:1",,sun-doré-pailleté-30,SUN-EN-DOPA30,Couleur:color:0,Pointure:select:1,Doré pailleté:0,3,30:1,1,,,0,,166,https://cata.meduse.co/enfants/sandales/sun/dore-paillete/sandales-enfant-sun-dore-paillete-cote.jpg,1,,,,,15,Sun,,sun-doré-pailleté-30,Couleur,Pointure,Doré pailleté,11,30,13,1,15,,,,,,Sandales enfant,Enfant,Sandale,sun enfant,sun,doré,pailleté,30,,,sunenfant
19,Sun,"Couleur:color:0, Pointure:select:1","Color:color:0, Size:select:1","Doré pailleté:0, 31:1","Doré pailleté:0, 31:1",,sun-doré-pailleté-31,SUN-EN-DOPA31,Couleur:color:0,Pointure:select:1,Doré pailleté:0,3,31:1,1,,,0,,167,https://cata.meduse.co/enfants/sandales/sun/dore-paillete/sandales-enfant-sun-dore-paillete-cote.jpg,1,,,,,15,Sun,,sun-doré-pailleté-31,Couleur,Pointure,Doré pailleté,11,31,14,1,15,,,,,,Sandales enfant,Enfant,Sandale,sun enfant,sun,doré,pailleté,31,,,sunenfant
19,Sun,"Couleur:color:0, Pointure:select:1","Color:color:0, Size:select:1","Doré pailleté:0, 32:1","Doré pailleté:0, 32:1",,sun-doré-pailleté-32,SUN-EN-DOPA32,Couleur:color:0,Pointure:select:1,Doré pailleté:0,3,32:1,1,,,0,,168,https://cata.meduse.co/enfants/sandales/sun/dore-paillete/sandales-enfant-sun-dore-paillete-cote.jpg,1,,,,,15,Sun,,sun-doré-pailleté-32,Couleur,Pointure,Doré pailleté,11,32,15,1,15,,,,,,Sandales enfant,Enfant,Sandale,sun enfant,sun,doré,pailleté,32,,,sunenfant
19,Sun,"Couleur:color:0, Pointure:select:1","Color:color:0, Size:select:1","Doré pailleté:0, 33:1","Doré pailleté:0, 33:1",,sun-doré-pailleté-33,SUN-EN-DOPA33,Couleur:color:0,Pointure:select:1,Doré pailleté:0,3,33:1,1,,,0,,169,https://cata.meduse.co/enfants/sandales/sun/dore-paillete/sandales-enfant-sun-dore-paillete-cote.jpg,1,,,,,15,Sun,,sun-doré-pailleté-33,Couleur,Pointure,Doré pailleté,11,33,16,1,15,,,,,,Sandales enfant,Enfant,Sandale,sun enfant,sun,doré,pailleté,33,,,sunenfant
19,Sun,"Couleur:color:0, Pointure:select:1","Color:color:0, Size:select:1","Doré pailleté:0, 34:1","Doré pailleté:0, 34:1",,sun-doré-pailleté-34,SUN-EN-DOPA34,Couleur:color:0,Pointure:select:1,Doré pailleté:0,3,34:1,1,,,0,,170,https://cata.meduse.co/enfants/sandales/sun/dore-paillete/sandales-enfant-sun-dore-paillete-cote.jpg,1,,,,,15,Sun,,sun-doré-pailleté-34,Couleur,Pointure,Doré pailleté,11,34,17,1,15,,,,,,Sandales enfant,Enfant,Sandale,sun enfant,sun,doré,pailleté,34,,,sunenfant
19,Sun,"Couleur:color:0, Pointure:select:1","Color:color:0, Size:select:1","Fuchsia:0, 18:1","Fuchsia:0, 18:1",,sun-fuchsia-18,SUN-EN-FU18,Couleur:color:0,Pointure:select:1,Fuchsia:0,0,18:1,1,,,0,,171,https://cata.meduse.co/enfants/sandales/sun/fuchsia/sandales-enfant-sun-fuchsia-cote.jpg,1,,,,,15,Sun,,sun-fuchsia-18,Couleur,Pointure,Fuchsia,12,18,1,1,12,,,,,,Sandales enfant,Enfant,Sandale,sun enfant,sun,fuchsia,18,,,,sunenfant
19,Sun,"Couleur:color:0, Pointure:select:1","Color:color:0, Size:select:1","Fuchsia:0, 19:1","Fuchsia:0, 19:1",,sun-fuchsia-19,SUN-EN-FU19,Couleur:color:0,Pointure:select:1,Fuchsia:0,0,19:1,1,,,0,,172,https://cata.meduse.co/enfants/sandales/sun/fuchsia/sandales-enfant-sun-fuchsia-cote.jpg,1,,,,,15,Sun,,sun-fuchsia-19,Couleur,Pointure,Fuchsia,12,19,2,1,12,,,,,,Sandales enfant,Enfant,Sandale,sun enfant,sun,fuchsia,19,,,,sunenfant
19,Sun,"Couleur:color:0, Pointure:select:1","Color:color:0, Size:select:1","Fuchsia:0, 20:1","Fuchsia:0, 20:1",,sun-fuchsia-20,SUN-EN-FU20,Couleur:color:0,Pointure:select:1,Fuchsia:0,0,20:1,1,,,0,,173,https://cata.meduse.co/enfants/sandales/sun/fuchsia/sandales-enfant-sun-fuchsia-cote.jpg,1,,,,,15,Sun,,sun-fuchsia-20,Couleur,Pointure,Fuchsia,12,20,3,1,12,,,,,,Sandales enfant,Enfant,Sandale,sun enfant,sun,fuchsia,20,,,,sunenfant
19,Sun,"Couleur:color:0, Pointure:select:1","Color:color:0, Size:select:1","Fuchsia:0, 21:1","Fuchsia:0, 21:1",,sun-fuchsia-21,SUN-EN-FU21,Couleur:color:0,Pointure:select:1,Fuchsia:0,0,21:1,1,,,0,,174,https://cata.meduse.co/enfants/sandales/sun/fuchsia/sandales-enfant-sun-fuchsia-cote.jpg,1,,,,,15,Sun,,sun-fuchsia-21,Couleur,Pointure,Fuchsia,12,21,4,1,12,,,,,,Sandales enfant,Enfant,Sandale,sun enfant,sun,fuchsia,21,,,,sunenfant
19,Sun,"Couleur:color:0, Pointure:select:1","Color:color:0, Size:select:1","Fuchsia:0, 22:1","Fuchsia:0, 22:1",,sun-fuchsia-22,SUN-EN-FU22,Couleur:color:0,Pointure:select:1,Fuchsia:0,0,22:1,1,,,0,,175,https://cata.meduse.co/enfants/sandales/sun/fuchsia/sandales-enfant-sun-fuchsia-cote.jpg,1,,,,,15,Sun,,sun-fuchsia-22,Couleur,Pointure,Fuchsia,12,22,5,1,12,,,,,,Sandales enfant,Enfant,Sandale,sun enfant,sun,fuchsia,22,,,,sunenfant
19,Sun,"Couleur:color:0, Pointure:select:1","Color:color:0, Size:select:1","Fuchsia:0, 23:1","Fuchsia:0, 23:1",,sun-fuchsia-23,SUN-EN-FU23,Couleur:color:0,Pointure:select:1,Fuchsia:0,0,23:1,1,,,0,,176,https://cata.meduse.co/enfants/sandales/sun/fuchsia/sandales-enfant-sun-fuchsia-cote.jpg,1,,,,,15,Sun,,sun-fuchsia-23,Couleur,Pointure,Fuchsia,12,23,6,1,12,,,,,,Sandales enfant,Enfant,Sandale,sun enfant,sun,fuchsia,23,,,,sunenfant
19,Sun,"Couleur:color:0, Pointure:select:1","Color:color:0, Size:select:1","Fuchsia:0, 24:1","Fuchsia:0, 24:1",,sun-fuchsia-24,SUN-EN-FU24,Couleur:color:0,Pointure:select:1,Fuchsia:0,0,24:1,1,,,0,,177,https://cata.meduse.co/enfants/sandales/sun/fuchsia/sandales-enfant-sun-fuchsia-cote.jpg,1,,,,,15,Sun,,sun-fuchsia-24,Couleur,Pointure,Fuchsia,12,24,7,1,12,,,,,,Sandales enfant,Enfant,Sandale,sun enfant,sun,fuchsia,24,,,,sunenfant
19,Sun,"Couleur:color:0, Pointure:select:1","Color:color:0, Size:select:1","Fuchsia:0, 25:1","Fuchsia:0, 25:1",,sun-fuchsia-25,SUN-EN-FU25,Couleur:color:0,Pointure:select:1,Fuchsia:0,0,25:1,1,,,0,,178,https://cata.meduse.co/enfants/sandales/sun/fuchsia/sandales-enfant-sun-fuchsia-cote.jpg,1,,,,,15,Sun,,sun-fuchsia-25,Couleur,Pointure,Fuchsia,12,25,8,1,12,,,,,,Sandales enfant,Enfant,Sandale,sun enfant,sun,fuchsia,25,,,,sunenfant
19,Sun,"Couleur:color:0, Pointure:select:1","Color:color:0, Size:select:1","Fuchsia:0, 26:1","Fuchsia:0, 26:1",,sun-fuchsia-26,SUN-EN-FU26,Couleur:color:0,Pointure:select:1,Fuchsia:0,0,26:1,1,,,0,,179,https://cata.meduse.co/enfants/sandales/sun/fuchsia/sandales-enfant-sun-fuchsia-cote.jpg,1,,,,,15,Sun,,sun-fuchsia-26,Couleur,Pointure,Fuchsia,12,26,9,1,12,,,,,,Sandales enfant,Enfant,Sandale,sun enfant,sun,fuchsia,26,,,,sunenfant
19,Sun,"Couleur:color:0, Pointure:select:1","Color:color:0, Size:select:1","Fuchsia:0, 27:1","Fuchsia:0, 27:1",,sun-fuchsia-27,SUN-EN-FU27,Couleur:color:0,Pointure:select:1,Fuchsia:0,0,27:1,1,,,0,,180,https://cata.meduse.co/enfants/sandales/sun/fuchsia/sandales-enfant-sun-fuchsia-cote.jpg,1,,,,,15,Sun,,sun-fuchsia-27,Couleur,Pointure,Fuchsia,12,27,10,1,12,,,,,,Sandales enfant,Enfant,Sandale,sun enfant,sun,fuchsia,27,,,,sunenfant
19,Sun,"Couleur:color:0, Pointure:select:1","Color:color:0, Size:select:1","Fuchsia:0, 28:1","Fuchsia:0, 28:1",,sun-fuchsia-28,SUN-EN-FU28,Couleur:color:0,Pointure:select:1,Fuchsia:0,3,28:1,1,,,0,,181,https://cata.meduse.co/enfants/sandales/sun/fuchsia/sandales-enfant-sun-fuchsia-cote.jpg,1,,,,,15,Sun,,sun-fuchsia-28,Couleur,Pointure,Fuchsia,12,28,11,1,15,,,,,,Sandales enfant,Enfant,Sandale,sun enfant,sun,fuchsia,28,,,,sunenfant
19,Sun,"Couleur:color:0, Pointure:select:1","Color:color:0, Size:select:1","Fuchsia:0, 29:1","Fuchsia:0, 29:1",,sun-fuchsia-29,SUN-EN-FU29,Couleur:color:0,Pointure:select:1,Fuchsia:0,3,29:1,1,,,0,,182,https://cata.meduse.co/enfants/sandales/sun/fuchsia/sandales-enfant-sun-fuchsia-cote.jpg,1,,,,,15,Sun,,sun-fuchsia-29,Couleur,Pointure,Fuchsia,12,29,12,1,15,,,,,,Sandales enfant,Enfant,Sandale,sun enfant,sun,fuchsia,29,,,,sunenfant
19,Sun,"Couleur:color:0, Pointure:select:1","Color:color:0, Size:select:1","Fuchsia:0, 30:1","Fuchsia:0, 30:1",,sun-fuchsia-30,SUN-EN-FU30,Couleur:color:0,Pointure:select:1,Fuchsia:0,3,30:1,1,,,0,,183,https://cata.meduse.co/enfants/sandales/sun/fuchsia/sandales-enfant-sun-fuchsia-cote.jpg,1,,,,,15,Sun,,sun-fuchsia-30,Couleur,Pointure,Fuchsia,12,30,13,1,15,,,,,,Sandales enfant,Enfant,Sandale,sun enfant,sun,fuchsia,30,,,,sunenfant
19,Sun,"Couleur:color:0, Pointure:select:1","Color:color:0, Size:select:1","Fuchsia:0, 31:1","Fuchsia:0, 31:1",,sun-fuchsia-31,SUN-EN-FU31,Couleur:color:0,Pointure:select:1,Fuchsia:0,3,31:1,1,,,0,,184,https://cata.meduse.co/enfants/sandales/sun/fuchsia/sandales-enfant-sun-fuchsia-cote.jpg,1,,,,,15,Sun,,sun-fuchsia-31,Couleur,Pointure,Fuchsia,12,31,14,1,15,,,,,,Sandales enfant,Enfant,Sandale,sun enfant,sun,fuchsia,31,,,,sunenfant
19,Sun,"Couleur:color:0, Pointure:select:1","Color:color:0, Size:select:1","Fuchsia:0, 32:1","Fuchsia:0, 32:1",,sun-fuchsia-32,SUN-EN-FU32,Couleur:color:0,Pointure:select:1,Fuchsia:0,3,32:1,1,,,0,,185,https://cata.meduse.co/enfants/sandales/sun/fuchsia/sandales-enfant-sun-fuchsia-cote.jpg,1,,,,,15,Sun,,sun-fuchsia-32,Couleur,Pointure,Fuchsia,12,32,15,1,15,,,,,,Sandales enfant,Enfant,Sandale,sun enfant,sun,fuchsia,32,,,,sunenfant
19,Sun,"Couleur:color:0, Pointure:select:1","Color:color:0, Size:select:1","Fuchsia:0, 33:1","Fuchsia:0, 33:1",,sun-fuchsia-33,SUN-EN-FU33,Couleur:color:0,Pointure:select:1,Fuchsia:0,3,33:1,1,,,0,,186,https://cata.meduse.co/enfants/sandales/sun/fuchsia/sandales-enfant-sun-fuchsia-cote.jpg,1,,,,,15,Sun,,sun-fuchsia-33,Couleur,Pointure,Fuchsia,12,33,16,1,15,,,,,,Sandales enfant,Enfant,Sandale,sun enfant,sun,fuchsia,33,,,,sunenfant
19,Sun,"Couleur:color:0, Pointure:select:1","Color:color:0, Size:select:1","Fuchsia:0, 34:1","Fuchsia:0, 34:1",,sun-fuchsia-34,SUN-EN-FU34,Couleur:color:0,Pointure:select:1,Fuchsia:0,3,34:1,1,,,0,,187,https://cata.meduse.co/enfants/sandales/sun/fuchsia/sandales-enfant-sun-fuchsia-cote.jpg,1,,,,,15,Sun,,sun-fuchsia-34,Couleur,Pointure,Fuchsia,12,34,17,1,15,,,,,,Sandales enfant,Enfant,Sandale,sun enfant,sun,fuchsia,34,,,,sunenfant
19,Sun,"Couleur:color:0, Pointure:select:1","Color:color:0, Size:select:1","Groseille:0, 18:1","Groseille:0, 18:1",,sun-groseille-18,SUN-EN-GR18,Couleur:color:0,Pointure:select:1,Groseille:0,0,18:1,1,,,0,,188,https://cata.meduse.co/enfants/sandales/sun/groseille/sandales-enfant-sun-groseille-cote.jpg,1,,,,,15,Sun,,sun-groseille-18,Couleur,Pointure,Groseille,13,18,1,1,12,,,,,,Sandales enfant,Enfant,Sandale,sun enfant,sun,groseille,18,,,,sunenfant
19,Sun,"Couleur:color:0, Pointure:select:1","Color:color:0, Size:select:1","Groseille:0, 19:1","Groseille:0, 19:1",,sun-groseille-19,SUN-EN-GR19,Couleur:color:0,Pointure:select:1,Groseille:0,0,19:1,1,,,0,,189,https://cata.meduse.co/enfants/sandales/sun/groseille/sandales-enfant-sun-groseille-cote.jpg,1,,,,,15,Sun,,sun-groseille-19,Couleur,Pointure,Groseille,13,19,2,1,12,,,,,,Sandales enfant,Enfant,Sandale,sun enfant,sun,groseille,19,,,,sunenfant
19,Sun,"Couleur:color:0, Pointure:select:1","Color:color:0, Size:select:1","Groseille:0, 20:1","Groseille:0, 20:1",,sun-groseille-20,SUN-EN-GR20,Couleur:color:0,Pointure:select:1,Groseille:0,0,20:1,1,,,0,,190,https://cata.meduse.co/enfants/sandales/sun/groseille/sandales-enfant-sun-groseille-cote.jpg,1,,,,,15,Sun,,sun-groseille-20,Couleur,Pointure,Groseille,13,20,3,1,12,,,,,,Sandales enfant,Enfant,Sandale,sun enfant,sun,groseille,20,,,,sunenfant
19,Sun,"Couleur:color:0, Pointure:select:1","Color:color:0, Size:select:1","Groseille:0, 21:1","Groseille:0, 21:1",,sun-groseille-21,SUN-EN-GR21,Couleur:color:0,Pointure:select:1,Groseille:0,0,21:1,1,,,0,,191,https://cata.meduse.co/enfants/sandales/sun/groseille/sandales-enfant-sun-groseille-cote.jpg,1,,,,,15,Sun,,sun-groseille-21,Couleur,Pointure,Groseille,13,21,4,1,12,,,,,,Sandales enfant,Enfant,Sandale,sun enfant,sun,groseille,21,,,,sunenfant
19,Sun,"Couleur:color:0, Pointure:select:1","Color:color:0, Size:select:1","Groseille:0, 22:1","Groseille:0, 22:1",,sun-groseille-22,SUN-EN-GR22,Couleur:color:0,Pointure:select:1,Groseille:0,0,22:1,1,,,0,,192,https://cata.meduse.co/enfants/sandales/sun/groseille/sandales-enfant-sun-groseille-cote.jpg,1,,,,,15,Sun,,sun-groseille-22,Couleur,Pointure,Groseille,13,22,5,1,12,,,,,,Sandales enfant,Enfant,Sandale,sun enfant,sun,groseille,22,,,,sunenfant
19,Sun,"Couleur:color:0, Pointure:select:1","Color:color:0, Size:select:1","Groseille:0, 23:1","Groseille:0, 23:1",,sun-groseille-23,SUN-EN-GR23,Couleur:color:0,Pointure:select:1,Groseille:0,0,23:1,1,,,0,,193,https://cata.meduse.co/enfants/sandales/sun/groseille/sandales-enfant-sun-groseille-cote.jpg,1,,,,,15,Sun,,sun-groseille-23,Couleur,Pointure,Groseille,13,23,6,1,12,,,,,,Sandales enfant,Enfant,Sandale,sun enfant,sun,groseille,23,,,,sunenfant
19,Sun,"Couleur:color:0, Pointure:select:1","Color:color:0, Size:select:1","Groseille:0, 24:1","Groseille:0, 24:1",,sun-groseille-24,SUN-EN-GR24,Couleur:color:0,Pointure:select:1,Groseille:0,0,24:1,1,,,0,,194,https://cata.meduse.co/enfants/sandales/sun/groseille/sandales-enfant-sun-groseille-cote.jpg,1,,,,,15,Sun,,sun-groseille-24,Couleur,Pointure,Groseille,13,24,7,1,12,,,,,,Sandales enfant,Enfant,Sandale,sun enfant,sun,groseille,24,,,,sunenfant
19,Sun,"Couleur:color:0, Pointure:select:1","Color:color:0, Size:select:1","Groseille:0, 25:1","Groseille:0, 25:1",,sun-groseille-25,SUN-EN-GR25,Couleur:color:0,Pointure:select:1,Groseille:0,0,25:1,1,,,0,,195,https://cata.meduse.co/enfants/sandales/sun/groseille/sandales-enfant-sun-groseille-cote.jpg,1,,,,,15,Sun,,sun-groseille-25,Couleur,Pointure,Groseille,13,25,8,1,12,,,,,,Sandales enfant,Enfant,Sandale,sun enfant,sun,groseille,25,,,,sunenfant
19,Sun,"Couleur:color:0, Pointure:select:1","Color:color:0, Size:select:1","Groseille:0, 26:1","Groseille:0, 26:1",,sun-groseille-26,SUN-EN-GR26,Couleur:color:0,Pointure:select:1,Groseille:0,0,26:1,1,,,0,,196,https://cata.meduse.co/enfants/sandales/sun/groseille/sandales-enfant-sun-groseille-cote.jpg,1,,,,,15,Sun,,sun-groseille-26,Couleur,Pointure,Groseille,13,26,9,1,12,,,,,,Sandales enfant,Enfant,Sandale,sun enfant,sun,groseille,26,,,,sunenfant
19,Sun,"Couleur:color:0, Pointure:select:1","Color:color:0, Size:select:1","Groseille:0, 27:1","Groseille:0, 27:1",,sun-groseille-27,SUN-EN-GR27,Couleur:color:0,Pointure:select:1,Groseille:0,0,27:1,1,,,0,,197,https://cata.meduse.co/enfants/sandales/sun/groseille/sandales-enfant-sun-groseille-cote.jpg,1,,,,,15,Sun,,sun-groseille-27,Couleur,Pointure,Groseille,13,27,10,1,12,,,,,,Sandales enfant,Enfant,Sandale,sun enfant,sun,groseille,27,,,,sunenfant
19,Sun,"Couleur:color:0, Pointure:select:1","Color:color:0, Size:select:1","Groseille:0, 28:1","Groseille:0, 28:1",,sun-groseille-28,SUN-EN-GR28,Couleur:color:0,Pointure:select:1,Groseille:0,3,28:1,1,,,0,,198,https://cata.meduse.co/enfants/sandales/sun/groseille/sandales-enfant-sun-groseille-cote.jpg,1,,,,,15,Sun,,sun-groseille-28,Couleur,Pointure,Groseille,13,28,11,1,15,,,,,,Sandales enfant,Enfant,Sandale,sun enfant,sun,groseille,28,,,,sunenfant
19,Sun,"Couleur:color:0, Pointure:select:1","Color:color:0, Size:select:1","Groseille:0, 29:1","Groseille:0, 29:1",,sun-groseille-29,SUN-EN-GR29,Couleur:color:0,Pointure:select:1,Groseille:0,3,29:1,1,,,0,,199,https://cata.meduse.co/enfants/sandales/sun/groseille/sandales-enfant-sun-groseille-cote.jpg,1,,,,,15,Sun,,sun-groseille-29,Couleur,Pointure,Groseille,13,29,12,1,15,,,,,,Sandales enfant,Enfant,Sandale,sun enfant,sun,groseille,29,,,,sunenfant
19,Sun,"Couleur:color:0, Pointure:select:1","Color:color:0, Size:select:1","Groseille:0, 30:1","Groseille:0, 30:1",,sun-groseille-30,SUN-EN-GR30,Couleur:color:0,Pointure:select:1,Groseille:0,3,30:1,1,,,0,,200,https://cata.meduse.co/enfants/sandales/sun/groseille/sandales-enfant-sun-groseille-cote.jpg,1,,,,,15,Sun,,sun-groseille-30,Couleur,Pointure,Groseille,13,30,13,1,15,,,,,,Sandales enfant,Enfant,Sandale,sun enfant,sun,groseille,30,,,,sunenfant
19,Sun,"Couleur:color:0, Pointure:select:1","Color:color:0, Size:select:1","Groseille:0, 31:1","Groseille:0, 31:1",,sun-groseille-31,SUN-EN-GR31,Couleur:color:0,Pointure:select:1,Groseille:0,3,31:1,1,,,0,,201,https://cata.meduse.co/enfants/sandales/sun/groseille/sandales-enfant-sun-groseille-cote.jpg,1,,,,,15,Sun,,sun-groseille-31,Couleur,Pointure,Groseille,13,31,14,1,15,,,,,,Sandales enfant,Enfant,Sandale,sun enfant,sun,groseille,31,,,,sunenfant
19,Sun,"Couleur:color:0, Pointure:select:1","Color:color:0, Size:select:1","Groseille:0, 32:1","Groseille:0, 32:1",,sun-groseille-32,SUN-EN-GR32,Couleur:color:0,Pointure:select:1,Groseille:0,3,32:1,1,,,0,,202,https://cata.meduse.co/enfants/sandales/sun/groseille/sandales-enfant-sun-groseille-cote.jpg,1,,,,,15,Sun,,sun-groseille-32,Couleur,Pointure,Groseille,13,32,15,1,15,,,,,,Sandales enfant,Enfant,Sandale,sun enfant,sun,groseille,32,,,,sunenfant
19,Sun,"Couleur:color:0, Pointure:select:1","Color:color:0, Size:select:1","Groseille:0, 33:1","Groseille:0, 33:1",,sun-groseille-33,SUN-EN-GR33,Couleur:color:0,Pointure:select:1,Groseille:0,3,33:1,1,,,0,,203,https://cata.meduse.co/enfants/sandales/sun/groseille/sandales-enfant-sun-groseille-cote.jpg,1,,,,,15,Sun,,sun-groseille-33,Couleur,Pointure,Groseille,13,33,16,1,15,,,,,,Sandales enfant,Enfant,Sandale,sun enfant,sun,groseille,33,,,,sunenfant
19,Sun,"Couleur:color:0, Pointure:select:1","Color:color:0, Size:select:1","Groseille:0, 34:1","Groseille:0, 34:1",,sun-groseille-34,SUN-EN-GR34,Couleur:color:0,Pointure:select:1,Groseille:0,3,34:1,1,,,0,,204,https://cata.meduse.co/enfants/sandales/sun/groseille/sandales-enfant-sun-groseille-cote.jpg,1,,,,,15,Sun,,sun-groseille-34,Couleur,Pointure,Groseille,13,34,17,1,15,,,,,,Sandales enfant,Enfant,Sandale,sun enfant,sun,groseille,34,,,,sunenfant
19,Sun,"Couleur:color:0, Pointure:select:1","Color:color:0, Size:select:1","Lagon:0, 18:1","Lagon:0, 18:1",,sun-lagon-18,SUN-EN-LA18,Couleur:color:0,Pointure:select:1,Lagon:0,0,18:1,1,,,0,,205,https://cata.meduse.co/enfants/sandales/sun/lagon/sandales-enfant-sun-lagon-cote.jpg,1,,,,,15,Sun,,sun-lagon-18,Couleur,Pointure,Lagon,14,18,1,1,12,,,,,,Sandales enfant,Enfant,Sandale,sun enfant,sun,lagon,18,,,,sunenfant
19,Sun,"Couleur:color:0, Pointure:select:1","Color:color:0, Size:select:1","Lagon:0, 19:1","Lagon:0, 19:1",,sun-lagon-19,SUN-EN-LA19,Couleur:color:0,Pointure:select:1,Lagon:0,0,19:1,1,,,0,,206,https://cata.meduse.co/enfants/sandales/sun/lagon/sandales-enfant-sun-lagon-cote.jpg,1,,,,,15,Sun,,sun-lagon-19,Couleur,Pointure,Lagon,14,19,2,1,12,,,,,,Sandales enfant,Enfant,Sandale,sun enfant,sun,lagon,19,,,,sunenfant
19,Sun,"Couleur:color:0, Pointure:select:1","Color:color:0, Size:select:1","Lagon:0, 20:1","Lagon:0, 20:1",,sun-lagon-20,SUN-EN-LA20,Couleur:color:0,Pointure:select:1,Lagon:0,0,20:1,1,,,0,,207,https://cata.meduse.co/enfants/sandales/sun/lagon/sandales-enfant-sun-lagon-cote.jpg,1,,,,,15,Sun,,sun-lagon-20,Couleur,Pointure,Lagon,14,20,3,1,12,,,,,,Sandales enfant,Enfant,Sandale,sun enfant,sun,lagon,20,,,,sunenfant
19,Sun,"Couleur:color:0, Pointure:select:1","Color:color:0, Size:select:1","Lagon:0, 21:1","Lagon:0, 21:1",,sun-lagon-21,SUN-EN-LA21,Couleur:color:0,Pointure:select:1,Lagon:0,0,21:1,1,,,0,,208,https://cata.meduse.co/enfants/sandales/sun/lagon/sandales-enfant-sun-lagon-cote.jpg,1,,,,,15,Sun,,sun-lagon-21,Couleur,Pointure,Lagon,14,21,4,1,12,,,,,,Sandales enfant,Enfant,Sandale,sun enfant,sun,lagon,21,,,,sunenfant
19,Sun,"Couleur:color:0, Pointure:select:1","Color:color:0, Size:select:1","Lagon:0, 22:1","Lagon:0, 22:1",,sun-lagon-22,SUN-EN-LA22,Couleur:color:0,Pointure:select:1,Lagon:0,0,22:1,1,,,0,,209,https://cata.meduse.co/enfants/sandales/sun/lagon/sandales-enfant-sun-lagon-cote.jpg,1,,,,,15,Sun,,sun-lagon-22,Couleur,Pointure,Lagon,14,22,5,1,12,,,,,,Sandales enfant,Enfant,Sandale,sun enfant,sun,lagon,22,,,,sunenfant
19,Sun,"Couleur:color:0, Pointure:select:1","Color:color:0, Size:select:1","Lagon:0, 23:1","Lagon:0, 23:1",,sun-lagon-23,SUN-EN-LA23,Couleur:color:0,Pointure:select:1,Lagon:0,0,23:1,1,,,0,,210,https://cata.meduse.co/enfants/sandales/sun/lagon/sandales-enfant-sun-lagon-cote.jpg,1,,,,,15,Sun,,sun-lagon-23,Couleur,Pointure,Lagon,14,23,6,1,12,,,,,,Sandales enfant,Enfant,Sandale,sun enfant,sun,lagon,23,,,,sunenfant
19,Sun,"Couleur:color:0, Pointure:select:1","Color:color:0, Size:select:1","Lagon:0, 24:1","Lagon:0, 24:1",,sun-lagon-24,SUN-EN-LA24,Couleur:color:0,Pointure:select:1,Lagon:0,0,24:1,1,,,0,,211,https://cata.meduse.co/enfants/sandales/sun/lagon/sandales-enfant-sun-lagon-cote.jpg,1,,,,,15,Sun,,sun-lagon-24,Couleur,Pointure,Lagon,14,24,7,1,12,,,,,,Sandales enfant,Enfant,Sandale,sun enfant,sun,lagon,24,,,,sunenfant
19,Sun,"Couleur:color:0, Pointure:select:1","Color:color:0, Size:select:1","Lagon:0, 25:1","Lagon:0, 25:1",,sun-lagon-25,SUN-EN-LA25,Couleur:color:0,Pointure:select:1,Lagon:0,0,25:1,1,,,0,,212,https://cata.meduse.co/enfants/sandales/sun/lagon/sandales-enfant-sun-lagon-cote.jpg,1,,,,,15,Sun,,sun-lagon-25,Couleur,Pointure,Lagon,14,25,8,1,12,,,,,,Sandales enfant,Enfant,Sandale,sun enfant,sun,lagon,25,,,,sunenfant
19,Sun,"Couleur:color:0, Pointure:select:1","Color:color:0, Size:select:1","Lagon:0, 26:1","Lagon:0, 26:1",,sun-lagon-26,SUN-EN-LA26,Couleur:color:0,Pointure:select:1,Lagon:0,0,26:1,1,,,0,,213,https://cata.meduse.co/enfants/sandales/sun/lagon/sandales-enfant-sun-lagon-cote.jpg,1,,,,,15,Sun,,sun-lagon-26,Couleur,Pointure,Lagon,14,26,9,1,12,,,,,,Sandales enfant,Enfant,Sandale,sun enfant,sun,lagon,26,,,,sunenfant
19,Sun,"Couleur:color:0, Pointure:select:1","Color:color:0, Size:select:1","Lagon:0, 27:1","Lagon:0, 27:1",,sun-lagon-27,SUN-EN-LA27,Couleur:color:0,Pointure:select:1,Lagon:0,0,27:1,1,,,0,,214,https://cata.meduse.co/enfants/sandales/sun/lagon/sandales-enfant-sun-lagon-cote.jpg,1,,,,,15,Sun,,sun-lagon-27,Couleur,Pointure,Lagon,14,27,10,1,12,,,,,,Sandales enfant,Enfant,Sandale,sun enfant,sun,lagon,27,,,,sunenfant
19,Sun,"Couleur:color:0, Pointure:select:1","Color:color:0, Size:select:1","Lagon:0, 28:1","Lagon:0, 28:1",,sun-lagon-28,SUN-EN-LA28,Couleur:color:0,Pointure:select:1,Lagon:0,3,28:1,1,,,0,,215,https://cata.meduse.co/enfants/sandales/sun/lagon/sandales-enfant-sun-lagon-cote.jpg,1,,,,,15,Sun,,sun-lagon-28,Couleur,Pointure,Lagon,14,28,11,1,15,,,,,,Sandales enfant,Enfant,Sandale,sun enfant,sun,lagon,28,,,,sunenfant
19,Sun,"Couleur:color:0, Pointure:select:1","Color:color:0, Size:select:1","Lagon:0, 29:1","Lagon:0, 29:1",,sun-lagon-29,SUN-EN-LA29,Couleur:color:0,Pointure:select:1,Lagon:0,3,29:1,1,,,0,,216,https://cata.meduse.co/enfants/sandales/sun/lagon/sandales-enfant-sun-lagon-cote.jpg,1,,,,,15,Sun,,sun-lagon-29,Couleur,Pointure,Lagon,14,29,12,1,15,,,,,,Sandales enfant,Enfant,Sandale,sun enfant,sun,lagon,29,,,,sunenfant
19,Sun,"Couleur:color:0, Pointure:select:1","Color:color:0, Size:select:1","Lagon:0, 30:1","Lagon:0, 30:1",,sun-lagon-30,SUN-EN-LA30,Couleur:color:0,Pointure:select:1,Lagon:0,3,30:1,1,,,0,,217,https://cata.meduse.co/enfants/sandales/sun/lagon/sandales-enfant-sun-lagon-cote.jpg,1,,,,,15,Sun,,sun-lagon-30,Couleur,Pointure,Lagon,14,30,13,1,15,,,,,,Sandales enfant,Enfant,Sandale,sun enfant,sun,lagon,30,,,,sunenfant
19,Sun,"Couleur:color:0, Pointure:select:1","Color:color:0, Size:select:1","Lagon:0, 31:1","Lagon:0, 31:1",,sun-lagon-31,SUN-EN-LA31,Couleur:color:0,Pointure:select:1,Lagon:0,3,31:1,1,,,0,,218,https://cata.meduse.co/enfants/sandales/sun/lagon/sandales-enfant-sun-lagon-cote.jpg,1,,,,,15,Sun,,sun-lagon-31,Couleur,Pointure,Lagon,14,31,14,1,15,,,,,,Sandales enfant,Enfant,Sandale,sun enfant,sun,lagon,31,,,,sunenfant
19,Sun,"Couleur:color:0, Pointure:select:1","Color:color:0, Size:select:1","Lagon:0, 32:1","Lagon:0, 32:1",,sun-lagon-32,SUN-EN-LA32,Couleur:color:0,Pointure:select:1,Lagon:0,3,32:1,1,,,0,,219,https://cata.meduse.co/enfants/sandales/sun/lagon/sandales-enfant-sun-lagon-cote.jpg,1,,,,,15,Sun,,sun-lagon-32,Couleur,Pointure,Lagon,14,32,15,1,15,,,,,,Sandales enfant,Enfant,Sandale,sun enfant,sun,lagon,32,,,,sunenfant
19,Sun,"Couleur:color:0, Pointure:select:1","Color:color:0, Size:select:1","Lagon:0, 33:1","Lagon:0, 33:1",,sun-lagon-33,SUN-EN-LA33,Couleur:color:0,Pointure:select:1,Lagon:0,3,33:1,1,,,0,,220,https://cata.meduse.co/enfants/sandales/sun/lagon/sandales-enfant-sun-lagon-cote.jpg,1,,,,,15,Sun,,sun-lagon-33,Couleur,Pointure,Lagon,14,33,16,1,15,,,,,,Sandales enfant,Enfant,Sandale,sun enfant,sun,lagon,33,,,,sunenfant
19,Sun,"Couleur:color:0, Pointure:select:1","Color:color:0, Size:select:1","Lagon:0, 34:1","Lagon:0, 34:1",,sun-lagon-34,SUN-EN-LA34,Couleur:color:0,Pointure:select:1,Lagon:0,3,34:1,1,,,0,,221,https://cata.meduse.co/enfants/sandales/sun/lagon/sandales-enfant-sun-lagon-cote.jpg,1,,,,,15,Sun,,sun-lagon-34,Couleur,Pointure,Lagon,14,34,17,1,15,,,,,,Sandales enfant,Enfant,Sandale,sun enfant,sun,lagon,34,,,,sunenfant
19,Sun,"Couleur:color:0, Pointure:select:1","Color:color:0, Size:select:1","Marine:0, 18:1","Marine:0, 18:1",,sun-marine-18,SUN-EN-MA18,Couleur:color:0,Pointure:select:1,Marine:0,0,18:1,1,,,0,,222,https://cata.meduse.co/enfants/sandales/sun/marine/sandales-enfant-sun-marine-cote.jpg,1,,,,,15,Sun,,sun-marine-18,Couleur,Pointure,Marine,15,18,1,1,12,,,,,,Sandales enfant,Enfant,Sandale,sun enfant,sun,marine,18,,,,sunenfant
19,Sun,"Couleur:color:0, Pointure:select:1","Color:color:0, Size:select:1","Marine:0, 19:1","Marine:0, 19:1",,sun-marine-19,SUN-EN-MA19,Couleur:color:0,Pointure:select:1,Marine:0,0,19:1,1,,,0,,223,https://cata.meduse.co/enfants/sandales/sun/marine/sandales-enfant-sun-marine-cote.jpg,1,,,,,15,Sun,,sun-marine-19,Couleur,Pointure,Marine,15,19,2,1,12,,,,,,Sandales enfant,Enfant,Sandale,sun enfant,sun,marine,19,,,,sunenfant
19,Sun,"Couleur:color:0, Pointure:select:1","Color:color:0, Size:select:1","Marine:0, 20:1","Marine:0, 20:1",,sun-marine-20,SUN-EN-MA20,Couleur:color:0,Pointure:select:1,Marine:0,0,20:1,1,,,0,,224,https://cata.meduse.co/enfants/sandales/sun/marine/sandales-enfant-sun-marine-cote.jpg,1,,,,,15,Sun,,sun-marine-20,Couleur,Pointure,Marine,15,20,3,1,12,,,,,,Sandales enfant,Enfant,Sandale,sun enfant,sun,marine,20,,,,sunenfant
19,Sun,"Couleur:color:0, Pointure:select:1","Color:color:0, Size:select:1","Marine:0, 21:1","Marine:0, 21:1",,sun-marine-21,SUN-EN-MA21,Couleur:color:0,Pointure:select:1,Marine:0,0,21:1,1,,,0,,225,https://cata.meduse.co/enfants/sandales/sun/marine/sandales-enfant-sun-marine-cote.jpg,1,,,,,15,Sun,,sun-marine-21,Couleur,Pointure,Marine,15,21,4,1,12,,,,,,Sandales enfant,Enfant,Sandale,sun enfant,sun,marine,21,,,,sunenfant
19,Sun,"Couleur:color:0, Pointure:select:1","Color:color:0, Size:select:1","Marine:0, 22:1","Marine:0, 22:1",,sun-marine-22,SUN-EN-MA22,Couleur:color:0,Pointure:select:1,Marine:0,0,22:1,1,,,0,,226,https://cata.meduse.co/enfants/sandales/sun/marine/sandales-enfant-sun-marine-cote.jpg,1,,,,,15,Sun,,sun-marine-22,Couleur,Pointure,Marine,15,22,5,1,12,,,,,,Sandales enfant,Enfant,Sandale,sun enfant,sun,marine,22,,,,sunenfant
19,Sun,"Couleur:color:0, Pointure:select:1","Color:color:0, Size:select:1","Marine:0, 23:1","Marine:0, 23:1",,sun-marine-23,SUN-EN-MA23,Couleur:color:0,Pointure:select:1,Marine:0,0,23:1,1,,,0,,227,https://cata.meduse.co/enfants/sandales/sun/marine/sandales-enfant-sun-marine-cote.jpg,1,,,,,15,Sun,,sun-marine-23,Couleur,Pointure,Marine,15,23,6,1,12,,,,,,Sandales enfant,Enfant,Sandale,sun enfant,sun,marine,23,,,,sunenfant
19,Sun,"Couleur:color:0, Pointure:select:1","Color:color:0, Size:select:1","Marine:0, 24:1","Marine:0, 24:1",,sun-marine-24,SUN-EN-MA24,Couleur:color:0,Pointure:select:1,Marine:0,0,24:1,1,,,0,,228,https://cata.meduse.co/enfants/sandales/sun/marine/sandales-enfant-sun-marine-cote.jpg,1,,,,,15,Sun,,sun-marine-24,Couleur,Pointure,Marine,15,24,7,1,12,,,,,,Sandales enfant,Enfant,Sandale,sun enfant,sun,marine,24,,,,sunenfant
19,Sun,"Couleur:color:0, Pointure:select:1","Color:color:0, Size:select:1","Marine:0, 25:1","Marine:0, 25:1",,sun-marine-25,SUN-EN-MA25,Couleur:color:0,Pointure:select:1,Marine:0,0,25:1,1,,,0,,229,https://cata.meduse.co/enfants/sandales/sun/marine/sandales-enfant-sun-marine-cote.jpg,1,,,,,15,Sun,,sun-marine-25,Couleur,Pointure,Marine,15,25,8,1,12,,,,,,Sandales enfant,Enfant,Sandale,sun enfant,sun,marine,25,,,,sunenfant
19,Sun,"Couleur:color:0, Pointure:select:1","Color:color:0, Size:select:1","Marine:0, 26:1","Marine:0, 26:1",,sun-marine-26,SUN-EN-MA26,Couleur:color:0,Pointure:select:1,Marine:0,0,26:1,1,,,0,,230,https://cata.meduse.co/enfants/sandales/sun/marine/sandales-enfant-sun-marine-cote.jpg,1,,,,,15,Sun,,sun-marine-26,Couleur,Pointure,Marine,15,26,9,1,12,,,,,,Sandales enfant,Enfant,Sandale,sun enfant,sun,marine,26,,,,sunenfant
19,Sun,"Couleur:color:0, Pointure:select:1","Color:color:0, Size:select:1","Marine:0, 27:1","Marine:0, 27:1",,sun-marine-27,SUN-EN-MA27,Couleur:color:0,Pointure:select:1,Marine:0,0,27:1,1,,,0,,231,https://cata.meduse.co/enfants/sandales/sun/marine/sandales-enfant-sun-marine-cote.jpg,1,,,,,15,Sun,,sun-marine-27,Couleur,Pointure,Marine,15,27,10,1,12,,,,,,Sandales enfant,Enfant,Sandale,sun enfant,sun,marine,27,,,,sunenfant
19,Sun,"Couleur:color:0, Pointure:select:1","Color:color:0, Size:select:1","Marine:0, 28:1","Marine:0, 28:1",,sun-marine-28,SUN-EN-MA28,Couleur:color:0,Pointure:select:1,Marine:0,3,28:1,1,,,0,,232,https://cata.meduse.co/enfants/sandales/sun/marine/sandales-enfant-sun-marine-cote.jpg,1,,,,,15,Sun,,sun-marine-28,Couleur,Pointure,Marine,15,28,11,1,15,,,,,,Sandales enfant,Enfant,Sandale,sun enfant,sun,marine,28,,,,sunenfant
19,Sun,"Couleur:color:0, Pointure:select:1","Color:color:0, Size:select:1","Marine:0, 29:1","Marine:0, 29:1",,sun-marine-29,SUN-EN-MA29,Couleur:color:0,Pointure:select:1,Marine:0,3,29:1,1,,,0,,233,https://cata.meduse.co/enfants/sandales/sun/marine/sandales-enfant-sun-marine-cote.jpg,1,,,,,15,Sun,,sun-marine-29,Couleur,Pointure,Marine,15,29,12,1,15,,,,,,Sandales enfant,Enfant,Sandale,sun enfant,sun,marine,29,,,,sunenfant
19,Sun,"Couleur:color:0, Pointure:select:1","Color:color:0, Size:select:1","Marine:0, 30:1","Marine:0, 30:1",,sun-marine-30,SUN-EN-MA30,Couleur:color:0,Pointure:select:1,Marine:0,3,30:1,1,,,0,,234,https://cata.meduse.co/enfants/sandales/sun/marine/sandales-enfant-sun-marine-cote.jpg,1,,,,,15,Sun,,sun-marine-30,Couleur,Pointure,Marine,15,30,13,1,15,,,,,,Sandales enfant,Enfant,Sandale,sun enfant,sun,marine,30,,,,sunenfant
19,Sun,"Couleur:color:0, Pointure:select:1","Color:color:0, Size:select:1","Marine:0, 31:1","Marine:0, 31:1",,sun-marine-31,SUN-EN-MA31,Couleur:color:0,Pointure:select:1,Marine:0,3,31:1,1,,,0,,235,https://cata.meduse.co/enfants/sandales/sun/marine/sandales-enfant-sun-marine-cote.jpg,1,,,,,15,Sun,,sun-marine-31,Couleur,Pointure,Marine,15,31,14,1,15,,,,,,Sandales enfant,Enfant,Sandale,sun enfant,sun,marine,31,,,,sunenfant
19,Sun,"Couleur:color:0, Pointure:select:1","Color:color:0, Size:select:1","Marine:0, 32:1","Marine:0, 32:1",,sun-marine-32,SUN-EN-MA32,Couleur:color:0,Pointure:select:1,Marine:0,3,32:1,1,,,0,,236,https://cata.meduse.co/enfants/sandales/sun/marine/sandales-enfant-sun-marine-cote.jpg,1,,,,,15,Sun,,sun-marine-32,Couleur,Pointure,Marine,15,32,15,1,15,,,,,,Sandales enfant,Enfant,Sandale,sun enfant,sun,marine,32,,,,sunenfant
19,Sun,"Couleur:color:0, Pointure:select:1","Color:color:0, Size:select:1","Marine:0, 33:1","Marine:0, 33:1",,sun-marine-33,SUN-EN-MA33,Couleur:color:0,Pointure:select:1,Marine:0,3,33:1,1,,,0,,237,https://cata.meduse.co/enfants/sandales/sun/marine/sandales-enfant-sun-marine-cote.jpg,1,,,,,15,Sun,,sun-marine-33,Couleur,Pointure,Marine,15,33,16,1,15,,,,,,Sandales enfant,Enfant,Sandale,sun enfant,sun,marine,33,,,,sunenfant
19,Sun,"Couleur:color:0, Pointure:select:1","Color:color:0, Size:select:1","Marine:0, 34:1","Marine:0, 34:1",,sun-marine-34,SUN-EN-MA34,Couleur:color:0,Pointure:select:1,Marine:0,3,34:1,1,,,0,,238,https://cata.meduse.co/enfants/sandales/sun/marine/sandales-enfant-sun-marine-cote.jpg,1,,,,,15,Sun,,sun-marine-34,Couleur,Pointure,Marine,15,34,17,1,15,,,,,,Sandales enfant,Enfant,Sandale,sun enfant,sun,marine,34,,,,sunenfant
19,Sun,"Couleur:color:0, Pointure:select:1","Color:color:0, Size:select:1","Menthe:0, 18:1","Menthe:0, 18:1",,sun-menthe-18,SUN-EN-ME18,Couleur:color:0,Pointure:select:1,Menthe:0,0,18:1,1,,,0,,239,https://cata.meduse.co/enfants/sandales/sun/menthe/sandales-enfant-sun-menthe-cote.jpg,1,,,,,15,Sun,,sun-menthe-18,Couleur,Pointure,Menthe,16,18,1,1,12,,,,,,Sandales enfant,Enfant,Sandale,sun enfant,sun,menthe,18,,,,sunenfant
19,Sun,"Couleur:color:0, Pointure:select:1","Color:color:0, Size:select:1","Menthe:0, 19:1","Menthe:0, 19:1",,sun-menthe-19,SUN-EN-ME19,Couleur:color:0,Pointure:select:1,Menthe:0,0,19:1,1,,,0,,240,https://cata.meduse.co/enfants/sandales/sun/menthe/sandales-enfant-sun-menthe-cote.jpg,1,,,,,15,Sun,,sun-menthe-19,Couleur,Pointure,Menthe,16,19,2,1,12,,,,,,Sandales enfant,Enfant,Sandale,sun enfant,sun,menthe,19,,,,sunenfant
19,Sun,"Couleur:color:0, Pointure:select:1","Color:color:0, Size:select:1","Menthe:0, 20:1","Menthe:0, 20:1",,sun-menthe-20,SUN-EN-ME20,Couleur:color:0,Pointure:select:1,Menthe:0,0,20:1,1,,,0,,241,https://cata.meduse.co/enfants/sandales/sun/menthe/sandales-enfant-sun-menthe-cote.jpg,1,,,,,15,Sun,,sun-menthe-20,Couleur,Pointure,Menthe,16,20,3,1,12,,,,,,Sandales enfant,Enfant,Sandale,sun enfant,sun,menthe,20,,,,sunenfant
19,Sun,"Couleur:color:0, Pointure:select:1","Color:color:0, Size:select:1","Menthe:0, 21:1","Menthe:0, 21:1",,sun-menthe-21,SUN-EN-ME21,Couleur:color:0,Pointure:select:1,Menthe:0,0,21:1,1,,,0,,242,https://cata.meduse.co/enfants/sandales/sun/menthe/sandales-enfant-sun-menthe-cote.jpg,1,,,,,15,Sun,,sun-menthe-21,Couleur,Pointure,Menthe,16,21,4,1,12,,,,,,Sandales enfant,Enfant,Sandale,sun enfant,sun,menthe,21,,,,sunenfant
19,Sun,"Couleur:color:0, Pointure:select:1","Color:color:0, Size:select:1","Menthe:0, 22:1","Menthe:0, 22:1",,sun-menthe-22,SUN-EN-ME22,Couleur:color:0,Pointure:select:1,Menthe:0,0,22:1,1,,,0,,243,https://cata.meduse.co/enfants/sandales/sun/menthe/sandales-enfant-sun-menthe-cote.jpg,1,,,,,15,Sun,,sun-menthe-22,Couleur,Pointure,Menthe,16,22,5,1,12,,,,,,Sandales enfant,Enfant,Sandale,sun enfant,sun,menthe,22,,,,sunenfant
19,Sun,"Couleur:color:0, Pointure:select:1","Color:color:0, Size:select:1","Menthe:0, 23:1","Menthe:0, 23:1",,sun-menthe-23,SUN-EN-ME23,Couleur:color:0,Pointure:select:1,Menthe:0,0,23:1,1,,,0,,244,https://cata.meduse.co/enfants/sandales/sun/menthe/sandales-enfant-sun-menthe-cote.jpg,1,,,,,15,Sun,,sun-menthe-23,Couleur,Pointure,Menthe,16,23,6,1,12,,,,,,Sandales enfant,Enfant,Sandale,sun enfant,sun,menthe,23,,,,sunenfant
19,Sun,"Couleur:color:0, Pointure:select:1","Color:color:0, Size:select:1","Menthe:0, 24:1","Menthe:0, 24:1",,sun-menthe-24,SUN-EN-ME24,Couleur:color:0,Pointure:select:1,Menthe:0,0,24:1,1,,,0,,245,https://cata.meduse.co/enfants/sandales/sun/menthe/sandales-enfant-sun-menthe-cote.jpg,1,,,,,15,Sun,,sun-menthe-24,Couleur,Pointure,Menthe,16,24,7,1,12,,,,,,Sandales enfant,Enfant,Sandale,sun enfant,sun,menthe,24,,,,sunenfant
19,Sun,"Couleur:color:0, Pointure:select:1","Color:color:0, Size:select:1","Menthe:0, 25:1","Menthe:0, 25:1",,sun-menthe-25,SUN-EN-ME25,Couleur:color:0,Pointure:select:1,Menthe:0,0,25:1,1,,,0,,246,https://cata.meduse.co/enfants/sandales/sun/menthe/sandales-enfant-sun-menthe-cote.jpg,1,,,,,15,Sun,,sun-menthe-25,Couleur,Pointure,Menthe,16,25,8,1,12,,,,,,Sandales enfant,Enfant,Sandale,sun enfant,sun,menthe,25,,,,sunenfant
19,Sun,"Couleur:color:0, Pointure:select:1","Color:color:0, Size:select:1","Menthe:0, 26:1","Menthe:0, 26:1",,sun-menthe-26,SUN-EN-ME26,Couleur:color:0,Pointure:select:1,Menthe:0,0,26:1,1,,,0,,247,https://cata.meduse.co/enfants/sandales/sun/menthe/sandales-enfant-sun-menthe-cote.jpg,1,,,,,15,Sun,,sun-menthe-26,Couleur,Pointure,Menthe,16,26,9,1,12,,,,,,Sandales enfant,Enfant,Sandale,sun enfant,sun,menthe,26,,,,sunenfant
19,Sun,"Couleur:color:0, Pointure:select:1","Color:color:0, Size:select:1","Menthe:0, 27:1","Menthe:0, 27:1",,sun-menthe-27,SUN-EN-ME27,Couleur:color:0,Pointure:select:1,Menthe:0,0,27:1,1,,,0,,248,https://cata.meduse.co/enfants/sandales/sun/menthe/sandales-enfant-sun-menthe-cote.jpg,1,,,,,15,Sun,,sun-menthe-27,Couleur,Pointure,Menthe,16,27,10,1,12,,,,,,Sandales enfant,Enfant,Sandale,sun enfant,sun,menthe,27,,,,sunenfant
19,Sun,"Couleur:color:0, Pointure:select:1","Color:color:0, Size:select:1","Menthe:0, 28:1","Menthe:0, 28:1",,sun-menthe-28,SUN-EN-ME28,Couleur:color:0,Pointure:select:1,Menthe:0,3,28:1,1,,,0,,249,https://cata.meduse.co/enfants/sandales/sun/menthe/sandales-enfant-sun-menthe-cote.jpg,1,,,,,15,Sun,,sun-menthe-28,Couleur,Pointure,Menthe,16,28,11,1,15,,,,,,Sandales enfant,Enfant,Sandale,sun enfant,sun,menthe,28,,,,sunenfant
19,Sun,"Couleur:color:0, Pointure:select:1","Color:color:0, Size:select:1","Menthe:0, 29:1","Menthe:0, 29:1",,sun-menthe-29,SUN-EN-ME29,Couleur:color:0,Pointure:select:1,Menthe:0,3,29:1,1,,,0,,250,https://cata.meduse.co/enfants/sandales/sun/menthe/sandales-enfant-sun-menthe-cote.jpg,1,,,,,15,Sun,,sun-menthe-29,Couleur,Pointure,Menthe,16,29,12,1,15,,,,,,Sandales enfant,Enfant,Sandale,sun enfant,sun,menthe,29,,,,sunenfant
19,Sun,"Couleur:color:0, Pointure:select:1","Color:color:0, Size:select:1","Menthe:0, 30:1","Menthe:0, 30:1",,sun-menthe-30,SUN-EN-ME30,Couleur:color:0,Pointure:select:1,Menthe:0,3,30:1,1,,,0,,251,https://cata.meduse.co/enfants/sandales/sun/menthe/sandales-enfant-sun-menthe-cote.jpg,1,,,,,15,Sun,,sun-menthe-30,Couleur,Pointure,Menthe,16,30,13,1,15,,,,,,Sandales enfant,Enfant,Sandale,sun enfant,sun,menthe,30,,,,sunenfant
19,Sun,"Couleur:color:0, Pointure:select:1","Color:color:0, Size:select:1","Menthe:0, 31:1","Menthe:0, 31:1",,sun-menthe-31,SUN-EN-ME31,Couleur:color:0,Pointure:select:1,Menthe:0,3,31:1,1,,,0,,252,https://cata.meduse.co/enfants/sandales/sun/menthe/sandales-enfant-sun-menthe-cote.jpg,1,,,,,15,Sun,,sun-menthe-31,Couleur,Pointure,Menthe,16,31,14,1,15,,,,,,Sandales enfant,Enfant,Sandale,sun enfant,sun,menthe,31,,,,sunenfant
19,Sun,"Couleur:color:0, Pointure:select:1","Color:color:0, Size:select:1","Menthe:0, 32:1","Menthe:0, 32:1",,sun-menthe-32,SUN-EN-ME32,Couleur:color:0,Pointure:select:1,Menthe:0,3,32:1,1,,,0,,253,https://cata.meduse.co/enfants/sandales/sun/menthe/sandales-enfant-sun-menthe-cote.jpg,1,,,,,15,Sun,,sun-menthe-32,Couleur,Pointure,Menthe,16,32,15,1,15,,,,,,Sandales enfant,Enfant,Sandale,sun enfant,sun,menthe,32,,,,sunenfant
19,Sun,"Couleur:color:0, Pointure:select:1","Color:color:0, Size:select:1","Menthe:0, 33:1","Menthe:0, 33:1",,sun-menthe-33,SUN-EN-ME33,Couleur:color:0,Pointure:select:1,Menthe:0,3,33:1,1,,,0,,254,https://cata.meduse.co/enfants/sandales/sun/menthe/sandales-enfant-sun-menthe-cote.jpg,1,,,,,15,Sun,,sun-menthe-33,Couleur,Pointure,Menthe,16,33,16,1,15,,,,,,Sandales enfant,Enfant,Sandale,sun enfant,sun,menthe,33,,,,sunenfant
19,Sun,"Couleur:color:0, Pointure:select:1","Color:color:0, Size:select:1","Menthe:0, 34:1","Menthe:0, 34:1",,sun-menthe-34,SUN-EN-ME34,Couleur:color:0,Pointure:select:1,Menthe:0,3,34:1,1,,,0,,255,https://cata.meduse.co/enfants/sandales/sun/menthe/sandales-enfant-sun-menthe-cote.jpg,1,,,,,15,Sun,,sun-menthe-34,Couleur,Pointure,Menthe,16,34,17,1,15,,,,,,Sandales enfant,Enfant,Sandale,sun enfant,sun,menthe,34,,,,sunenfant
19,Sun,"Couleur:color:0, Pointure:select:1","Color:color:0, Size:select:1","Noir:0, 18:1","Noir:0, 18:1",,sun-noir-18,SUN-EN-NO18,Couleur:color:0,Pointure:select:1,Noir:0,0,18:1,1,,,0,,256,https://cata.meduse.co/enfants/sandales/sun/noir/sandales-enfant-sun-noir-cote.jpg,1,,,,,15,Sun,,sun-noir-18,Couleur,Pointure,Noir,18,18,1,1,12,,,,,,Sandales enfant,Enfant,Sandale,sun enfant,sun,noir,18,,,,sunenfant
19,Sun,"Couleur:color:0, Pointure:select:1","Color:color:0, Size:select:1","Noir:0, 19:1","Noir:0, 19:1",,sun-noir-19,SUN-EN-NO19,Couleur:color:0,Pointure:select:1,Noir:0,0,19:1,1,,,0,,257,https://cata.meduse.co/enfants/sandales/sun/noir/sandales-enfant-sun-noir-cote.jpg,1,,,,,15,Sun,,sun-noir-19,Couleur,Pointure,Noir,18,19,2,1,12,,,,,,Sandales enfant,Enfant,Sandale,sun enfant,sun,noir,19,,,,sunenfant
19,Sun,"Couleur:color:0, Pointure:select:1","Color:color:0, Size:select:1","Noir:0, 20:1","Noir:0, 20:1",,sun-noir-20,SUN-EN-NO20,Couleur:color:0,Pointure:select:1,Noir:0,0,20:1,1,,,0,,258,https://cata.meduse.co/enfants/sandales/sun/noir/sandales-enfant-sun-noir-cote.jpg,1,,,,,15,Sun,,sun-noir-20,Couleur,Pointure,Noir,18,20,3,1,12,,,,,,Sandales enfant,Enfant,Sandale,sun enfant,sun,noir,20,,,,sunenfant
19,Sun,"Couleur:color:0, Pointure:select:1","Color:color:0, Size:select:1","Noir:0, 21:1","Noir:0, 21:1",,sun-noir-21,SUN-EN-NO21,Couleur:color:0,Pointure:select:1,Noir:0,0,21:1,1,,,0,,259,https://cata.meduse.co/enfants/sandales/sun/noir/sandales-enfant-sun-noir-cote.jpg,1,,,,,15,Sun,,sun-noir-21,Couleur,Pointure,Noir,18,21,4,1,12,,,,,,Sandales enfant,Enfant,Sandale,sun enfant,sun,noir,21,,,,sunenfant
19,Sun,"Couleur:color:0, Pointure:select:1","Color:color:0, Size:select:1","Noir:0, 22:1","Noir:0, 22:1",,sun-noir-22,SUN-EN-NO22,Couleur:color:0,Pointure:select:1,Noir:0,0,22:1,1,,,0,,260,https://cata.meduse.co/enfants/sandales/sun/noir/sandales-enfant-sun-noir-cote.jpg,1,,,,,15,Sun,,sun-noir-22,Couleur,Pointure,Noir,18,22,5,1,12,,,,,,Sandales enfant,Enfant,Sandale,sun enfant,sun,noir,22,,,,sunenfant
19,Sun,"Couleur:color:0, Pointure:select:1","Color:color:0, Size:select:1","Noir:0, 23:1","Noir:0, 23:1",,sun-noir-23,SUN-EN-NO23,Couleur:color:0,Pointure:select:1,Noir:0,0,23:1,1,,,0,,261,https://cata.meduse.co/enfants/sandales/sun/noir/sandales-enfant-sun-noir-cote.jpg,1,,,,,15,Sun,,sun-noir-23,Couleur,Pointure,Noir,18,23,6,1,12,,,,,,Sandales enfant,Enfant,Sandale,sun enfant,sun,noir,23,,,,sunenfant
19,Sun,"Couleur:color:0, Pointure:select:1","Color:color:0, Size:select:1","Noir:0, 24:1","Noir:0, 24:1",,sun-noir-24,SUN-EN-NO24,Couleur:color:0,Pointure:select:1,Noir:0,0,24:1,1,,,0,,262,https://cata.meduse.co/enfants/sandales/sun/noir/sandales-enfant-sun-noir-cote.jpg,1,,,,,15,Sun,,sun-noir-24,Couleur,Pointure,Noir,18,24,7,1,12,,,,,,Sandales enfant,Enfant,Sandale,sun enfant,sun,noir,24,,,,sunenfant
19,Sun,"Couleur:color:0, Pointure:select:1","Color:color:0, Size:select:1","Noir:0, 25:1","Noir:0, 25:1",,sun-noir-25,SUN-EN-NO25,Couleur:color:0,Pointure:select:1,Noir:0,0,25:1,1,,,0,,263,https://cata.meduse.co/enfants/sandales/sun/noir/sandales-enfant-sun-noir-cote.jpg,1,,,,,15,Sun,,sun-noir-25,Couleur,Pointure,Noir,18,25,8,1,12,,,,,,Sandales enfant,Enfant,Sandale,sun enfant,sun,noir,25,,,,sunenfant
19,Sun,"Couleur:color:0, Pointure:select:1","Color:color:0, Size:select:1","Noir:0, 26:1","Noir:0, 26:1",,sun-noir-26,SUN-EN-NO26,Couleur:color:0,Pointure:select:1,Noir:0,0,26:1,1,,,0,,264,https://cata.meduse.co/enfants/sandales/sun/noir/sandales-enfant-sun-noir-cote.jpg,1,,,,,15,Sun,,sun-noir-26,Couleur,Pointure,Noir,18,26,9,1,12,,,,,,Sandales enfant,Enfant,Sandale,sun enfant,sun,noir,26,,,,sunenfant
19,Sun,"Couleur:color:0, Pointure:select:1","Color:color:0, Size:select:1","Noir:0, 27:1","Noir:0, 27:1",,sun-noir-27,SUN-EN-NO27,Couleur:color:0,Pointure:select:1,Noir:0,0,27:1,1,,,0,,265,https://cata.meduse.co/enfants/sandales/sun/noir/sandales-enfant-sun-noir-cote.jpg,1,,,,,15,Sun,,sun-noir-27,Couleur,Pointure,Noir,18,27,10,1,12,,,,,,Sandales enfant,Enfant,Sandale,sun enfant,sun,noir,27,,,,sunenfant
19,Sun,"Couleur:color:0, Pointure:select:1","Color:color:0, Size:select:1","Noir:0, 28:1","Noir:0, 28:1",,sun-noir-28,SUN-EN-NO28,Couleur:color:0,Pointure:select:1,Noir:0,3,28:1,1,,,0,,266,https://cata.meduse.co/enfants/sandales/sun/noir/sandales-enfant-sun-noir-cote.jpg,1,,,,,15,Sun,,sun-noir-28,Couleur,Pointure,Noir,18,28,11,1,15,,,,,,Sandales enfant,Enfant,Sandale,sun enfant,sun,noir,28,,,,sunenfant
19,Sun,"Couleur:color:0, Pointure:select:1","Color:color:0, Size:select:1","Noir:0, 29:1","Noir:0, 29:1",,sun-noir-29,SUN-EN-NO29,Couleur:color:0,Pointure:select:1,Noir:0,3,29:1,1,,,0,,267,https://cata.meduse.co/enfants/sandales/sun/noir/sandales-enfant-sun-noir-cote.jpg,1,,,,,15,Sun,,sun-noir-29,Couleur,Pointure,Noir,18,29,12,1,15,,,,,,Sandales enfant,Enfant,Sandale,sun enfant,sun,noir,29,,,,sunenfant
19,Sun,"Couleur:color:0, Pointure:select:1","Color:color:0, Size:select:1","Noir:0, 30:1","Noir:0, 30:1",,sun-noir-30,SUN-EN-NO30,Couleur:color:0,Pointure:select:1,Noir:0,3,30:1,1,,,0,,268,https://cata.meduse.co/enfants/sandales/sun/noir/sandales-enfant-sun-noir-cote.jpg,1,,,,,15,Sun,,sun-noir-30,Couleur,Pointure,Noir,18,30,13,1,15,,,,,,Sandales enfant,Enfant,Sandale,sun enfant,sun,noir,30,,,,sunenfant
19,Sun,"Couleur:color:0, Pointure:select:1","Color:color:0, Size:select:1","Noir:0, 31:1","Noir:0, 31:1",,sun-noir-31,SUN-EN-NO31,Couleur:color:0,Pointure:select:1,Noir:0,3,31:1,1,,,0,,269,https://cata.meduse.co/enfants/sandales/sun/noir/sandales-enfant-sun-noir-cote.jpg,1,,,,,15,Sun,,sun-noir-31,Couleur,Pointure,Noir,18,31,14,1,15,,,,,,Sandales enfant,Enfant,Sandale,sun enfant,sun,noir,31,,,,sunenfant
19,Sun,"Couleur:color:0, Pointure:select:1","Color:color:0, Size:select:1","Noir:0, 32:1","Noir:0, 32:1",,sun-noir-32,SUN-EN-NO32,Couleur:color:0,Pointure:select:1,Noir:0,3,32:1,1,,,0,,270,https://cata.meduse.co/enfants/sandales/sun/noir/sandales-enfant-sun-noir-cote.jpg,1,,,,,15,Sun,,sun-noir-32,Couleur,Pointure,Noir,18,32,15,1,15,,,,,,Sandales enfant,Enfant,Sandale,sun enfant,sun,noir,32,,,,sunenfant
19,Sun,"Couleur:color:0, Pointure:select:1","Color:color:0, Size:select:1","Noir:0, 33:1","Noir:0, 33:1",,sun-noir-33,SUN-EN-NO33,Couleur:color:0,Pointure:select:1,Noir:0,3,33:1,1,,,0,,271,https://cata.meduse.co/enfants/sandales/sun/noir/sandales-enfant-sun-noir-cote.jpg,1,,,,,15,Sun,,sun-noir-33,Couleur,Pointure,Noir,18,33,16,1,15,,,,,,Sandales enfant,Enfant,Sandale,sun enfant,sun,noir,33,,,,sunenfant
19,Sun,"Couleur:color:0, Pointure:select:1","Color:color:0, Size:select:1","Noir:0, 34:1","Noir:0, 34:1",,sun-noir-34,SUN-EN-NO34,Couleur:color:0,Pointure:select:1,Noir:0,3,34:1,1,,,0,,272,https://cata.meduse.co/enfants/sandales/sun/noir/sandales-enfant-sun-noir-cote.jpg,1,,,,,15,Sun,,sun-noir-34,Couleur,Pointure,Noir,18,34,17,1,15,,,,,,Sandales enfant,Enfant,Sandale,sun enfant,sun,noir,34,,,,sunenfant
19,Sun,"Couleur:color:0, Pointure:select:1","Color:color:0, Size:select:1","Nuage:0, 18:1","Nuage:0, 18:1",,sun-nuage-18,SUN-EN-NU18,Couleur:color:0,Pointure:select:1,Nuage:0,0,18:1,1,,,0,,273,https://cata.meduse.co/enfants/sandales/sun/nuage/sandales-enfant-sun-nuage-cote.jpg,1,,,,,15,Sun,,sun-nuage-18,Couleur,Pointure,Nuage,19,18,1,1,12,,,,,,Sandales enfant,Enfant,Sandale,sun enfant,sun,nuage,18,,,,sunenfant
19,Sun,"Couleur:color:0, Pointure:select:1","Color:color:0, Size:select:1","Nuage:0, 19:1","Nuage:0, 19:1",,sun-nuage-19,SUN-EN-NU19,Couleur:color:0,Pointure:select:1,Nuage:0,0,19:1,1,,,0,,274,https://cata.meduse.co/enfants/sandales/sun/nuage/sandales-enfant-sun-nuage-cote.jpg,1,,,,,15,Sun,,sun-nuage-19,Couleur,Pointure,Nuage,19,19,2,1,12,,,,,,Sandales enfant,Enfant,Sandale,sun enfant,sun,nuage,19,,,,sunenfant
19,Sun,"Couleur:color:0, Pointure:select:1","Color:color:0, Size:select:1","Nuage:0, 20:1","Nuage:0, 20:1",,sun-nuage-20,SUN-EN-NU20,Couleur:color:0,Pointure:select:1,Nuage:0,0,20:1,1,,,0,,275,https://cata.meduse.co/enfants/sandales/sun/nuage/sandales-enfant-sun-nuage-cote.jpg,1,,,,,15,Sun,,sun-nuage-20,Couleur,Pointure,Nuage,19,20,3,1,12,,,,,,Sandales enfant,Enfant,Sandale,sun enfant,sun,nuage,20,,,,sunenfant
19,Sun,"Couleur:color:0, Pointure:select:1","Color:color:0, Size:select:1","Nuage:0, 21:1","Nuage:0, 21:1",,sun-nuage-21,SUN-EN-NU21,Couleur:color:0,Pointure:select:1,Nuage:0,0,21:1,1,,,0,,276,https://cata.meduse.co/enfants/sandales/sun/nuage/sandales-enfant-sun-nuage-cote.jpg,1,,,,,15,Sun,,sun-nuage-21,Couleur,Pointure,Nuage,19,21,4,1,12,,,,,,Sandales enfant,Enfant,Sandale,sun enfant,sun,nuage,21,,,,sunenfant
19,Sun,"Couleur:color:0, Pointure:select:1","Color:color:0, Size:select:1","Nuage:0, 22:1","Nuage:0, 22:1",,sun-nuage-22,SUN-EN-NU22,Couleur:color:0,Pointure:select:1,Nuage:0,0,22:1,1,,,0,,277,https://cata.meduse.co/enfants/sandales/sun/nuage/sandales-enfant-sun-nuage-cote.jpg,1,,,,,15,Sun,,sun-nuage-22,Couleur,Pointure,Nuage,19,22,5,1,12,,,,,,Sandales enfant,Enfant,Sandale,sun enfant,sun,nuage,22,,,,sunenfant
19,Sun,"Couleur:color:0, Pointure:select:1","Color:color:0, Size:select:1","Nuage:0, 23:1","Nuage:0, 23:1",,sun-nuage-23,SUN-EN-NU23,Couleur:color:0,Pointure:select:1,Nuage:0,0,23:1,1,,,0,,278,https://cata.meduse.co/enfants/sandales/sun/nuage/sandales-enfant-sun-nuage-cote.jpg,1,,,,,15,Sun,,sun-nuage-23,Couleur,Pointure,Nuage,19,23,6,1,12,,,,,,Sandales enfant,Enfant,Sandale,sun enfant,sun,nuage,23,,,,sunenfant
19,Sun,"Couleur:color:0, Pointure:select:1","Color:color:0, Size:select:1","Nuage:0, 24:1","Nuage:0, 24:1",,sun-nuage-24,SUN-EN-NU24,Couleur:color:0,Pointure:select:1,Nuage:0,0,24:1,1,,,0,,279,https://cata.meduse.co/enfants/sandales/sun/nuage/sandales-enfant-sun-nuage-cote.jpg,1,,,,,15,Sun,,sun-nuage-24,Couleur,Pointure,Nuage,19,24,7,1,12,,,,,,Sandales enfant,Enfant,Sandale,sun enfant,sun,nuage,24,,,,sunenfant
19,Sun,"Couleur:color:0, Pointure:select:1","Color:color:0, Size:select:1","Nuage:0, 25:1","Nuage:0, 25:1",,sun-nuage-25,SUN-EN-NU25,Couleur:color:0,Pointure:select:1,Nuage:0,0,25:1,1,,,0,,280,https://cata.meduse.co/enfants/sandales/sun/nuage/sandales-enfant-sun-nuage-cote.jpg,1,,,,,15,Sun,,sun-nuage-25,Couleur,Pointure,Nuage,19,25,8,1,12,,,,,,Sandales enfant,Enfant,Sandale,sun enfant,sun,nuage,25,,,,sunenfant
19,Sun,"Couleur:color:0, Pointure:select:1","Color:color:0, Size:select:1","Nuage:0, 26:1","Nuage:0, 26:1",,sun-nuage-26,SUN-EN-NU26,Couleur:color:0,Pointure:select:1,Nuage:0,0,26:1,1,,,0,,281,https://cata.meduse.co/enfants/sandales/sun/nuage/sandales-enfant-sun-nuage-cote.jpg,1,,,,,15,Sun,,sun-nuage-26,Couleur,Pointure,Nuage,19,26,9,1,12,,,,,,Sandales enfant,Enfant,Sandale,sun enfant,sun,nuage,26,,,,sunenfant
19,Sun,"Couleur:color:0, Pointure:select:1","Color:color:0, Size:select:1","Nuage:0, 27:1","Nuage:0, 27:1",,sun-nuage-27,SUN-EN-NU27,Couleur:color:0,Pointure:select:1,Nuage:0,0,27:1,1,,,0,,282,https://cata.meduse.co/enfants/sandales/sun/nuage/sandales-enfant-sun-nuage-cote.jpg,1,,,,,15,Sun,,sun-nuage-27,Couleur,Pointure,Nuage,19,27,10,1,12,,,,,,Sandales enfant,Enfant,Sandale,sun enfant,sun,nuage,27,,,,sunenfant
19,Sun,"Couleur:color:0, Pointure:select:1","Color:color:0, Size:select:1","Nuage:0, 28:1","Nuage:0, 28:1",,sun-nuage-28,SUN-EN-NU28,Couleur:color:0,Pointure:select:1,Nuage:0,3,28:1,1,,,0,,283,https://cata.meduse.co/enfants/sandales/sun/nuage/sandales-enfant-sun-nuage-cote.jpg,1,,,,,15,Sun,,sun-nuage-28,Couleur,Pointure,Nuage,19,28,11,1,15,,,,,,Sandales enfant,Enfant,Sandale,sun enfant,sun,nuage,28,,,,sunenfant
19,Sun,"Couleur:color:0, Pointure:select:1","Color:color:0, Size:select:1","Nuage:0, 29:1","Nuage:0, 29:1",,sun-nuage-29,SUN-EN-NU29,Couleur:color:0,Pointure:select:1,Nuage:0,3,29:1,1,,,0,,284,https://cata.meduse.co/enfants/sandales/sun/nuage/sandales-enfant-sun-nuage-cote.jpg,1,,,,,15,Sun,,sun-nuage-29,Couleur,Pointure,Nuage,19,29,12,1,15,,,,,,Sandales enfant,Enfant,Sandale,sun enfant,sun,nuage,29,,,,sunenfant
19,Sun,"Couleur:color:0, Pointure:select:1","Color:color:0, Size:select:1","Nuage:0, 30:1","Nuage:0, 30:1",,sun-nuage-30,SUN-EN-NU30,Couleur:color:0,Pointure:select:1,Nuage:0,3,30:1,1,,,0,,285,https://cata.meduse.co/enfants/sandales/sun/nuage/sandales-enfant-sun-nuage-cote.jpg,1,,,,,15,Sun,,sun-nuage-30,Couleur,Pointure,Nuage,19,30,13,1,15,,,,,,Sandales enfant,Enfant,Sandale,sun enfant,sun,nuage,30,,,,sunenfant
19,Sun,"Couleur:color:0, Pointure:select:1","Color:color:0, Size:select:1","Nuage:0, 31:1","Nuage:0, 31:1",,sun-nuage-31,SUN-EN-NU31,Couleur:color:0,Pointure:select:1,Nuage:0,3,31:1,1,,,0,,286,https://cata.meduse.co/enfants/sandales/sun/nuage/sandales-enfant-sun-nuage-cote.jpg,1,,,,,15,Sun,,sun-nuage-31,Couleur,Pointure,Nuage,19,31,14,1,15,,,,,,Sandales enfant,Enfant,Sandale,sun enfant,sun,nuage,31,,,,sunenfant
19,Sun,"Couleur:color:0, Pointure:select:1","Color:color:0, Size:select:1","Nuage:0, 32:1","Nuage:0, 32:1",,sun-nuage-32,SUN-EN-NU32,Couleur:color:0,Pointure:select:1,Nuage:0,3,32:1,1,,,0,,287,https://cata.meduse.co/enfants/sandales/sun/nuage/sandales-enfant-sun-nuage-cote.jpg,1,,,,,15,Sun,,sun-nuage-32,Couleur,Pointure,Nuage,19,32,15,1,15,,,,,,Sandales enfant,Enfant,Sandale,sun enfant,sun,nuage,32,,,,sunenfant
19,Sun,"Couleur:color:0, Pointure:select:1","Color:color:0, Size:select:1","Nuage:0, 33:1","Nuage:0, 33:1",,sun-nuage-33,SUN-EN-NU33,Couleur:color:0,Pointure:select:1,Nuage:0,3,33:1,1,,,0,,288,https://cata.meduse.co/enfants/sandales/sun/nuage/sandales-enfant-sun-nuage-cote.jpg,1,,,,,15,Sun,,sun-nuage-33,Couleur,Pointure,Nuage,19,33,16,1,15,,,,,,Sandales enfant,Enfant,Sandale,sun enfant,sun,nuage,33,,,,sunenfant
19,Sun,"Couleur:color:0, Pointure:select:1","Color:color:0, Size:select:1","Nuage:0, 34:1","Nuage:0, 34:1",,sun-nuage-34,SUN-EN-NU34,Couleur:color:0,Pointure:select:1,Nuage:0,3,34:1,1,,,0,,289,https://cata.meduse.co/enfants/sandales/sun/nuage/sandales-enfant-sun-nuage-cote.jpg,1,,,,,15,Sun,,sun-nuage-34,Couleur,Pointure,Nuage,19,34,17,1,15,,,,,,Sandales enfant,Enfant,Sandale,sun enfant,sun,nuage,34,,,,sunenfant
19,Sun,"Couleur:color:0, Pointure:select:1","Color:color:0, Size:select:1","Parme:0, 18:1","Parme:0, 18:1",,sun-parme-18,SUN-EN-PA18,Couleur:color:0,Pointure:select:1,Parme:0,0,18:1,1,,,0,,290,https://cata.meduse.co/enfants/sandales/sun/parme/sandales-enfant-sun-parme-cote.jpg,1,,,,,15,Sun,,sun-parme-18,Couleur,Pointure,Parme,21,18,1,1,12,,,,,,Sandales enfant,Enfant,Sandale,sun enfant,sun,parme,18,,,,sunenfant
19,Sun,"Couleur:color:0, Pointure:select:1","Color:color:0, Size:select:1","Parme:0, 19:1","Parme:0, 19:1",,sun-parme-19,SUN-EN-PA19,Couleur:color:0,Pointure:select:1,Parme:0,0,19:1,1,,,0,,291,https://cata.meduse.co/enfants/sandales/sun/parme/sandales-enfant-sun-parme-cote.jpg,1,,,,,15,Sun,,sun-parme-19,Couleur,Pointure,Parme,21,19,2,1,12,,,,,,Sandales enfant,Enfant,Sandale,sun enfant,sun,parme,19,,,,sunenfant
19,Sun,"Couleur:color:0, Pointure:select:1","Color:color:0, Size:select:1","Parme:0, 20:1","Parme:0, 20:1",,sun-parme-20,SUN-EN-PA20,Couleur:color:0,Pointure:select:1,Parme:0,0,20:1,1,,,0,,292,https://cata.meduse.co/enfants/sandales/sun/parme/sandales-enfant-sun-parme-cote.jpg,1,,,,,15,Sun,,sun-parme-20,Couleur,Pointure,Parme,21,20,3,1,12,,,,,,Sandales enfant,Enfant,Sandale,sun enfant,sun,parme,20,,,,sunenfant
19,Sun,"Couleur:color:0, Pointure:select:1","Color:color:0, Size:select:1","Parme:0, 21:1","Parme:0, 21:1",,sun-parme-21,SUN-EN-PA21,Couleur:color:0,Pointure:select:1,Parme:0,0,21:1,1,,,0,,293,https://cata.meduse.co/enfants/sandales/sun/parme/sandales-enfant-sun-parme-cote.jpg,1,,,,,15,Sun,,sun-parme-21,Couleur,Pointure,Parme,21,21,4,1,12,,,,,,Sandales enfant,Enfant,Sandale,sun enfant,sun,parme,21,,,,sunenfant
19,Sun,"Couleur:color:0, Pointure:select:1","Color:color:0, Size:select:1","Parme:0, 22:1","Parme:0, 22:1",,sun-parme-22,SUN-EN-PA22,Couleur:color:0,Pointure:select:1,Parme:0,0,22:1,1,,,0,,294,https://cata.meduse.co/enfants/sandales/sun/parme/sandales-enfant-sun-parme-cote.jpg,1,,,,,15,Sun,,sun-parme-22,Couleur,Pointure,Parme,21,22,5,1,12,,,,,,Sandales enfant,Enfant,Sandale,sun enfant,sun,parme,22,,,,sunenfant
19,Sun,"Couleur:color:0, Pointure:select:1","Color:color:0, Size:select:1","Parme:0, 23:1","Parme:0, 23:1",,sun-parme-23,SUN-EN-PA23,Couleur:color:0,Pointure:select:1,Parme:0,0,23:1,1,,,0,,295,https://cata.meduse.co/enfants/sandales/sun/parme/sandales-enfant-sun-parme-cote.jpg,1,,,,,15,Sun,,sun-parme-23,Couleur,Pointure,Parme,21,23,6,1,12,,,,,,Sandales enfant,Enfant,Sandale,sun enfant,sun,parme,23,,,,sunenfant
19,Sun,"Couleur:color:0, Pointure:select:1","Color:color:0, Size:select:1","Parme:0, 24:1","Parme:0, 24:1",,sun-parme-24,SUN-EN-PA24,Couleur:color:0,Pointure:select:1,Parme:0,0,24:1,1,,,0,,296,https://cata.meduse.co/enfants/sandales/sun/parme/sandales-enfant-sun-parme-cote.jpg,1,,,,,15,Sun,,sun-parme-24,Couleur,Pointure,Parme,21,24,7,1,12,,,,,,Sandales enfant,Enfant,Sandale,sun enfant,sun,parme,24,,,,sunenfant
19,Sun,"Couleur:color:0, Pointure:select:1","Color:color:0, Size:select:1","Parme:0, 25:1","Parme:0, 25:1",,sun-parme-25,SUN-EN-PA25,Couleur:color:0,Pointure:select:1,Parme:0,0,25:1,1,,,0,,297,https://cata.meduse.co/enfants/sandales/sun/parme/sandales-enfant-sun-parme-cote.jpg,1,,,,,15,Sun,,sun-parme-25,Couleur,Pointure,Parme,21,25,8,1,12,,,,,,Sandales enfant,Enfant,Sandale,sun enfant,sun,parme,25,,,,sunenfant
19,Sun,"Couleur:color:0, Pointure:select:1","Color:color:0, Size:select:1","Parme:0, 26:1","Parme:0, 26:1",,sun-parme-26,SUN-EN-PA26,Couleur:color:0,Pointure:select:1,Parme:0,0,26:1,1,,,0,,298,https://cata.meduse.co/enfants/sandales/sun/parme/sandales-enfant-sun-parme-cote.jpg,1,,,,,15,Sun,,sun-parme-26,Couleur,Pointure,Parme,21,26,9,1,12,,,,,,Sandales enfant,Enfant,Sandale,sun enfant,sun,parme,26,,,,sunenfant
19,Sun,"Couleur:color:0, Pointure:select:1","Color:color:0, Size:select:1","Parme:0, 27:1","Parme:0, 27:1",,sun-parme-27,SUN-EN-PA27,Couleur:color:0,Pointure:select:1,Parme:0,0,27:1,1,,,0,,299,https://cata.meduse.co/enfants/sandales/sun/parme/sandales-enfant-sun-parme-cote.jpg,1,,,,,15,Sun,,sun-parme-27,Couleur,Pointure,Parme,21,27,10,1,12,,,,,,Sandales enfant,Enfant,Sandale,sun enfant,sun,parme,27,,,,sunenfant
19,Sun,"Couleur:color:0, Pointure:select:1","Color:color:0, Size:select:1","Parme:0, 28:1","Parme:0, 28:1",,sun-parme-28,SUN-EN-PA28,Couleur:color:0,Pointure:select:1,Parme:0,3,28:1,1,,,0,,300,https://cata.meduse.co/enfants/sandales/sun/parme/sandales-enfant-sun-parme-cote.jpg,1,,,,,15,Sun,,sun-parme-28,Couleur,Pointure,Parme,21,28,11,1,15,,,,,,Sandales enfant,Enfant,Sandale,sun enfant,sun,parme,28,,,,sunenfant
19,Sun,"Couleur:color:0, Pointure:select:1","Color:color:0, Size:select:1","Parme:0, 29:1","Parme:0, 29:1",,sun-parme-29,SUN-EN-PA29,Couleur:color:0,Pointure:select:1,Parme:0,3,29:1,1,,,0,,301,https://cata.meduse.co/enfants/sandales/sun/parme/sandales-enfant-sun-parme-cote.jpg,1,,,,,15,Sun,,sun-parme-29,Couleur,Pointure,Parme,21,29,12,1,15,,,,,,Sandales enfant,Enfant,Sandale,sun enfant,sun,parme,29,,,,sunenfant
19,Sun,"Couleur:color:0, Pointure:select:1","Color:color:0, Size:select:1","Parme:0, 30:1","Parme:0, 30:1",,sun-parme-30,SUN-EN-PA30,Couleur:color:0,Pointure:select:1,Parme:0,3,30:1,1,,,0,,302,https://cata.meduse.co/enfants/sandales/sun/parme/sandales-enfant-sun-parme-cote.jpg,1,,,,,15,Sun,,sun-parme-30,Couleur,Pointure,Parme,21,30,13,1,15,,,,,,Sandales enfant,Enfant,Sandale,sun enfant,sun,parme,30,,,,sunenfant
19,Sun,"Couleur:color:0, Pointure:select:1","Color:color:0, Size:select:1","Parme:0, 31:1","Parme:0, 31:1",,sun-parme-31,SUN-EN-PA31,Couleur:color:0,Pointure:select:1,Parme:0,3,31:1,1,,,0,,303,https://cata.meduse.co/enfants/sandales/sun/parme/sandales-enfant-sun-parme-cote.jpg,1,,,,,15,Sun,,sun-parme-31,Couleur,Pointure,Parme,21,31,14,1,15,,,,,,Sandales enfant,Enfant,Sandale,sun enfant,sun,parme,31,,,,sunenfant
19,Sun,"Couleur:color:0, Pointure:select:1","Color:color:0, Size:select:1","Parme:0, 32:1","Parme:0, 32:1",,sun-parme-32,SUN-EN-PA32,Couleur:color:0,Pointure:select:1,Parme:0,3,32:1,1,,,0,,304,https://cata.meduse.co/enfants/sandales/sun/parme/sandales-enfant-sun-parme-cote.jpg,1,,,,,15,Sun,,sun-parme-32,Couleur,Pointure,Parme,21,32,15,1,15,,,,,,Sandales enfant,Enfant,Sandale,sun enfant,sun,parme,32,,,,sunenfant
19,Sun,"Couleur:color:0, Pointure:select:1","Color:color:0, Size:select:1","Parme:0, 33:1","Parme:0, 33:1",,sun-parme-33,SUN-EN-PA33,Couleur:color:0,Pointure:select:1,Parme:0,3,33:1,1,,,0,,305,https://cata.meduse.co/enfants/sandales/sun/parme/sandales-enfant-sun-parme-cote.jpg,1,,,,,15,Sun,,sun-parme-33,Couleur,Pointure,Parme,21,33,16,1,15,,,,,,Sandales enfant,Enfant,Sandale,sun enfant,sun,parme,33,,,,sunenfant
19,Sun,"Couleur:color:0, Pointure:select:1","Color:color:0, Size:select:1","Parme:0, 34:1","Parme:0, 34:1",,sun-parme-34,SUN-EN-PA34,Couleur:color:0,Pointure:select:1,Parme:0,3,34:1,1,,,0,,306,https://cata.meduse.co/enfants/sandales/sun/parme/sandales-enfant-sun-parme-cote.jpg,1,,,,,15,Sun,,sun-parme-34,Couleur,Pointure,Parme,21,34,17,1,15,,,,,,Sandales enfant,Enfant,Sandale,sun enfant,sun,parme,34,,,,sunenfant
