185,Airdim,"Couleur:color:0, Pointure:select:1","Color:color:0, Size:select:1","Marine/Pois blanc:0, 27:1","Marine/Pois blanc:0, 27:1",,airdim-marine-pois-blanc-27,AIRDIM-EN-MAPOBL27,Couleur:color:0,Pointure:select:1,Marine-Pois blanc:0,0,27:1,1,,,,,,https://cata.meduse.co/enfants/bottes/airdim/marine-pois-blanc/bottes-enfant-airdim-marine-pois-blanc-cote.jpg,1,,,,,185,Airdim,,airdim-marine-pois-blanc-27,Couleur,Pointure,Marine/Pois blanc,1,27,8,1,27,,,,,,Bottes enfant,Enfant,Botte,airdim enfant,airdim,marine,pois,blanc,27,,airdimenfant
185,Airdim,"Couleur:color:0, Pointure:select:1","Color:color:0, Size:select:1","Marine/Pois blanc:0, 28:1","Marine/Pois blanc:0, 28:1",,airdim-marine-pois-blanc-28,AIRDIM-EN-MAPOBL28,Couleur:color:0,Pointure:select:1,Marine-Pois blanc:0,6,28:1,1,,,,,,https://cata.meduse.co/enfants/bottes/airdim/marine-pois-blanc/bottes-enfant-airdim-marine-pois-blanc-cote.jpg,1,,,,,185,Airdim,,airdim-marine-pois-blanc-28,Couleur,Pointure,Marine/Pois blanc,1,28,9,1,33,,,,,,Bottes enfant,Enfant,Botte,airdim enfant,airdim,marine,pois,blanc,28,,airdimenfant
185,Airdim,"Couleur:color:0, Pointure:select:1","Color:color:0, Size:select:1","Marine/Pois blanc:0, 29:1","Marine/Pois blanc:0, 29:1",,airdim-marine-pois-blanc-29,AIRDIM-EN-MAPOBL29,Couleur:color:0,Pointure:select:1,Marine-Pois blanc:0,6,29:1,1,,,,,,https://cata.meduse.co/enfants/bottes/airdim/marine-pois-blanc/bottes-enfant-airdim-marine-pois-blanc-cote.jpg,1,,,,,185,Airdim,,airdim-marine-pois-blanc-29,Couleur,Pointure,Marine/Pois blanc,1,29,10,1,33,,,,,,Bottes enfant,Enfant,Botte,airdim enfant,airdim,marine,pois,blanc,29,,airdimenfant
185,Airdim,"Couleur:color:0, Pointure:select:1","Color:color:0, Size:select:1","Marine/Pois blanc:0, 30:1","Marine/Pois blanc:0, 30:1",,airdim-marine-pois-blanc-30,AIRDIM-EN-MAPOBL30,Couleur:color:0,Pointure:select:1,Marine-Pois blanc:0,6,30:1,1,,,,,,https://cata.meduse.co/enfants/bottes/airdim/marine-pois-blanc/bottes-enfant-airdim-marine-pois-blanc-cote.jpg,1,,,,,185,Airdim,,airdim-marine-pois-blanc-30,Couleur,Pointure,Marine/Pois blanc,1,30,11,1,33,,,,,,Bottes enfant,Enfant,Botte,airdim enfant,airdim,marine,pois,blanc,30,,airdimenfant
185,Airdim,"Couleur:color:0, Pointure:select:1","Color:color:0, Size:select:1","Marine/Pois blanc:0, 31:1","Marine/Pois blanc:0, 31:1",,airdim-marine-pois-blanc-31,AIRDIM-EN-MAPOBL31,Couleur:color:0,Pointure:select:1,Marine-Pois blanc:0,6,31:1,1,,,,,,https://cata.meduse.co/enfants/bottes/airdim/marine-pois-blanc/bottes-enfant-airdim-marine-pois-blanc-cote.jpg,1,,,,,185,Airdim,,airdim-marine-pois-blanc-31,Couleur,Pointure,Marine/Pois blanc,1,31,12,1,33,,,,,,Bottes enfant,Enfant,Botte,airdim enfant,airdim,marine,pois,blanc,31,,airdimenfant
185,Airdim,"Couleur:color:0, Pointure:select:1","Color:color:0, Size:select:1","Marine/Pois blanc:0, 32:1","Marine/Pois blanc:0, 32:1",,airdim-marine-pois-blanc-32,AIRDIM-EN-MAPOBL32,Couleur:color:0,Pointure:select:1,Marine-Pois blanc:0,6,32:1,1,,,,,,https://cata.meduse.co/enfants/bottes/airdim/marine-pois-blanc/bottes-enfant-airdim-marine-pois-blanc-cote.jpg,1,,,,,185,Airdim,,airdim-marine-pois-blanc-32,Couleur,Pointure,Marine/Pois blanc,1,32,13,1,33,,,,,,Bottes enfant,Enfant,Botte,airdim enfant,airdim,marine,pois,blanc,32,,airdimenfant
185,Airdim,"Couleur:color:0, Pointure:select:1","Color:color:0, Size:select:1","Marine/Pois blanc:0, 33:1","Marine/Pois blanc:0, 33:1",,airdim-marine-pois-blanc-33,AIRDIM-EN-MAPOBL33,Couleur:color:0,Pointure:select:1,Marine-Pois blanc:0,6,33:1,1,,,,,,https://cata.meduse.co/enfants/bottes/airdim/marine-pois-blanc/bottes-enfant-airdim-marine-pois-blanc-cote.jpg,1,,,,,185,Airdim,,airdim-marine-pois-blanc-33,Couleur,Pointure,Marine/Pois blanc,1,33,14,1,33,,,,,,Bottes enfant,Enfant,Botte,airdim enfant,airdim,marine,pois,blanc,33,,airdimenfant
185,Airdim,"Couleur:color:0, Pointure:select:1","Color:color:0, Size:select:1","Marine/Pois blanc:0, 34:1","Marine/Pois blanc:0, 34:1",,airdim-marine-pois-blanc-34,AIRDIM-EN-MAPOBL34,Couleur:color:0,Pointure:select:1,Marine-Pois blanc:0,6,34:1,1,,,,,,https://cata.meduse.co/enfants/bottes/airdim/marine-pois-blanc/bottes-enfant-airdim-marine-pois-blanc-cote.jpg,1,,,,,185,Airdim,,airdim-marine-pois-blanc-34,Couleur,Pointure,Marine/Pois blanc,1,34,15,1,33,,,,,,Bottes enfant,Enfant,Botte,airdim enfant,airdim,marine,pois,blanc,34,,airdimenfant
185,Airdim,"Couleur:color:0, Pointure:select:1","Color:color:0, Size:select:1","Panthère/Fuchsia:0, 20:1","Panthère/Fuchsia:0, 20:1",,airdim-panthère-fuchsia-20,AIRDIM-EN-PAFU20,Couleur:color:0,Pointure:select:1,Panthère-Fuchsia:0,0,20:1,1,,,,,,https://cata.meduse.co/enfants/bottes/airdim/panthere-fuchsia/bottes-enfant-airdim-panthere-fuchsia-cote.jpg,1,,,,,185,Airdim,,airdim-panthère-fuchsia-20,Couleur,Pointure,Panthère/Fuchsia,2,20,1,1,27,,,,,,Bottes enfant,Enfant,Botte,airdim enfant,airdim,panthère,fuchsia,20,,,airdimenfant
185,Airdim,"Couleur:color:0, Pointure:select:1","Color:color:0, Size:select:1","Panthère/Fuchsia:0, 21:1","Panthère/Fuchsia:0, 21:1",,airdim-panthère-fuchsia-21,AIRDIM-EN-PAFU21,Couleur:color:0,Pointure:select:1,Panthère-Fuchsia:0,0,21:1,1,,,,,,https://cata.meduse.co/enfants/bottes/airdim/panthere-fuchsia/bottes-enfant-airdim-panthere-fuchsia-cote.jpg,1,,,,,185,Airdim,,airdim-panthère-fuchsia-21,Couleur,Pointure,Panthère/Fuchsia,2,21,2,1,27,,,,,,Bottes enfant,Enfant,Botte,airdim enfant,airdim,panthère,fuchsia,21,,,airdimenfant
185,Airdim,"Couleur:color:0, Pointure:select:1","Color:color:0, Size:select:1","Panthère/Fuchsia:0, 22:1","Panthère/Fuchsia:0, 22:1",,airdim-panthère-fuchsia-22,AIRDIM-EN-PAFU22,Couleur:color:0,Pointure:select:1,Panthère-Fuchsia:0,0,22:1,1,,,,,,https://cata.meduse.co/enfants/bottes/airdim/panthere-fuchsia/bottes-enfant-airdim-panthere-fuchsia-cote.jpg,1,,,,,185,Airdim,,airdim-panthère-fuchsia-22,Couleur,Pointure,Panthère/Fuchsia,2,22,3,1,27,,,,,,Bottes enfant,Enfant,Botte,airdim enfant,airdim,panthère,fuchsia,22,,,airdimenfant
185,Airdim,"Couleur:color:0, Pointure:select:1","Color:color:0, Size:select:1","Panthère/Fuchsia:0, 23:1","Panthère/Fuchsia:0, 23:1",,airdim-panthère-fuchsia-23,AIRDIM-EN-PAFU23,Couleur:color:0,Pointure:select:1,Panthère-Fuchsia:0,0,23:1,1,,,,,,https://cata.meduse.co/enfants/bottes/airdim/panthere-fuchsia/bottes-enfant-airdim-panthere-fuchsia-cote.jpg,1,,,,,185,Airdim,,airdim-panthère-fuchsia-23,Couleur,Pointure,Panthère/Fuchsia,2,23,4,1,27,,,,,,Bottes enfant,Enfant,Botte,airdim enfant,airdim,panthère,fuchsia,23,,,airdimenfant
185,Airdim,"Couleur:color:0, Pointure:select:1","Color:color:0, Size:select:1","Panthère/Fuchsia:0, 24:1","Panthère/Fuchsia:0, 24:1",,airdim-panthère-fuchsia-24,AIRDIM-EN-PAFU24,Couleur:color:0,Pointure:select:1,Panthère-Fuchsia:0,0,24:1,1,,,,,,https://cata.meduse.co/enfants/bottes/airdim/panthere-fuchsia/bottes-enfant-airdim-panthere-fuchsia-cote.jpg,1,,,,,185,Airdim,,airdim-panthère-fuchsia-24,Couleur,Pointure,Panthère/Fuchsia,2,24,5,1,27,,,,,,Bottes enfant,Enfant,Botte,airdim enfant,airdim,panthère,fuchsia,24,,,airdimenfant
185,Airdim,"Couleur:color:0, Pointure:select:1","Color:color:0, Size:select:1","Panthère/Fuchsia:0, 25:1","Panthère/Fuchsia:0, 25:1",,airdim-panthère-fuchsia-25,AIRDIM-EN-PAFU25,Couleur:color:0,Pointure:select:1,Panthère-Fuchsia:0,0,25:1,1,,,,,,https://cata.meduse.co/enfants/bottes/airdim/panthere-fuchsia/bottes-enfant-airdim-panthere-fuchsia-cote.jpg,1,,,,,185,Airdim,,airdim-panthère-fuchsia-25,Couleur,Pointure,Panthère/Fuchsia,2,25,6,1,27,,,,,,Bottes enfant,Enfant,Botte,airdim enfant,airdim,panthère,fuchsia,25,,,airdimenfant
185,Airdim,"Couleur:color:0, Pointure:select:1","Color:color:0, Size:select:1","Panthère/Fuchsia:0, 26:1","Panthère/Fuchsia:0, 26:1",,airdim-panthère-fuchsia-26,AIRDIM-EN-PAFU26,Couleur:color:0,Pointure:select:1,Panthère-Fuchsia:0,0,26:1,1,,,,,,https://cata.meduse.co/enfants/bottes/airdim/panthere-fuchsia/bottes-enfant-airdim-panthere-fuchsia-cote.jpg,1,,,,,185,Airdim,,airdim-panthère-fuchsia-26,Couleur,Pointure,Panthère/Fuchsia,2,26,7,1,27,,,,,,Bottes enfant,Enfant,Botte,airdim enfant,airdim,panthère,fuchsia,26,,,airdimenfant
185,Airdim,"Couleur:color:0, Pointure:select:1","Color:color:0, Size:select:1","Panthère/Fuchsia:0, 27:1","Panthère/Fuchsia:0, 27:1",,airdim-panthère-fuchsia-27,AIRDIM-EN-PAFU27,Couleur:color:0,Pointure:select:1,Panthère-Fuchsia:0,0,27:1,1,,,,,,https://cata.meduse.co/enfants/bottes/airdim/panthere-fuchsia/bottes-enfant-airdim-panthere-fuchsia-cote.jpg,1,,,,,185,Airdim,,airdim-panthère-fuchsia-27,Couleur,Pointure,Panthère/Fuchsia,2,27,8,1,27,,,,,,Bottes enfant,Enfant,Botte,airdim enfant,airdim,panthère,fuchsia,27,,,airdimenfant
185,Airdim,"Couleur:color:0, Pointure:select:1","Color:color:0, Size:select:1","Panthère/Fuchsia:0, 28:1","Panthère/Fuchsia:0, 28:1",,airdim-panthère-fuchsia-28,AIRDIM-EN-PAFU28,Couleur:color:0,Pointure:select:1,Panthère-Fuchsia:0,6,28:1,1,,,,,,https://cata.meduse.co/enfants/bottes/airdim/panthere-fuchsia/bottes-enfant-airdim-panthere-fuchsia-cote.jpg,1,,,,,185,Airdim,,airdim-panthère-fuchsia-28,Couleur,Pointure,Panthère/Fuchsia,2,28,9,1,33,,,,,,Bottes enfant,Enfant,Botte,airdim enfant,airdim,panthère,fuchsia,28,,,airdimenfant
185,Airdim,"Couleur:color:0, Pointure:select:1","Color:color:0, Size:select:1","Panthère/Fuchsia:0, 29:1","Panthère/Fuchsia:0, 29:1",,airdim-panthère-fuchsia-29,AIRDIM-EN-PAFU29,Couleur:color:0,Pointure:select:1,Panthère-Fuchsia:0,6,29:1,1,,,,,,https://cata.meduse.co/enfants/bottes/airdim/panthere-fuchsia/bottes-enfant-airdim-panthere-fuchsia-cote.jpg,1,,,,,185,Airdim,,airdim-panthère-fuchsia-29,Couleur,Pointure,Panthère/Fuchsia,2,29,10,1,33,,,,,,Bottes enfant,Enfant,Botte,airdim enfant,airdim,panthère,fuchsia,29,,,airdimenfant
185,Airdim,"Couleur:color:0, Pointure:select:1","Color:color:0, Size:select:1","Panthère/Fuchsia:0, 30:1","Panthère/Fuchsia:0, 30:1",,airdim-panthère-fuchsia-30,AIRDIM-EN-PAFU30,Couleur:color:0,Pointure:select:1,Panthère-Fuchsia:0,6,30:1,1,,,,,,https://cata.meduse.co/enfants/bottes/airdim/panthere-fuchsia/bottes-enfant-airdim-panthere-fuchsia-cote.jpg,1,,,,,185,Airdim,,airdim-panthère-fuchsia-30,Couleur,Pointure,Panthère/Fuchsia,2,30,11,1,33,,,,,,Bottes enfant,Enfant,Botte,airdim enfant,airdim,panthère,fuchsia,30,,,airdimenfant
185,Airdim,"Couleur:color:0, Pointure:select:1","Color:color:0, Size:select:1","Panthère/Fuchsia:0, 31:1","Panthère/Fuchsia:0, 31:1",,airdim-panthère-fuchsia-31,AIRDIM-EN-PAFU31,Couleur:color:0,Pointure:select:1,Panthère-Fuchsia:0,6,31:1,1,,,,,,https://cata.meduse.co/enfants/bottes/airdim/panthere-fuchsia/bottes-enfant-airdim-panthere-fuchsia-cote.jpg,1,,,,,185,Airdim,,airdim-panthère-fuchsia-31,Couleur,Pointure,Panthère/Fuchsia,2,31,12,1,33,,,,,,Bottes enfant,Enfant,Botte,airdim enfant,airdim,panthère,fuchsia,31,,,airdimenfant
185,Airdim,"Couleur:color:0, Pointure:select:1","Color:color:0, Size:select:1","Panthère/Fuchsia:0, 32:1","Panthère/Fuchsia:0, 32:1",,airdim-panthère-fuchsia-32,AIRDIM-EN-PAFU32,Couleur:color:0,Pointure:select:1,Panthère-Fuchsia:0,6,32:1,1,,,,,,https://cata.meduse.co/enfants/bottes/airdim/panthere-fuchsia/bottes-enfant-airdim-panthere-fuchsia-cote.jpg,1,,,,,185,Airdim,,airdim-panthère-fuchsia-32,Couleur,Pointure,Panthère/Fuchsia,2,32,13,1,33,,,,,,Bottes enfant,Enfant,Botte,airdim enfant,airdim,panthère,fuchsia,32,,,airdimenfant
185,Airdim,"Couleur:color:0, Pointure:select:1","Color:color:0, Size:select:1","Panthère/Fuchsia:0, 33:1","Panthère/Fuchsia:0, 33:1",,airdim-panthère-fuchsia-33,AIRDIM-EN-PAFU33,Couleur:color:0,Pointure:select:1,Panthère-Fuchsia:0,6,33:1,1,,,,,,https://cata.meduse.co/enfants/bottes/airdim/panthere-fuchsia/bottes-enfant-airdim-panthere-fuchsia-cote.jpg,1,,,,,185,Airdim,,airdim-panthère-fuchsia-33,Couleur,Pointure,Panthère/Fuchsia,2,33,14,1,33,,,,,,Bottes enfant,Enfant,Botte,airdim enfant,airdim,panthère,fuchsia,33,,,airdimenfant
185,Airdim,"Couleur:color:0, Pointure:select:1","Color:color:0, Size:select:1","Panthère/Fuchsia:0, 34:1","Panthère/Fuchsia:0, 34:1",,airdim-panthère-fuchsia-34,AIRDIM-EN-PAFU34,Couleur:color:0,Pointure:select:1,Panthère-Fuchsia:0,6,34:1,1,,,,,,https://cata.meduse.co/enfants/bottes/airdim/panthere-fuchsia/bottes-enfant-airdim-panthere-fuchsia-cote.jpg,1,,,,,185,Airdim,,airdim-panthère-fuchsia-34,Couleur,Pointure,Panthère/Fuchsia,2,34,15,1,33,,,,,,Bottes enfant,Enfant,Botte,airdim enfant,airdim,panthère,fuchsia,34,,,airdimenfant
186,Caming,"Couleur:color:0, Pointure:select:1","Color:color:0, Size:select:1","Panthère:0, 36:1","Panthère:0, 36:1",,caming-panthère-36,CAMING-FE-PA36,Couleur:color:0,Pointure:select:1,Panthère:0,0,36:1,1,,,,,,https://cata.meduse.co/femmes/bottines/caming/panthere/bottines-femme-caming-panthere-cote.jpg,1,,,,,186,Caming,,caming-panthère-36,Couleur,Pointure,Panthère,1,36,1,1,42,,,,,,Bottines femme,Femme,Bottine,caming femme,caming,panthère,36,,,,camingfemme
186,Caming,"Couleur:color:0, Pointure:select:1","Color:color:0, Size:select:1","Panthère:0, 37:1","Panthère:0, 37:1",,caming-panthère-37,CAMING-FE-PA37,Couleur:color:0,Pointure:select:1,Panthère:0,0,37:1,1,,,,,,https://cata.meduse.co/femmes/bottines/caming/panthere/bottines-femme-caming-panthere-cote.jpg,1,,,,,186,Caming,,caming-panthère-37,Couleur,Pointure,Panthère,1,37,2,1,42,,,,,,Bottines femme,Femme,Bottine,caming femme,caming,panthère,37,,,,camingfemme
186,Caming,"Couleur:color:0, Pointure:select:1","Color:color:0, Size:select:1","Panthère:0, 38:1","Panthère:0, 38:1",,caming-panthère-38,CAMING-FE-PA38,Couleur:color:0,Pointure:select:1,Panthère:0,0,38:1,1,,,,,,https://cata.meduse.co/femmes/bottines/caming/panthere/bottines-femme-caming-panthere-cote.jpg,1,,,,,186,Caming,,caming-panthère-38,Couleur,Pointure,Panthère,1,38,3,1,42,,,,,,Bottines femme,Femme,Bottine,caming femme,caming,panthère,38,,,,camingfemme
186,Caming,"Couleur:color:0, Pointure:select:1","Color:color:0, Size:select:1","Panthère:0, 39:1","Panthère:0, 39:1",,caming-panthère-39,CAMING-FE-PA39,Couleur:color:0,Pointure:select:1,Panthère:0,0,39:1,1,,,,,,https://cata.meduse.co/femmes/bottines/caming/panthere/bottines-femme-caming-panthere-cote.jpg,1,,,,,186,Caming,,caming-panthère-39,Couleur,Pointure,Panthère,1,39,4,1,42,,,,,,Bottines femme,Femme,Bottine,caming femme,caming,panthère,39,,,,camingfemme
186,Caming,"Couleur:color:0, Pointure:select:1","Color:color:0, Size:select:1","Panthère:0, 40:1","Panthère:0, 40:1",,caming-panthère-40,CAMING-FE-PA40,Couleur:color:0,Pointure:select:1,Panthère:0,0,40:1,1,,,,,,https://cata.meduse.co/femmes/bottines/caming/panthere/bottines-femme-caming-panthere-cote.jpg,1,,,,,186,Caming,,caming-panthère-40,Couleur,Pointure,Panthère,1,40,5,1,42,,,,,,Bottines femme,Femme,Bottine,caming femme,caming,panthère,40,,,,camingfemme
186,Caming,"Couleur:color:0, Pointure:select:1","Color:color:0, Size:select:1","Panthère:0, 41:1","Panthère:0, 41:1",,caming-panthère-41,CAMING-FE-PA41,Couleur:color:0,Pointure:select:1,Panthère:0,0,41:1,1,,,,,,https://cata.meduse.co/femmes/bottines/caming/panthere/bottines-femme-caming-panthere-cote.jpg,1,,,,,186,Caming,,caming-panthère-41,Couleur,Pointure,Panthère,1,41,6,1,42,,,,,,Bottines femme,Femme,Bottine,caming femme,caming,panthère,41,,,,camingfemme
186,Caming,"Couleur:color:0, Pointure:select:1","Color:color:0, Size:select:1","Panthère:0, 42:1","Panthère:0, 42:1",,caming-panthère-42,CAMING-FE-PA42,Couleur:color:0,Pointure:select:1,Panthère:0,0,42:1,1,,,,,,https://cata.meduse.co/femmes/bottines/caming/panthere/bottines-femme-caming-panthere-cote.jpg,1,,,,,186,Caming,,caming-panthère-42,Couleur,Pointure,Panthère,1,42,7,1,42,,,,,,Bottines femme,Femme,Bottine,caming femme,caming,panthère,42,,,,camingfemme
187,Casting,"Couleur:color:0, Pointure:select:1","Color:color:0, Size:select:1","Marine/Pois blanc:0, 36:1","Marine/Pois blanc:0, 36:1",,casting-marine-pois-blanc-36,CASTING-FE-MAPOBL36,Couleur:color:0,Pointure:select:1,Marine-Pois blanc:0,0,36:1,1,,,,,,https://cata.meduse.co/femmes/bottines/casting/marine-pois-blanc/bottines-femme-casting-marine-pois-blanc-cote.jpg,1,,,,,187,Casting,,casting-marine-pois-blanc-36,Couleur,Pointure,Marine/Pois blanc,1,36,1,1,57,,,,,,Bottines femme,Femme,Bottine,casting femme,casting,marine,pois,blanc,36,,castingfemme
187,Casting,"Couleur:color:0, Pointure:select:1","Color:color:0, Size:select:1","Marine/Pois blanc:0, 37:1","Marine/Pois blanc:0, 37:1",,casting-marine-pois-blanc-37,CASTING-FE-MAPOBL37,Couleur:color:0,Pointure:select:1,Marine-Pois blanc:0,0,37:1,1,,,,,,https://cata.meduse.co/femmes/bottines/casting/marine-pois-blanc/bottines-femme-casting-marine-pois-blanc-cote.jpg,1,,,,,187,Casting,,casting-marine-pois-blanc-37,Couleur,Pointure,Marine/Pois blanc,1,37,2,1,57,,,,,,Bottines femme,Femme,Bottine,casting femme,casting,marine,pois,blanc,37,,castingfemme
187,Casting,"Couleur:color:0, Pointure:select:1","Color:color:0, Size:select:1","Marine/Pois blanc:0, 38:1","Marine/Pois blanc:0, 38:1",,casting-marine-pois-blanc-38,CASTING-FE-MAPOBL38,Couleur:color:0,Pointure:select:1,Marine-Pois blanc:0,0,38:1,1,,,,,,https://cata.meduse.co/femmes/bottines/casting/marine-pois-blanc/bottines-femme-casting-marine-pois-blanc-cote.jpg,1,,,,,187,Casting,,casting-marine-pois-blanc-38,Couleur,Pointure,Marine/Pois blanc,1,38,3,1,57,,,,,,Bottines femme,Femme,Bottine,casting femme,casting,marine,pois,blanc,38,,castingfemme
187,Casting,"Couleur:color:0, Pointure:select:1","Color:color:0, Size:select:1","Marine/Pois blanc:0, 39:1","Marine/Pois blanc:0, 39:1",,casting-marine-pois-blanc-39,CASTING-FE-MAPOBL39,Couleur:color:0,Pointure:select:1,Marine-Pois blanc:0,0,39:1,1,,,,,,https://cata.meduse.co/femmes/bottines/casting/marine-pois-blanc/bottines-femme-casting-marine-pois-blanc-cote.jpg,1,,,,,187,Casting,,casting-marine-pois-blanc-39,Couleur,Pointure,Marine/Pois blanc,1,39,4,1,57,,,,,,Bottines femme,Femme,Bottine,casting femme,casting,marine,pois,blanc,39,,castingfemme
187,Casting,"Couleur:color:0, Pointure:select:1","Color:color:0, Size:select:1","Marine/Pois blanc:0, 40:1","Marine/Pois blanc:0, 40:1",,casting-marine-pois-blanc-40,CASTING-FE-MAPOBL40,Couleur:color:0,Pointure:select:1,Marine-Pois blanc:0,0,40:1,1,,,,,,https://cata.meduse.co/femmes/bottines/casting/marine-pois-blanc/bottines-femme-casting-marine-pois-blanc-cote.jpg,1,,,,,187,Casting,,casting-marine-pois-blanc-40,Couleur,Pointure,Marine/Pois blanc,1,40,5,1,57,,,,,,Bottines femme,Femme,Bottine,casting femme,casting,marine,pois,blanc,40,,castingfemme
187,Casting,"Couleur:color:0, Pointure:select:1","Color:color:0, Size:select:1","Marine/Pois blanc:0, 41:1","Marine/Pois blanc:0, 41:1",,casting-marine-pois-blanc-41,CASTING-FE-MAPOBL41,Couleur:color:0,Pointure:select:1,Marine-Pois blanc:0,0,41:1,1,,,,,,https://cata.meduse.co/femmes/bottines/casting/marine-pois-blanc/bottines-femme-casting-marine-pois-blanc-cote.jpg,1,,,,,187,Casting,,casting-marine-pois-blanc-41,Couleur,Pointure,Marine/Pois blanc,1,41,6,1,57,,,,,,Bottines femme,Femme,Bottine,casting femme,casting,marine,pois,blanc,41,,castingfemme
187,Casting,"Couleur:color:0, Pointure:select:1","Color:color:0, Size:select:1","Panthère:0, 36:1","Panthère:0, 36:1",,casting-panthère-36,CASTING-FE-PA36,Couleur:color:0,Pointure:select:1,Panthère:0,0,36:1,1,,,,,,https://cata.meduse.co/femmes/bottines/casting/panthere/bottines-femme-casting-panthere-cote.jpg,1,,,,,187,Casting,,casting-panthère-36,Couleur,Pointure,Panthère,2,36,1,1,57,,,,,,Bottines femme,Femme,Bottine,casting femme,casting,panthère,36,,,,castingfemme
187,Casting,"Couleur:color:0, Pointure:select:1","Color:color:0, Size:select:1","Panthère:0, 37:1","Panthère:0, 37:1",,casting-panthère-37,CASTING-FE-PA37,Couleur:color:0,Pointure:select:1,Panthère:0,0,37:1,1,,,,,,https://cata.meduse.co/femmes/bottines/casting/panthere/bottines-femme-casting-panthere-cote.jpg,1,,,,,187,Casting,,casting-panthère-37,Couleur,Pointure,Panthère,2,37,2,1,57,,,,,,Bottines femme,Femme,Bottine,casting femme,casting,panthère,37,,,,castingfemme
187,Casting,"Couleur:color:0, Pointure:select:1","Color:color:0, Size:select:1","Panthère:0, 38:1","Panthère:0, 38:1",,casting-panthère-38,CASTING-FE-PA38,Couleur:color:0,Pointure:select:1,Panthère:0,0,38:1,1,,,,,,https://cata.meduse.co/femmes/bottines/casting/panthere/bottines-femme-casting-panthere-cote.jpg,1,,,,,187,Casting,,casting-panthère-38,Couleur,Pointure,Panthère,2,38,3,1,57,,,,,,Bottines femme,Femme,Bottine,casting femme,casting,panthère,38,,,,castingfemme
187,Casting,"Couleur:color:0, Pointure:select:1","Color:color:0, Size:select:1","Panthère:0, 39:1","Panthère:0, 39:1",,casting-panthère-39,CASTING-FE-PA39,Couleur:color:0,Pointure:select:1,Panthère:0,0,39:1,1,,,,,,https://cata.meduse.co/femmes/bottines/casting/panthere/bottines-femme-casting-panthere-cote.jpg,1,,,,,187,Casting,,casting-panthère-39,Couleur,Pointure,Panthère,2,39,4,1,57,,,,,,Bottines femme,Femme,Bottine,casting femme,casting,panthère,39,,,,castingfemme
187,Casting,"Couleur:color:0, Pointure:select:1","Color:color:0, Size:select:1","Panthère:0, 40:1","Panthère:0, 40:1",,casting-panthère-40,CASTING-FE-PA40,Couleur:color:0,Pointure:select:1,Panthère:0,0,40:1,1,,,,,,https://cata.meduse.co/femmes/bottines/casting/panthere/bottines-femme-casting-panthere-cote.jpg,1,,,,,187,Casting,,casting-panthère-40,Couleur,Pointure,Panthère,2,40,5,1,57,,,,,,Bottines femme,Femme,Bottine,casting femme,casting,panthère,40,,,,castingfemme
187,Casting,"Couleur:color:0, Pointure:select:1","Color:color:0, Size:select:1","Panthère:0, 41:1","Panthère:0, 41:1",,casting-panthère-41,CASTING-FE-PA41,Couleur:color:0,Pointure:select:1,Panthère:0,0,41:1,1,,,,,,https://cata.meduse.co/femmes/bottines/casting/panthere/bottines-femme-casting-panthere-cote.jpg,1,,,,,187,Casting,,casting-panthère-41,Couleur,Pointure,Panthère,2,41,6,1,57,,,,,,Bottines femme,Femme,Bottine,casting femme,casting,panthère,41,,,,castingfemme
188,Flamat,"Couleur:color:0, Pointure:select:1","Color:color:0, Size:select:1","Noir:0, 35:1","Noir:0, 35:1",,flamat-noir-35,FLAMAT-FE-NO35,Couleur:color:0,Pointure:select:1,Noir:0,0,35:1,1,,,,,,https://cata.meduse.co/femmes/bottes/flamat/noir/bottes-femme-flamat-noir-cote.jpg,1,,,,,188,Flamat,,flamat-noir-35,Couleur,Pointure,Noir,1,35,1,1,72,,,,,,Bottes femme,Femme,Botte,flamat femme,flamat,noir,35,,,,flamatfemme
188,Flamat,"Couleur:color:0, Pointure:select:1","Color:color:0, Size:select:1","Noir:0, 36:1","Noir:0, 36:1",,flamat-noir-36,FLAMAT-FE-NO36,Couleur:color:0,Pointure:select:1,Noir:0,0,36:1,1,,,,,,https://cata.meduse.co/femmes/bottes/flamat/noir/bottes-femme-flamat-noir-cote.jpg,1,,,,,188,Flamat,,flamat-noir-36,Couleur,Pointure,Noir,1,36,2,1,72,,,,,,Bottes femme,Femme,Botte,flamat femme,flamat,noir,36,,,,flamatfemme
188,Flamat,"Couleur:color:0, Pointure:select:1","Color:color:0, Size:select:1","Noir:0, 37:1","Noir:0, 37:1",,flamat-noir-37,FLAMAT-FE-NO37,Couleur:color:0,Pointure:select:1,Noir:0,0,37:1,1,,,,,,https://cata.meduse.co/femmes/bottes/flamat/noir/bottes-femme-flamat-noir-cote.jpg,1,,,,,188,Flamat,,flamat-noir-37,Couleur,Pointure,Noir,1,37,3,1,72,,,,,,Bottes femme,Femme,Botte,flamat femme,flamat,noir,37,,,,flamatfemme
188,Flamat,"Couleur:color:0, Pointure:select:1","Color:color:0, Size:select:1","Noir:0, 38:1","Noir:0, 38:1",,flamat-noir-38,FLAMAT-FE-NO38,Couleur:color:0,Pointure:select:1,Noir:0,0,38:1,1,,,,,,https://cata.meduse.co/femmes/bottes/flamat/noir/bottes-femme-flamat-noir-cote.jpg,1,,,,,188,Flamat,,flamat-noir-38,Couleur,Pointure,Noir,1,38,4,1,72,,,,,,Bottes femme,Femme,Botte,flamat femme,flamat,noir,38,,,,flamatfemme
188,Flamat,"Couleur:color:0, Pointure:select:1","Color:color:0, Size:select:1","Noir:0, 39:1","Noir:0, 39:1",,flamat-noir-39,FLAMAT-FE-NO39,Couleur:color:0,Pointure:select:1,Noir:0,0,39:1,1,,,,,,https://cata.meduse.co/femmes/bottes/flamat/noir/bottes-femme-flamat-noir-cote.jpg,1,,,,,188,Flamat,,flamat-noir-39,Couleur,Pointure,Noir,1,39,5,1,72,,,,,,Bottes femme,Femme,Botte,flamat femme,flamat,noir,39,,,,flamatfemme
188,Flamat,"Couleur:color:0, Pointure:select:1","Color:color:0, Size:select:1","Noir:0, 40:1","Noir:0, 40:1",,flamat-noir-40,FLAMAT-FE-NO40,Couleur:color:0,Pointure:select:1,Noir:0,0,40:1,1,,,,,,https://cata.meduse.co/femmes/bottes/flamat/noir/bottes-femme-flamat-noir-cote.jpg,1,,,,,188,Flamat,,flamat-noir-40,Couleur,Pointure,Noir,1,40,6,1,72,,,,,,Bottes femme,Femme,Botte,flamat femme,flamat,noir,40,,,,flamatfemme
188,Flamat,"Couleur:color:0, Pointure:select:1","Color:color:0, Size:select:1","Noir:0, 41:1","Noir:0, 41:1",,flamat-noir-41,FLAMAT-FE-NO41,Couleur:color:0,Pointure:select:1,Noir:0,0,41:1,1,,,,,,https://cata.meduse.co/femmes/bottes/flamat/noir/bottes-femme-flamat-noir-cote.jpg,1,,,,,188,Flamat,,flamat-noir-41,Couleur,Pointure,Noir,1,41,7,1,72,,,,,,Bottes femme,Femme,Botte,flamat femme,flamat,noir,41,,,,flamatfemme
188,Flamat,"Couleur:color:0, Pointure:select:1","Color:color:0, Size:select:1","Noir:0, 42:1","Noir:0, 42:1",,flamat-noir-42,FLAMAT-FE-NO42,Couleur:color:0,Pointure:select:1,Noir:0,0,42:1,1,,,,,,https://cata.meduse.co/femmes/bottes/flamat/noir/bottes-femme-flamat-noir-cote.jpg,1,,,,,188,Flamat,,flamat-noir-42,Couleur,Pointure,Noir,1,42,8,1,72,,,,,,Bottes femme,Femme,Botte,flamat femme,flamat,noir,42,,,,flamatfemme
190,Flamille,"Couleur:color:0, Pointure:select:1","Color:color:0, Size:select:1","Noir:0, 35:1","Noir:0, 35:1",,flamille-noir-35,FLAMILLE-FE-NO35,Couleur:color:0,Pointure:select:1,Noir:0,0,35:1,1,,,,,,https://cata.meduse.co/femmes/bottes/flamille/noir/bottes-femme-flamille-noir-cote.jpg,1,,,,,190,Flamille,,flamille-noir-35,Couleur,Pointure,Noir,1,35,1,1,57,,,,,,Bottes femme,Femme,Botte,flamille femme,flamille,noir,35,,,,flamillefemme
190,Flamille,"Couleur:color:0, Pointure:select:1","Color:color:0, Size:select:1","Noir:0, 36:1","Noir:0, 36:1",,flamille-noir-36,FLAMILLE-FE-NO36,Couleur:color:0,Pointure:select:1,Noir:0,0,36:1,1,,,,,,https://cata.meduse.co/femmes/bottes/flamille/noir/bottes-femme-flamille-noir-cote.jpg,1,,,,,190,Flamille,,flamille-noir-36,Couleur,Pointure,Noir,1,36,2,1,57,,,,,,Bottes femme,Femme,Botte,flamille femme,flamille,noir,36,,,,flamillefemme
190,Flamille,"Couleur:color:0, Pointure:select:1","Color:color:0, Size:select:1","Noir:0, 37:1","Noir:0, 37:1",,flamille-noir-37,FLAMILLE-FE-NO37,Couleur:color:0,Pointure:select:1,Noir:0,0,37:1,1,,,,,,https://cata.meduse.co/femmes/bottes/flamille/noir/bottes-femme-flamille-noir-cote.jpg,1,,,,,190,Flamille,,flamille-noir-37,Couleur,Pointure,Noir,1,37,3,1,57,,,,,,Bottes femme,Femme,Botte,flamille femme,flamille,noir,37,,,,flamillefemme
190,Flamille,"Couleur:color:0, Pointure:select:1","Color:color:0, Size:select:1","Noir:0, 38:1","Noir:0, 38:1",,flamille-noir-38,FLAMILLE-FE-NO38,Couleur:color:0,Pointure:select:1,Noir:0,0,38:1,1,,,,,,https://cata.meduse.co/femmes/bottes/flamille/noir/bottes-femme-flamille-noir-cote.jpg,1,,,,,190,Flamille,,flamille-noir-38,Couleur,Pointure,Noir,1,38,4,1,57,,,,,,Bottes femme,Femme,Botte,flamille femme,flamille,noir,38,,,,flamillefemme
190,Flamille,"Couleur:color:0, Pointure:select:1","Color:color:0, Size:select:1","Noir:0, 39:1","Noir:0, 39:1",,flamille-noir-39,FLAMILLE-FE-NO39,Couleur:color:0,Pointure:select:1,Noir:0,0,39:1,1,,,,,,https://cata.meduse.co/femmes/bottes/flamille/noir/bottes-femme-flamille-noir-cote.jpg,1,,,,,190,Flamille,,flamille-noir-39,Couleur,Pointure,Noir,1,39,5,1,57,,,,,,Bottes femme,Femme,Botte,flamille femme,flamille,noir,39,,,,flamillefemme
190,Flamille,"Couleur:color:0, Pointure:select:1","Color:color:0, Size:select:1","Noir:0, 40:1","Noir:0, 40:1",,flamille-noir-40,FLAMILLE-FE-NO40,Couleur:color:0,Pointure:select:1,Noir:0,0,40:1,1,,,,,,https://cata.meduse.co/femmes/bottes/flamille/noir/bottes-femme-flamille-noir-cote.jpg,1,,,,,190,Flamille,,flamille-noir-40,Couleur,Pointure,Noir,1,40,6,1,57,,,,,,Bottes femme,Femme,Botte,flamille femme,flamille,noir,40,,,,flamillefemme
190,Flamille,"Couleur:color:0, Pointure:select:1","Color:color:0, Size:select:1","Noir:0, 41:1","Noir:0, 41:1",,flamille-noir-41,FLAMILLE-FE-NO41,Couleur:color:0,Pointure:select:1,Noir:0,0,41:1,1,,,,,,https://cata.meduse.co/femmes/bottes/flamille/noir/bottes-femme-flamille-noir-cote.jpg,1,,,,,190,Flamille,,flamille-noir-41,Couleur,Pointure,Noir,1,41,7,1,57,,,,,,Bottes femme,Femme,Botte,flamille femme,flamille,noir,41,,,,flamillefemme
190,Flamille,"Couleur:color:0, Pointure:select:1","Color:color:0, Size:select:1","Noir:0, 42:1","Noir:0, 42:1",,flamille-noir-42,FLAMILLE-FE-NO42,Couleur:color:0,Pointure:select:1,Noir:0,0,42:1,1,,,,,,https://cata.meduse.co/femmes/bottes/flamille/noir/bottes-femme-flamille-noir-cote.jpg,1,,,,,190,Flamille,,flamille-noir-42,Couleur,Pointure,Noir,1,42,8,1,57,,,,,,Bottes femme,Femme,Botte,flamille femme,flamille,noir,42,,,,flamillefemme
190,Flamille,"Couleur:color:0, Pointure:select:1","Color:color:0, Size:select:1","Noir/Caramel:0, 35:1","Noir/Caramel:0, 35:1",,flamille-noir-caramel-35,FLAMILLE-FE-NOCA35,Couleur:color:0,Pointure:select:1,Noir-Caramel:0,0,35:1,1,,,,,,https://cata.meduse.co/femmes/bottes/flamille/noir-caramel/bottes-femme-flamille-noir-caramel-cote.jpg,1,,,,,190,Flamille,,flamille-noir-caramel-35,Couleur,Pointure,Noir/Caramel,2,35,1,1,57,,,,,,Bottes femme,Femme,Botte,flamille femme,flamille,noir,caramel,35,,,flamillefemme
190,Flamille,"Couleur:color:0, Pointure:select:1","Color:color:0, Size:select:1","Noir/Caramel:0, 36:1","Noir/Caramel:0, 36:1",,flamille-noir-caramel-36,FLAMILLE-FE-NOCA36,Couleur:color:0,Pointure:select:1,Noir-Caramel:0,0,36:1,1,,,,,,https://cata.meduse.co/femmes/bottes/flamille/noir-caramel/bottes-femme-flamille-noir-caramel-cote.jpg,1,,,,,190,Flamille,,flamille-noir-caramel-36,Couleur,Pointure,Noir/Caramel,2,36,2,1,57,,,,,,Bottes femme,Femme,Botte,flamille femme,flamille,noir,caramel,36,,,flamillefemme
190,Flamille,"Couleur:color:0, Pointure:select:1","Color:color:0, Size:select:1","Noir/Caramel:0, 37:1","Noir/Caramel:0, 37:1",,flamille-noir-caramel-37,FLAMILLE-FE-NOCA37,Couleur:color:0,Pointure:select:1,Noir-Caramel:0,0,37:1,1,,,,,,https://cata.meduse.co/femmes/bottes/flamille/noir-caramel/bottes-femme-flamille-noir-caramel-cote.jpg,1,,,,,190,Flamille,,flamille-noir-caramel-37,Couleur,Pointure,Noir/Caramel,2,37,3,1,57,,,,,,Bottes femme,Femme,Botte,flamille femme,flamille,noir,caramel,37,,,flamillefemme
190,Flamille,"Couleur:color:0, Pointure:select:1","Color:color:0, Size:select:1","Noir/Caramel:0, 38:1","Noir/Caramel:0, 38:1",,flamille-noir-caramel-38,FLAMILLE-FE-NOCA38,Couleur:color:0,Pointure:select:1,Noir-Caramel:0,0,38:1,1,,,,,,https://cata.meduse.co/femmes/bottes/flamille/noir-caramel/bottes-femme-flamille-noir-caramel-cote.jpg,1,,,,,190,Flamille,,flamille-noir-caramel-38,Couleur,Pointure,Noir/Caramel,2,38,4,1,57,,,,,,Bottes femme,Femme,Botte,flamille femme,flamille,noir,caramel,38,,,flamillefemme
190,Flamille,"Couleur:color:0, Pointure:select:1","Color:color:0, Size:select:1","Noir/Caramel:0, 39:1","Noir/Caramel:0, 39:1",,flamille-noir-caramel-39,FLAMILLE-FE-NOCA39,Couleur:color:0,Pointure:select:1,Noir-Caramel:0,0,39:1,1,,,,,,https://cata.meduse.co/femmes/bottes/flamille/noir-caramel/bottes-femme-flamille-noir-caramel-cote.jpg,1,,,,,190,Flamille,,flamille-noir-caramel-39,Couleur,Pointure,Noir/Caramel,2,39,5,1,57,,,,,,Bottes femme,Femme,Botte,flamille femme,flamille,noir,caramel,39,,,flamillefemme
190,Flamille,"Couleur:color:0, Pointure:select:1","Color:color:0, Size:select:1","Noir/Caramel:0, 40:1","Noir/Caramel:0, 40:1",,flamille-noir-caramel-40,FLAMILLE-FE-NOCA40,Couleur:color:0,Pointure:select:1,Noir-Caramel:0,0,40:1,1,,,,,,https://cata.meduse.co/femmes/bottes/flamille/noir-caramel/bottes-femme-flamille-noir-caramel-cote.jpg,1,,,,,190,Flamille,,flamille-noir-caramel-40,Couleur,Pointure,Noir/Caramel,2,40,6,1,57,,,,,,Bottes femme,Femme,Botte,flamille femme,flamille,noir,caramel,40,,,flamillefemme
190,Flamille,"Couleur:color:0, Pointure:select:1","Color:color:0, Size:select:1","Noir/Caramel:0, 41:1","Noir/Caramel:0, 41:1",,flamille-noir-caramel-41,FLAMILLE-FE-NOCA41,Couleur:color:0,Pointure:select:1,Noir-Caramel:0,0,41:1,1,,,,,,https://cata.meduse.co/femmes/bottes/flamille/noir-caramel/bottes-femme-flamille-noir-caramel-cote.jpg,1,,,,,190,Flamille,,flamille-noir-caramel-41,Couleur,Pointure,Noir/Caramel,2,41,7,1,57,,,,,,Bottes femme,Femme,Botte,flamille femme,flamille,noir,caramel,41,,,flamillefemme
190,Flamille,"Couleur:color:0, Pointure:select:1","Color:color:0, Size:select:1","Noir/Caramel:0, 42:1","Noir/Caramel:0, 42:1",,flamille-noir-caramel-42,FLAMILLE-FE-NOCA42,Couleur:color:0,Pointure:select:1,Noir-Caramel:0,0,42:1,1,,,,,,https://cata.meduse.co/femmes/bottes/flamille/noir-caramel/bottes-femme-flamille-noir-caramel-cote.jpg,1,,,,,190,Flamille,,flamille-noir-caramel-42,Couleur,Pointure,Noir/Caramel,2,42,8,1,57,,,,,,Bottes femme,Femme,Botte,flamille femme,flamille,noir,caramel,42,,,flamillefemme
193,Folkabrid,"Couleur:color:0, Pointure:select:1","Color:color:0, Size:select:1","Marron/Marron:0, 35:1","Marron/Marron:0, 35:1",,folkabrid-marron-marron-35,FOLKABRID-FE-MAMA35,Couleur:color:0,Pointure:select:1,Marron-Marron:0,0,35:1,1,,,,,,https://cata.meduse.co/femmes/bottes/folkabrid/marron-marron/bottes-femme-folkabrid-marron-marron-cote.jpg,1,,,,,193,Folkabrid,,folkabrid-marron-marron-35,Couleur,Pointure,Marron/Marron,1,35,1,1,60,42,10/01/2018,,,,Bottes femme,Femme,Botte,folkabrid femme,folkabrid,marron,marron,35,,,folkabridfemme
193,Folkabrid,"Couleur:color:0, Pointure:select:1","Color:color:0, Size:select:1","Marron/Marron:0, 36:1","Marron/Marron:0, 36:1",,folkabrid-marron-marron-36,FOLKABRID-FE-MAMA36,Couleur:color:0,Pointure:select:1,Marron-Marron:0,0,36:1,1,,,,,,https://cata.meduse.co/femmes/bottes/folkabrid/marron-marron/bottes-femme-folkabrid-marron-marron-cote.jpg,1,,,,,193,Folkabrid,,folkabrid-marron-marron-36,Couleur,Pointure,Marron/Marron,1,36,2,1,60,42,10/01/2018,,,,Bottes femme,Femme,Botte,folkabrid femme,folkabrid,marron,marron,36,,,folkabridfemme
193,Folkabrid,"Couleur:color:0, Pointure:select:1","Color:color:0, Size:select:1","Marron/Marron:0, 37:1","Marron/Marron:0, 37:1",,folkabrid-marron-marron-37,FOLKABRID-FE-MAMA37,Couleur:color:0,Pointure:select:1,Marron-Marron:0,0,37:1,1,,,,,,https://cata.meduse.co/femmes/bottes/folkabrid/marron-marron/bottes-femme-folkabrid-marron-marron-cote.jpg,1,,,,,193,Folkabrid,,folkabrid-marron-marron-37,Couleur,Pointure,Marron/Marron,1,37,3,1,60,42,10/01/2018,,,,Bottes femme,Femme,Botte,folkabrid femme,folkabrid,marron,marron,37,,,folkabridfemme
193,Folkabrid,"Couleur:color:0, Pointure:select:1","Color:color:0, Size:select:1","Marron/Marron:0, 38:1","Marron/Marron:0, 38:1",,folkabrid-marron-marron-38,FOLKABRID-FE-MAMA38,Couleur:color:0,Pointure:select:1,Marron-Marron:0,0,38:1,1,,,,,,https://cata.meduse.co/femmes/bottes/folkabrid/marron-marron/bottes-femme-folkabrid-marron-marron-cote.jpg,1,,,,,193,Folkabrid,,folkabrid-marron-marron-38,Couleur,Pointure,Marron/Marron,1,38,4,1,60,42,10/01/2018,,,,Bottes femme,Femme,Botte,folkabrid femme,folkabrid,marron,marron,38,,,folkabridfemme
193,Folkabrid,"Couleur:color:0, Pointure:select:1","Color:color:0, Size:select:1","Marron/Marron:0, 39:1","Marron/Marron:0, 39:1",,folkabrid-marron-marron-39,FOLKABRID-FE-MAMA39,Couleur:color:0,Pointure:select:1,Marron-Marron:0,0,39:1,1,,,,,,https://cata.meduse.co/femmes/bottes/folkabrid/marron-marron/bottes-femme-folkabrid-marron-marron-cote.jpg,1,,,,,193,Folkabrid,,folkabrid-marron-marron-39,Couleur,Pointure,Marron/Marron,1,39,5,1,60,42,10/01/2018,,,,Bottes femme,Femme,Botte,folkabrid femme,folkabrid,marron,marron,39,,,folkabridfemme
193,Folkabrid,"Couleur:color:0, Pointure:select:1","Color:color:0, Size:select:1","Marron/Marron:0, 40:1","Marron/Marron:0, 40:1",,folkabrid-marron-marron-40,FOLKABRID-FE-MAMA40,Couleur:color:0,Pointure:select:1,Marron-Marron:0,0,40:1,1,,,,,,https://cata.meduse.co/femmes/bottes/folkabrid/marron-marron/bottes-femme-folkabrid-marron-marron-cote.jpg,1,,,,,193,Folkabrid,,folkabrid-marron-marron-40,Couleur,Pointure,Marron/Marron,1,40,6,1,60,42,10/01/2018,,,,Bottes femme,Femme,Botte,folkabrid femme,folkabrid,marron,marron,40,,,folkabridfemme
193,Folkabrid,"Couleur:color:0, Pointure:select:1","Color:color:0, Size:select:1","Marron/Marron:0, 41:1","Marron/Marron:0, 41:1",,folkabrid-marron-marron-41,FOLKABRID-FE-MAMA41,Couleur:color:0,Pointure:select:1,Marron-Marron:0,0,41:1,1,,,,,,https://cata.meduse.co/femmes/bottes/folkabrid/marron-marron/bottes-femme-folkabrid-marron-marron-cote.jpg,1,,,,,193,Folkabrid,,folkabrid-marron-marron-41,Couleur,Pointure,Marron/Marron,1,41,7,1,60,42,10/01/2018,,,,Bottes femme,Femme,Botte,folkabrid femme,folkabrid,marron,marron,41,,,folkabridfemme
193,Folkabrid,"Couleur:color:0, Pointure:select:1","Color:color:0, Size:select:1","Marron/Marron:0, 42:1","Marron/Marron:0, 42:1",,folkabrid-marron-marron-42,FOLKABRID-FE-MAMA42,Couleur:color:0,Pointure:select:1,Marron-Marron:0,0,42:1,1,,,,,,https://cata.meduse.co/femmes/bottes/folkabrid/marron-marron/bottes-femme-folkabrid-marron-marron-cote.jpg,1,,,,,193,Folkabrid,,folkabrid-marron-marron-42,Couleur,Pointure,Marron/Marron,1,42,8,1,60,42,10/01/2018,,,,Bottes femme,Femme,Botte,folkabrid femme,folkabrid,marron,marron,42,,,folkabridfemme
193,Folkabrid,"Couleur:color:0, Pointure:select:1","Color:color:0, Size:select:1","Noir/Caramel:0, 35:1","Noir/Caramel:0, 35:1",,folkabrid-noir-caramel-35,FOLKABRID-FE-NOCA35,Couleur:color:0,Pointure:select:1,Noir-Caramel:0,0,35:1,1,,,,,,https://cata.meduse.co/femmes/bottes/folkabrid/noir-caramel/bottes-femme-folkabrid-noir-caramel-cote.jpg,1,,,,,193,Folkabrid,,folkabrid-noir-caramel-35,Couleur,Pointure,Noir/Caramel,2,35,1,1,60,42,10/01/2018,,,,Bottes femme,Femme,Botte,folkabrid femme,folkabrid,noir,caramel,35,,,folkabridfemme
193,Folkabrid,"Couleur:color:0, Pointure:select:1","Color:color:0, Size:select:1","Noir/Caramel:0, 36:1","Noir/Caramel:0, 36:1",,folkabrid-noir-caramel-36,FOLKABRID-FE-NOCA36,Couleur:color:0,Pointure:select:1,Noir-Caramel:0,0,36:1,1,,,,,,https://cata.meduse.co/femmes/bottes/folkabrid/noir-caramel/bottes-femme-folkabrid-noir-caramel-cote.jpg,1,,,,,193,Folkabrid,,folkabrid-noir-caramel-36,Couleur,Pointure,Noir/Caramel,2,36,2,1,60,42,10/01/2018,,,,Bottes femme,Femme,Botte,folkabrid femme,folkabrid,noir,caramel,36,,,folkabridfemme
193,Folkabrid,"Couleur:color:0, Pointure:select:1","Color:color:0, Size:select:1","Noir/Caramel:0, 37:1","Noir/Caramel:0, 37:1",,folkabrid-noir-caramel-37,FOLKABRID-FE-NOCA37,Couleur:color:0,Pointure:select:1,Noir-Caramel:0,0,37:1,1,,,,,,https://cata.meduse.co/femmes/bottes/folkabrid/noir-caramel/bottes-femme-folkabrid-noir-caramel-cote.jpg,1,,,,,193,Folkabrid,,folkabrid-noir-caramel-37,Couleur,Pointure,Noir/Caramel,2,37,3,1,60,42,10/01/2018,,,,Bottes femme,Femme,Botte,folkabrid femme,folkabrid,noir,caramel,37,,,folkabridfemme
193,Folkabrid,"Couleur:color:0, Pointure:select:1","Color:color:0, Size:select:1","Noir/Caramel:0, 38:1","Noir/Caramel:0, 38:1",,folkabrid-noir-caramel-38,FOLKABRID-FE-NOCA38,Couleur:color:0,Pointure:select:1,Noir-Caramel:0,0,38:1,1,,,,,,https://cata.meduse.co/femmes/bottes/folkabrid/noir-caramel/bottes-femme-folkabrid-noir-caramel-cote.jpg,1,,,,,193,Folkabrid,,folkabrid-noir-caramel-38,Couleur,Pointure,Noir/Caramel,2,38,4,1,60,42,10/01/2018,,,,Bottes femme,Femme,Botte,folkabrid femme,folkabrid,noir,caramel,38,,,folkabridfemme
193,Folkabrid,"Couleur:color:0, Pointure:select:1","Color:color:0, Size:select:1","Noir/Caramel:0, 39:1","Noir/Caramel:0, 39:1",,folkabrid-noir-caramel-39,FOLKABRID-FE-NOCA39,Couleur:color:0,Pointure:select:1,Noir-Caramel:0,0,39:1,1,,,,,,https://cata.meduse.co/femmes/bottes/folkabrid/noir-caramel/bottes-femme-folkabrid-noir-caramel-cote.jpg,1,,,,,193,Folkabrid,,folkabrid-noir-caramel-39,Couleur,Pointure,Noir/Caramel,2,39,5,1,60,42,10/01/2018,,,,Bottes femme,Femme,Botte,folkabrid femme,folkabrid,noir,caramel,39,,,folkabridfemme
193,Folkabrid,"Couleur:color:0, Pointure:select:1","Color:color:0, Size:select:1","Noir/Caramel:0, 40:1","Noir/Caramel:0, 40:1",,folkabrid-noir-caramel-40,FOLKABRID-FE-NOCA40,Couleur:color:0,Pointure:select:1,Noir-Caramel:0,0,40:1,1,,,,,,https://cata.meduse.co/femmes/bottes/folkabrid/noir-caramel/bottes-femme-folkabrid-noir-caramel-cote.jpg,1,,,,,193,Folkabrid,,folkabrid-noir-caramel-40,Couleur,Pointure,Noir/Caramel,2,40,6,1,60,42,10/01/2018,,,,Bottes femme,Femme,Botte,folkabrid femme,folkabrid,noir,caramel,40,,,folkabridfemme
193,Folkabrid,"Couleur:color:0, Pointure:select:1","Color:color:0, Size:select:1","Noir/Caramel:0, 41:1","Noir/Caramel:0, 41:1",,folkabrid-noir-caramel-41,FOLKABRID-FE-NOCA41,Couleur:color:0,Pointure:select:1,Noir-Caramel:0,0,41:1,1,,,,,,https://cata.meduse.co/femmes/bottes/folkabrid/noir-caramel/bottes-femme-folkabrid-noir-caramel-cote.jpg,1,,,,,193,Folkabrid,,folkabrid-noir-caramel-41,Couleur,Pointure,Noir/Caramel,2,41,7,1,60,42,10/01/2018,,,,Bottes femme,Femme,Botte,folkabrid femme,folkabrid,noir,caramel,41,,,folkabridfemme
193,Folkabrid,"Couleur:color:0, Pointure:select:1","Color:color:0, Size:select:1","Noir/Caramel:0, 42:1","Noir/Caramel:0, 42:1",,folkabrid-noir-caramel-42,FOLKABRID-FE-NOCA42,Couleur:color:0,Pointure:select:1,Noir-Caramel:0,0,42:1,1,,,,,,https://cata.meduse.co/femmes/bottes/folkabrid/noir-caramel/bottes-femme-folkabrid-noir-caramel-cote.jpg,1,,,,,193,Folkabrid,,folkabrid-noir-caramel-42,Couleur,Pointure,Noir/Caramel,2,42,8,1,60,42,10/01/2018,,,,Bottes femme,Femme,Botte,folkabrid femme,folkabrid,noir,caramel,42,,,folkabridfemme
197,Vogan,"Couleur:color:0, Pointure:select:1","Color:color:0, Size:select:1","Noir/Python:0, 36:1","Noir/Python:0, 36:1",,vogan-noir-python-36,VOGAN-FE-NOPY36,Couleur:color:0,Pointure:select:1,Noir-Python:0,0,36:1,1,,,,,,https://cata.meduse.co/femmes/bottes/vogan/noir-python/bottes-femme-vogan-noir-python-cote.jpg,1,,,,,197,Vogan,,vogan-noir-python-36,Couleur,Pointure,Noir/Python,1,36,1,1,81,57,10/01/2018,,,,Bottes femme,Femme,Botte,vogan femme,vogan,noir,python,36,,,voganfemme
197,Vogan,"Couleur:color:0, Pointure:select:1","Color:color:0, Size:select:1","Noir/Python:0, 37:1","Noir/Python:0, 37:1",,vogan-noir-python-37,VOGAN-FE-NOPY37,Couleur:color:0,Pointure:select:1,Noir-Python:0,0,37:1,1,,,,,,https://cata.meduse.co/femmes/bottes/vogan/noir-python/bottes-femme-vogan-noir-python-cote.jpg,1,,,,,197,Vogan,,vogan-noir-python-37,Couleur,Pointure,Noir/Python,1,37,2,1,81,57,10/01/2018,,,,Bottes femme,Femme,Botte,vogan femme,vogan,noir,python,37,,,voganfemme
197,Vogan,"Couleur:color:0, Pointure:select:1","Color:color:0, Size:select:1","Noir/Python:0, 38:1","Noir/Python:0, 38:1",,vogan-noir-python-38,VOGAN-FE-NOPY38,Couleur:color:0,Pointure:select:1,Noir-Python:0,0,38:1,1,,,,,,https://cata.meduse.co/femmes/bottes/vogan/noir-python/bottes-femme-vogan-noir-python-cote.jpg,1,,,,,197,Vogan,,vogan-noir-python-38,Couleur,Pointure,Noir/Python,1,38,3,1,81,57,10/01/2018,,,,Bottes femme,Femme,Botte,vogan femme,vogan,noir,python,38,,,voganfemme
197,Vogan,"Couleur:color:0, Pointure:select:1","Color:color:0, Size:select:1","Noir/Python:0, 39:1","Noir/Python:0, 39:1",,vogan-noir-python-39,VOGAN-FE-NOPY39,Couleur:color:0,Pointure:select:1,Noir-Python:0,0,39:1,1,,,,,,https://cata.meduse.co/femmes/bottes/vogan/noir-python/bottes-femme-vogan-noir-python-cote.jpg,1,,,,,197,Vogan,,vogan-noir-python-39,Couleur,Pointure,Noir/Python,1,39,4,1,81,57,10/01/2018,,,,Bottes femme,Femme,Botte,vogan femme,vogan,noir,python,39,,,voganfemme
197,Vogan,"Couleur:color:0, Pointure:select:1","Color:color:0, Size:select:1","Noir/Python:0, 40:1","Noir/Python:0, 40:1",,vogan-noir-python-40,VOGAN-FE-NOPY40,Couleur:color:0,Pointure:select:1,Noir-Python:0,0,40:1,1,,,,,,https://cata.meduse.co/femmes/bottes/vogan/noir-python/bottes-femme-vogan-noir-python-cote.jpg,1,,,,,197,Vogan,,vogan-noir-python-40,Couleur,Pointure,Noir/Python,1,40,5,1,81,57,10/01/2018,,,,Bottes femme,Femme,Botte,vogan femme,vogan,noir,python,40,,,voganfemme
197,Vogan,"Couleur:color:0, Pointure:select:1","Color:color:0, Size:select:1","Noir/Python:0, 41:1","Noir/Python:0, 41:1",,vogan-noir-python-41,VOGAN-FE-NOPY41,Couleur:color:0,Pointure:select:1,Noir-Python:0,0,41:1,1,,,,,,https://cata.meduse.co/femmes/bottes/vogan/noir-python/bottes-femme-vogan-noir-python-cote.jpg,1,,,,,197,Vogan,,vogan-noir-python-41,Couleur,Pointure,Noir/Python,1,41,6,1,81,57,10/01/2018,,,,Bottes femme,Femme,Botte,vogan femme,vogan,noir,python,41,,,voganfemme
200,Porte clés,Color:color:0,Color:color:0,Argent pailleté:0,Argent pailleté:0,,porte-clés-argent-pailleté,PORTE-AC-CLARPA,Couleur:color:0,:select:1,Argent pailleté:0,0,:1,1,,,,,,https://cata.meduse.co/accessoires/accessoires-porte-cles-argent-paillete.jpg,1,,,,,200,Porte clés,,porte-clés-argent-pailleté,Couleur,,Argent pailleté,1,,,1,3,,,,,,-,Accessoires,Accessoire,porte clés,porte,clés,argent,pailleté,,,porteclés
200,Porte clés,Color:color:0,Color:color:0,Bleu pastel:0,Bleu pastel:0,,porte-clés-bleu-pastel,PORTE-AC-CLBLPA,Couleur:color:0,:select:1,Bleu pastel:0,0,:1,1,,,,,,https://cata.meduse.co/accessoires/accessoires-porte-cles-bleu-pastel.jpg,1,,,,,200,Porte clés,,porte-clés-bleu-pastel,Couleur,,Bleu pastel,2,,,1,3,,,,,,-,Accessoires,Accessoire,porte clés,porte,clés,bleu,pastel,,,porteclés
200,Porte clés,Color:color:0,Color:color:0,Canari:0,Canari:0,,porte-clés-canari,PORTE-AC-CLCA,Couleur:color:0,:select:1,Canari:0,0,:1,1,,,,,,https://cata.meduse.co/accessoires/accessoires-porte-cles-canari.jpg,1,,,,,200,Porte clés,,porte-clés-canari,Couleur,,Canari,3,,,1,3,,,,,,-,Accessoires,Accessoire,porte clés,porte,clés,canari,,,,porteclés
200,Porte clés,Color:color:0,Color:color:0,Carmin:0,Carmin:0,,porte-clés-carmin,PORTE-AC-CLCA,Couleur:color:0,:select:1,Carmin:0,0,:1,1,,,,,,https://cata.meduse.co/accessoires/accessoires-porte-cles-carmin.jpg,1,,,,,200,Porte clés,,porte-clés-carmin,Couleur,,Carmin,4,,,1,3,,,,,,-,Accessoires,Accessoire,porte clés,porte,clés,carmin,,,,porteclés
200,Porte clés,Color:color:0,Color:color:0,Cobalt:0,Cobalt:0,,porte-clés-cobalt,PORTE-AC-CLCO,Couleur:color:0,:select:1,Cobalt:0,0,:1,1,,,,,,https://cata.meduse.co/accessoires/accessoires-porte-cles-cobalt.jpg,1,,,,,200,Porte clés,,porte-clés-cobalt,Couleur,,Cobalt,5,,,1,3,,,,,,-,Accessoires,Accessoire,porte clés,porte,clés,cobalt,,,,porteclés
200,Porte clés,Color:color:0,Color:color:0,Fuchsia:0,Fuchsia:0,,porte-clés-fuchsia,PORTE-AC-CLFU,Couleur:color:0,:select:1,Fuchsia:0,0,:1,1,,,,,,https://cata.meduse.co/accessoires/accessoires-porte-cles-fuchsia.jpg,1,,,,,200,Porte clés,,porte-clés-fuchsia,Couleur,,Fuchsia,6,,,1,3,,,,,,-,Accessoires,Accessoire,porte clés,porte,clés,fuchsia,,,,porteclés
200,Porte clés,Color:color:0,Color:color:0,Lagon:0,Lagon:0,,porte-clés-lagon,PORTE-AC-CLLA,Couleur:color:0,:select:1,Lagon:0,0,:1,1,,,,,,https://cata.meduse.co/accessoires/accessoires-porte-cles-lagon.jpg,1,,,,,200,Porte clés,,porte-clés-lagon,Couleur,,Lagon,7,,,1,3,,,,,,-,Accessoires,Accessoire,porte clés,porte,clés,lagon,,,,porteclés
200,Porte clés,Color:color:0,Color:color:0,Menthe:0,Menthe:0,,porte-clés-menthe,PORTE-AC-CLME,Couleur:color:0,:select:1,Menthe:0,0,:1,1,,,,,,https://cata.meduse.co/accessoires/accessoires-porte-cles-menthe.jpg,1,,,,,200,Porte clés,,porte-clés-menthe,Couleur,,Menthe,8,,,1,3,,,,,,-,Accessoires,Accessoire,porte clés,porte,clés,menthe,,,,porteclés
200,Porte clés,Color:color:0,Color:color:0,Noir:0,Noir:0,,porte-clés-noir,PORTE-AC-CLNO,Couleur:color:0,:select:1,Noir:0,0,:1,1,,,,,,https://cata.meduse.co/accessoires/accessoires-porte-cles-noir.jpg,1,,,,,200,Porte clés,,porte-clés-noir,Couleur,,Noir,9,,,1,3,,,,,,-,Accessoires,Accessoire,porte clés,porte,clés,noir,,,,porteclés
200,Porte clés,Color:color:0,Color:color:0,Nuage:0,Nuage:0,,porte-clés-nuage,PORTE-AC-CLNU,Couleur:color:0,:select:1,Nuage:0,0,:1,1,,,,,,https://cata.meduse.co/accessoires/accessoires-porte-cles-nuage.jpg,1,,,,,200,Porte clés,,porte-clés-nuage,Couleur,,Nuage,10,,,1,3,,,,,,-,Accessoires,Accessoire,porte clés,porte,clés,nuage,,,,porteclés
200,Porte clés,Color:color:0,Color:color:0,Rose pailleté:0,Rose pailleté:0,,porte-clés-rose-pailleté,PORTE-AC-CLROPA,Couleur:color:0,:select:1,Rose pailleté:0,0,:1,1,,,,,,https://cata.meduse.co/accessoires/accessoires-porte-cles-rose-paillete.jpg,1,,,,,200,Porte clés,,porte-clés-rose-pailleté,Couleur,,Rose pailleté,11,,,1,3,,,,,,-,Accessoires,Accessoire,porte clés,porte,clés,rose,pailleté,,,porteclés
200,Porte clés,Color:color:0,Color:color:0,Rose pastel:0,Rose pastel:0,,porte-clés-rose-pastel,PORTE-AC-CLROPA,Couleur:color:0,:select:1,Rose pastel:0,0,:1,1,,,,,,https://cata.meduse.co/accessoires/accessoires-porte-cles-rose-pastel.jpg,1,,,,,200,Porte clés,,porte-clés-rose-pastel,Couleur,,Rose pastel,12,,,1,3,,,,,,-,Accessoires,Accessoire,porte clés,porte,clés,rose,pastel,,,porteclés
200,Porte clés,Color:color:0,Color:color:0,Saumon pailleté:0,Saumon pailleté:0,,porte-clés-saumon-pailleté,PORTE-AC-CLSAPA,Couleur:color:0,:select:1,Saumon pailleté:0,0,:1,1,,,,,,https://cata.meduse.co/accessoires/accessoires-porte-cles-saumon-paillete.jpg,1,,,,,200,Porte clés,,porte-clés-saumon-pailleté,Couleur,,Saumon pailleté,13,,,1,3,,,,,,-,Accessoires,Accessoire,porte clés,porte,clés,saumon,pailleté,,,porteclés
200,Porte clés,Color:color:0,Color:color:0,Silver:0,Silver:0,,porte-clés-silver,PORTE-AC-CLSI,Couleur:color:0,:select:1,Silver:0,0,:1,1,,,,,,https://cata.meduse.co/accessoires/accessoires-porte-cles-silver.jpg,1,,,,,200,Porte clés,,porte-clés-silver,Couleur,,Silver,14,,,1,3,,,,,,-,Accessoires,Accessoire,porte clés,porte,clés,silver,,,,porteclés
200,Porte clés,Color:color:0,Color:color:0,Vert pastel:0,Vert pastel:0,,porte-clés-vert-pastel,PORTE-AC-CLVEPA,Couleur:color:0,:select:1,Vert pastel:0,0,:1,1,,,,,,https://cata.meduse.co/accessoires/accessoires-porte-cles-vert-pastel.jpg,1,,,,,200,Porte clés,,porte-clés-vert-pastel,Couleur,,Vert pastel,15,,,1,3,,,,,,-,Accessoires,Accessoire,porte clés,porte,clés,vert,pastel,,,porteclés
201,Sac en tissu,Color:color:0,Color:color:0,Multicolore:0,Multicolore:0,,sac-multicolore,SAC-AC-MU,Couleur:color:0,:select:1,Multicolore:0,0,:1,1,,,,,,"https://cata.meduse.co/accessoires/accessoires-sac-en-tissu-multicolore-recto.jpg,https://cata.meduse.co/accessoires/accessoires-sac-en-tissu-multicolore-verso.jpg",1,,,,,201,Sac en tissu,,sac-multicolore,Couleur,,Multicolore,1,,,1,6,,,,,,-,Accessoires,Accessoire,sac en tissu,sac,multicolore,,,,,sacentissu
205,Japlou,"Couleur:color:0, Pointure:select:1","Color:color:0, Size:select:1","Argent/Noir:0, 36:1","Argent/Noir:0, 36:1",,japlou-argent-noir-36,JAPLOU-FE-ARNO36,Couleur:color:0,Pointure:select:1,Argent-Noir:0,0,36:1,1,,,,,,https://cata.meduse.co/femmes/bottines/japlou/argent-noir/bottines-femme-japlou-argent-noir-cote.jpg,1,,,,,205,Japlou,,japlou-argent-noir-36,Couleur,Pointure,Argent/Noir,1,36,1,1,54,,,,,,Bottines femme,Femme,Bottine,japlou femme,japlou,argent,noir,36,,,japloufemme
205,Japlou,"Couleur:color:0, Pointure:select:1","Color:color:0, Size:select:1","Argent/Noir:0, 37:1","Argent/Noir:0, 37:1",,japlou-argent-noir-37,JAPLOU-FE-ARNO37,Couleur:color:0,Pointure:select:1,Argent-Noir:0,0,37:1,1,,,,,,https://cata.meduse.co/femmes/bottines/japlou/argent-noir/bottines-femme-japlou-argent-noir-cote.jpg,1,,,,,205,Japlou,,japlou-argent-noir-37,Couleur,Pointure,Argent/Noir,1,37,2,1,54,,,,,,Bottines femme,Femme,Bottine,japlou femme,japlou,argent,noir,37,,,japloufemme
205,Japlou,"Couleur:color:0, Pointure:select:1","Color:color:0, Size:select:1","Argent/Noir:0, 38:1","Argent/Noir:0, 38:1",,japlou-argent-noir-38,JAPLOU-FE-ARNO38,Couleur:color:0,Pointure:select:1,Argent-Noir:0,0,38:1,1,,,,,,https://cata.meduse.co/femmes/bottines/japlou/argent-noir/bottines-femme-japlou-argent-noir-cote.jpg,1,,,,,205,Japlou,,japlou-argent-noir-38,Couleur,Pointure,Argent/Noir,1,38,3,1,54,,,,,,Bottines femme,Femme,Bottine,japlou femme,japlou,argent,noir,38,,,japloufemme
205,Japlou,"Couleur:color:0, Pointure:select:1","Color:color:0, Size:select:1","Argent/Noir:0, 39:1","Argent/Noir:0, 39:1",,japlou-argent-noir-39,JAPLOU-FE-ARNO39,Couleur:color:0,Pointure:select:1,Argent-Noir:0,0,39:1,1,,,,,,https://cata.meduse.co/femmes/bottines/japlou/argent-noir/bottines-femme-japlou-argent-noir-cote.jpg,1,,,,,205,Japlou,,japlou-argent-noir-39,Couleur,Pointure,Argent/Noir,1,39,4,1,54,,,,,,Bottines femme,Femme,Bottine,japlou femme,japlou,argent,noir,39,,,japloufemme
205,Japlou,"Couleur:color:0, Pointure:select:1","Color:color:0, Size:select:1","Argent/Noir:0, 40:1","Argent/Noir:0, 40:1",,japlou-argent-noir-40,JAPLOU-FE-ARNO40,Couleur:color:0,Pointure:select:1,Argent-Noir:0,0,40:1,1,,,,,,https://cata.meduse.co/femmes/bottines/japlou/argent-noir/bottines-femme-japlou-argent-noir-cote.jpg,1,,,,,205,Japlou,,japlou-argent-noir-40,Couleur,Pointure,Argent/Noir,1,40,5,1,54,,,,,,Bottines femme,Femme,Bottine,japlou femme,japlou,argent,noir,40,,,japloufemme
205,Japlou,"Couleur:color:0, Pointure:select:1","Color:color:0, Size:select:1","Argent/Noir:0, 41:1","Argent/Noir:0, 41:1",,japlou-argent-noir-41,JAPLOU-FE-ARNO41,Couleur:color:0,Pointure:select:1,Argent-Noir:0,0,41:1,1,,,,,,https://cata.meduse.co/femmes/bottines/japlou/argent-noir/bottines-femme-japlou-argent-noir-cote.jpg,1,,,,,205,Japlou,,japlou-argent-noir-41,Couleur,Pointure,Argent/Noir,1,41,6,1,54,,,,,,Bottines femme,Femme,Bottine,japlou femme,japlou,argent,noir,41,,,japloufemme
205,Japlou,"Couleur:color:0, Pointure:select:1","Color:color:0, Size:select:1","Bleu/Bleu foncé:0, 36:1","Bleu/Bleu foncé:0, 36:1",,japlou-bleu-bleu-foncé-36,JAPLOU-FE-BLBLFO36,Couleur:color:0,Pointure:select:1,Bleu-Bleu foncé:0,0,36:1,1,,,,,,https://cata.meduse.co/femmes/bottines/japlou/bleu-bleu-fonce/bottines-femme-japlou-bleu-bleu-fonce-cote.jpg,1,,,,,205,Japlou,,japlou-bleu-bleu-foncé-36,Couleur,Pointure,Bleu/Bleu foncé,2,36,1,1,54,,,,,,Bottines femme,Femme,Bottine,japlou femme,japlou,bleu,bleu,foncé,36,,japloufemme
205,Japlou,"Couleur:color:0, Pointure:select:1","Color:color:0, Size:select:1","Bleu/Bleu foncé:0, 37:1","Bleu/Bleu foncé:0, 37:1",,japlou-bleu-bleu-foncé-37,JAPLOU-FE-BLBLFO37,Couleur:color:0,Pointure:select:1,Bleu-Bleu foncé:0,0,37:1,1,,,,,,https://cata.meduse.co/femmes/bottines/japlou/bleu-bleu-fonce/bottines-femme-japlou-bleu-bleu-fonce-cote.jpg,1,,,,,205,Japlou,,japlou-bleu-bleu-foncé-37,Couleur,Pointure,Bleu/Bleu foncé,2,37,2,1,54,,,,,,Bottines femme,Femme,Bottine,japlou femme,japlou,bleu,bleu,foncé,37,,japloufemme
205,Japlou,"Couleur:color:0, Pointure:select:1","Color:color:0, Size:select:1","Bleu/Bleu foncé:0, 38:1","Bleu/Bleu foncé:0, 38:1",,japlou-bleu-bleu-foncé-38,JAPLOU-FE-BLBLFO38,Couleur:color:0,Pointure:select:1,Bleu-Bleu foncé:0,0,38:1,1,,,,,,https://cata.meduse.co/femmes/bottines/japlou/bleu-bleu-fonce/bottines-femme-japlou-bleu-bleu-fonce-cote.jpg,1,,,,,205,Japlou,,japlou-bleu-bleu-foncé-38,Couleur,Pointure,Bleu/Bleu foncé,2,38,3,1,54,,,,,,Bottines femme,Femme,Bottine,japlou femme,japlou,bleu,bleu,foncé,38,,japloufemme
205,Japlou,"Couleur:color:0, Pointure:select:1","Color:color:0, Size:select:1","Bleu/Bleu foncé:0, 39:1","Bleu/Bleu foncé:0, 39:1",,japlou-bleu-bleu-foncé-39,JAPLOU-FE-BLBLFO39,Couleur:color:0,Pointure:select:1,Bleu-Bleu foncé:0,0,39:1,1,,,,,,https://cata.meduse.co/femmes/bottines/japlou/bleu-bleu-fonce/bottines-femme-japlou-bleu-bleu-fonce-cote.jpg,1,,,,,205,Japlou,,japlou-bleu-bleu-foncé-39,Couleur,Pointure,Bleu/Bleu foncé,2,39,4,1,54,,,,,,Bottines femme,Femme,Bottine,japlou femme,japlou,bleu,bleu,foncé,39,,japloufemme
205,Japlou,"Couleur:color:0, Pointure:select:1","Color:color:0, Size:select:1","Bleu/Bleu foncé:0, 40:1","Bleu/Bleu foncé:0, 40:1",,japlou-bleu-bleu-foncé-40,JAPLOU-FE-BLBLFO40,Couleur:color:0,Pointure:select:1,Bleu-Bleu foncé:0,0,40:1,1,,,,,,https://cata.meduse.co/femmes/bottines/japlou/bleu-bleu-fonce/bottines-femme-japlou-bleu-bleu-fonce-cote.jpg,1,,,,,205,Japlou,,japlou-bleu-bleu-foncé-40,Couleur,Pointure,Bleu/Bleu foncé,2,40,5,1,54,,,,,,Bottines femme,Femme,Bottine,japlou femme,japlou,bleu,bleu,foncé,40,,japloufemme
205,Japlou,"Couleur:color:0, Pointure:select:1","Color:color:0, Size:select:1","Bleu/Bleu foncé:0, 41:1","Bleu/Bleu foncé:0, 41:1",,japlou-bleu-bleu-foncé-41,JAPLOU-FE-BLBLFO41,Couleur:color:0,Pointure:select:1,Bleu-Bleu foncé:0,0,41:1,1,,,,,,https://cata.meduse.co/femmes/bottines/japlou/bleu-bleu-fonce/bottines-femme-japlou-bleu-bleu-fonce-cote.jpg,1,,,,,205,Japlou,,japlou-bleu-bleu-foncé-41,Couleur,Pointure,Bleu/Bleu foncé,2,41,6,1,54,,,,,,Bottines femme,Femme,Bottine,japlou femme,japlou,bleu,bleu,foncé,41,,japloufemme
205,Japlou,"Couleur:color:0, Pointure:select:1","Color:color:0, Size:select:1","Marine/Rouge:0, 36:1","Marine/Rouge:0, 36:1",,japlou-marine-rouge-36,JAPLOU-FE-MARO36,Couleur:color:0,Pointure:select:1,Marine-Rouge:0,0,36:1,1,,,,,,https://cata.meduse.co/femmes/bottines/japlou/marine-rouge/bottines-femme-japlou-marine-rouge-cote.jpg,1,,,,,205,Japlou,,japlou-marine-rouge-36,Couleur,Pointure,Marine/Rouge,3,36,1,1,54,,,,,,Bottines femme,Femme,Bottine,japlou femme,japlou,marine,rouge,36,,,japloufemme
205,Japlou,"Couleur:color:0, Pointure:select:1","Color:color:0, Size:select:1","Marine/Rouge:0, 37:1","Marine/Rouge:0, 37:1",,japlou-marine-rouge-37,JAPLOU-FE-MARO37,Couleur:color:0,Pointure:select:1,Marine-Rouge:0,0,37:1,1,,,,,,https://cata.meduse.co/femmes/bottines/japlou/marine-rouge/bottines-femme-japlou-marine-rouge-cote.jpg,1,,,,,205,Japlou,,japlou-marine-rouge-37,Couleur,Pointure,Marine/Rouge,3,37,2,1,54,,,,,,Bottines femme,Femme,Bottine,japlou femme,japlou,marine,rouge,37,,,japloufemme
205,Japlou,"Couleur:color:0, Pointure:select:1","Color:color:0, Size:select:1","Marine/Rouge:0, 38:1","Marine/Rouge:0, 38:1",,japlou-marine-rouge-38,JAPLOU-FE-MARO38,Couleur:color:0,Pointure:select:1,Marine-Rouge:0,0,38:1,1,,,,,,https://cata.meduse.co/femmes/bottines/japlou/marine-rouge/bottines-femme-japlou-marine-rouge-cote.jpg,1,,,,,205,Japlou,,japlou-marine-rouge-38,Couleur,Pointure,Marine/Rouge,3,38,3,1,54,,,,,,Bottines femme,Femme,Bottine,japlou femme,japlou,marine,rouge,38,,,japloufemme
205,Japlou,"Couleur:color:0, Pointure:select:1","Color:color:0, Size:select:1","Marine/Rouge:0, 39:1","Marine/Rouge:0, 39:1",,japlou-marine-rouge-39,JAPLOU-FE-MARO39,Couleur:color:0,Pointure:select:1,Marine-Rouge:0,0,39:1,1,,,,,,https://cata.meduse.co/femmes/bottines/japlou/marine-rouge/bottines-femme-japlou-marine-rouge-cote.jpg,1,,,,,205,Japlou,,japlou-marine-rouge-39,Couleur,Pointure,Marine/Rouge,3,39,4,1,54,,,,,,Bottines femme,Femme,Bottine,japlou femme,japlou,marine,rouge,39,,,japloufemme
205,Japlou,"Couleur:color:0, Pointure:select:1","Color:color:0, Size:select:1","Marine/Rouge:0, 40:1","Marine/Rouge:0, 40:1",,japlou-marine-rouge-40,JAPLOU-FE-MARO40,Couleur:color:0,Pointure:select:1,Marine-Rouge:0,0,40:1,1,,,,,,https://cata.meduse.co/femmes/bottines/japlou/marine-rouge/bottines-femme-japlou-marine-rouge-cote.jpg,1,,,,,205,Japlou,,japlou-marine-rouge-40,Couleur,Pointure,Marine/Rouge,3,40,5,1,54,,,,,,Bottines femme,Femme,Bottine,japlou femme,japlou,marine,rouge,40,,,japloufemme
205,Japlou,"Couleur:color:0, Pointure:select:1","Color:color:0, Size:select:1","Marine/Rouge:0, 41:1","Marine/Rouge:0, 41:1",,japlou-marine-rouge-41,JAPLOU-FE-MARO41,Couleur:color:0,Pointure:select:1,Marine-Rouge:0,0,41:1,1,,,,,,https://cata.meduse.co/femmes/bottines/japlou/marine-rouge/bottines-femme-japlou-marine-rouge-cote.jpg,1,,,,,205,Japlou,,japlou-marine-rouge-41,Couleur,Pointure,Marine/Rouge,3,41,6,1,54,,,,,,Bottines femme,Femme,Bottine,japlou femme,japlou,marine,rouge,41,,,japloufemme
205,Japlou,"Couleur:color:0, Pointure:select:1","Color:color:0, Size:select:1","Noir/Argent pailleté:0, 36:1","Noir/Argent pailleté:0, 36:1",,japlou-noir-argent-pailleté-36,JAPLOU-FE-NOARPA36,Couleur:color:0,Pointure:select:1,Noir-Argent pailleté:0,0,36:1,1,,,,,,https://cata.meduse.co/femmes/bottines/japlou/noir-argent-paillete/bottines-femme-japlou-noir-argent-paillete-cote.jpg,1,,,,,205,Japlou,,japlou-noir-argent-pailleté-36,Couleur,Pointure,Noir/Argent pailleté,4,36,1,1,54,,,,,,Bottines femme,Femme,Bottine,japlou femme,japlou,noir,argent,pailleté,36,,japloufemme
205,Japlou,"Couleur:color:0, Pointure:select:1","Color:color:0, Size:select:1","Noir/Argent pailleté:0, 37:1","Noir/Argent pailleté:0, 37:1",,japlou-noir-argent-pailleté-37,JAPLOU-FE-NOARPA37,Couleur:color:0,Pointure:select:1,Noir-Argent pailleté:0,0,37:1,1,,,,,,https://cata.meduse.co/femmes/bottines/japlou/noir-argent-paillete/bottines-femme-japlou-noir-argent-paillete-cote.jpg,1,,,,,205,Japlou,,japlou-noir-argent-pailleté-37,Couleur,Pointure,Noir/Argent pailleté,4,37,2,1,54,,,,,,Bottines femme,Femme,Bottine,japlou femme,japlou,noir,argent,pailleté,37,,japloufemme
205,Japlou,"Couleur:color:0, Pointure:select:1","Color:color:0, Size:select:1","Noir/Argent pailleté:0, 38:1","Noir/Argent pailleté:0, 38:1",,japlou-noir-argent-pailleté-38,JAPLOU-FE-NOARPA38,Couleur:color:0,Pointure:select:1,Noir-Argent pailleté:0,0,38:1,1,,,,,,https://cata.meduse.co/femmes/bottines/japlou/noir-argent-paillete/bottines-femme-japlou-noir-argent-paillete-cote.jpg,1,,,,,205,Japlou,,japlou-noir-argent-pailleté-38,Couleur,Pointure,Noir/Argent pailleté,4,38,3,1,54,,,,,,Bottines femme,Femme,Bottine,japlou femme,japlou,noir,argent,pailleté,38,,japloufemme
205,Japlou,"Couleur:color:0, Pointure:select:1","Color:color:0, Size:select:1","Noir/Argent pailleté:0, 39:1","Noir/Argent pailleté:0, 39:1",,japlou-noir-argent-pailleté-39,JAPLOU-FE-NOARPA39,Couleur:color:0,Pointure:select:1,Noir-Argent pailleté:0,0,39:1,1,,,,,,https://cata.meduse.co/femmes/bottines/japlou/noir-argent-paillete/bottines-femme-japlou-noir-argent-paillete-cote.jpg,1,,,,,205,Japlou,,japlou-noir-argent-pailleté-39,Couleur,Pointure,Noir/Argent pailleté,4,39,4,1,54,,,,,,Bottines femme,Femme,Bottine,japlou femme,japlou,noir,argent,pailleté,39,,japloufemme
205,Japlou,"Couleur:color:0, Pointure:select:1","Color:color:0, Size:select:1","Noir/Argent pailleté:0, 40:1","Noir/Argent pailleté:0, 40:1",,japlou-noir-argent-pailleté-40,JAPLOU-FE-NOARPA40,Couleur:color:0,Pointure:select:1,Noir-Argent pailleté:0,0,40:1,1,,,,,,https://cata.meduse.co/femmes/bottines/japlou/noir-argent-paillete/bottines-femme-japlou-noir-argent-paillete-cote.jpg,1,,,,,205,Japlou,,japlou-noir-argent-pailleté-40,Couleur,Pointure,Noir/Argent pailleté,4,40,5,1,54,,,,,,Bottines femme,Femme,Bottine,japlou femme,japlou,noir,argent,pailleté,40,,japloufemme
205,Japlou,"Couleur:color:0, Pointure:select:1","Color:color:0, Size:select:1","Noir/Argent pailleté:0, 41:1","Noir/Argent pailleté:0, 41:1",,japlou-noir-argent-pailleté-41,JAPLOU-FE-NOARPA41,Couleur:color:0,Pointure:select:1,Noir-Argent pailleté:0,0,41:1,1,,,,,,https://cata.meduse.co/femmes/bottines/japlou/noir-argent-paillete/bottines-femme-japlou-noir-argent-paillete-cote.jpg,1,,,,,205,Japlou,,japlou-noir-argent-pailleté-41,Couleur,Pointure,Noir/Argent pailleté,4,41,6,1,54,,,,,,Bottines femme,Femme,Bottine,japlou femme,japlou,noir,argent,pailleté,41,,japloufemme
205,Japlou,"Couleur:color:0, Pointure:select:1","Color:color:0, Size:select:1","Panthère:0, 36:1","Panthère:0, 36:1",,japlou-panthère-36,JAPLOU-FE-PA36,Couleur:color:0,Pointure:select:1,Panthère:0,0,36:1,1,,,,,,https://cata.meduse.co/femmes/bottines/japlou/panthere/bottines-femme-japlou-panthere-cote.jpg,1,,,,,205,Japlou,,japlou-panthère-36,Couleur,Pointure,Panthère,5,36,1,1,54,,,,,,Bottines femme,Femme,Bottine,japlou femme,japlou,panthère,36,,,,japloufemme
205,Japlou,"Couleur:color:0, Pointure:select:1","Color:color:0, Size:select:1","Panthère:0, 37:1","Panthère:0, 37:1",,japlou-panthère-37,JAPLOU-FE-PA37,Couleur:color:0,Pointure:select:1,Panthère:0,0,37:1,1,,,,,,https://cata.meduse.co/femmes/bottines/japlou/panthere/bottines-femme-japlou-panthere-cote.jpg,1,,,,,205,Japlou,,japlou-panthère-37,Couleur,Pointure,Panthère,5,37,2,1,54,,,,,,Bottines femme,Femme,Bottine,japlou femme,japlou,panthère,37,,,,japloufemme
205,Japlou,"Couleur:color:0, Pointure:select:1","Color:color:0, Size:select:1","Panthère:0, 38:1","Panthère:0, 38:1",,japlou-panthère-38,JAPLOU-FE-PA38,Couleur:color:0,Pointure:select:1,Panthère:0,0,38:1,1,,,,,,https://cata.meduse.co/femmes/bottines/japlou/panthere/bottines-femme-japlou-panthere-cote.jpg,1,,,,,205,Japlou,,japlou-panthère-38,Couleur,Pointure,Panthère,5,38,3,1,54,,,,,,Bottines femme,Femme,Bottine,japlou femme,japlou,panthère,38,,,,japloufemme
205,Japlou,"Couleur:color:0, Pointure:select:1","Color:color:0, Size:select:1","Panthère:0, 39:1","Panthère:0, 39:1",,japlou-panthère-39,JAPLOU-FE-PA39,Couleur:color:0,Pointure:select:1,Panthère:0,0,39:1,1,,,,,,https://cata.meduse.co/femmes/bottines/japlou/panthere/bottines-femme-japlou-panthere-cote.jpg,1,,,,,205,Japlou,,japlou-panthère-39,Couleur,Pointure,Panthère,5,39,4,1,54,,,,,,Bottines femme,Femme,Bottine,japlou femme,japlou,panthère,39,,,,japloufemme
205,Japlou,"Couleur:color:0, Pointure:select:1","Color:color:0, Size:select:1","Panthère:0, 40:1","Panthère:0, 40:1",,japlou-panthère-40,JAPLOU-FE-PA40,Couleur:color:0,Pointure:select:1,Panthère:0,0,40:1,1,,,,,,https://cata.meduse.co/femmes/bottines/japlou/panthere/bottines-femme-japlou-panthere-cote.jpg,1,,,,,205,Japlou,,japlou-panthère-40,Couleur,Pointure,Panthère,5,40,5,1,54,,,,,,Bottines femme,Femme,Bottine,japlou femme,japlou,panthère,40,,,,japloufemme
205,Japlou,"Couleur:color:0, Pointure:select:1","Color:color:0, Size:select:1","Panthère:0, 41:1","Panthère:0, 41:1",,japlou-panthère-41,JAPLOU-FE-PA41,Couleur:color:0,Pointure:select:1,Panthère:0,0,41:1,1,,,,,,https://cata.meduse.co/femmes/bottines/japlou/panthere/bottines-femme-japlou-panthere-cote.jpg,1,,,,,205,Japlou,,japlou-panthère-41,Couleur,Pointure,Panthère,5,41,6,1,54,,,,,,Bottines femme,Femme,Bottine,japlou femme,japlou,panthère,41,,,,japloufemme
206,Bahamas,"Couleur:color:0, Pointure:select:1","Color:color:0, Size:select:1","Hologramme argent/Argent:0, 36:1","Hologramme argent/Argent:0, 36:1",,bahamas-hologramme-argent-argent-36,BAHAMAS-FE-HOARAR36,Couleur:color:0,Pointure:select:1,Hologramme argent-Argent:0,0,36:1,1,,,,,,https://cata.meduse.co/femmes/sandales/bahamas/hologramme-argent-argent/sandales-femme-bahamas-hologramme-argent-argent-cote.jpg,1,,,,,206,Bahamas,,bahamas-hologramme-argent-argent-36,Couleur,Pointure,Hologramme argent/Argent,1,36,1,1,54,,,,,,Sandales femme,Femme,Sandale,bahamas femme,bahamas,hologramme,argent,argent,36,,bahamasfemme
206,Bahamas,"Couleur:color:0, Pointure:select:1","Color:color:0, Size:select:1","Hologramme argent/Argent:0, 37:1","Hologramme argent/Argent:0, 37:1",,bahamas-hologramme-argent-argent-37,BAHAMAS-FE-HOARAR37,Couleur:color:0,Pointure:select:1,Hologramme argent-Argent:0,0,37:1,1,,,,,,https://cata.meduse.co/femmes/sandales/bahamas/hologramme-argent-argent/sandales-femme-bahamas-hologramme-argent-argent-cote.jpg,1,,,,,206,Bahamas,,bahamas-hologramme-argent-argent-37,Couleur,Pointure,Hologramme argent/Argent,1,37,2,1,54,,,,,,Sandales femme,Femme,Sandale,bahamas femme,bahamas,hologramme,argent,argent,37,,bahamasfemme
206,Bahamas,"Couleur:color:0, Pointure:select:1","Color:color:0, Size:select:1","Hologramme argent/Argent:0, 38:1","Hologramme argent/Argent:0, 38:1",,bahamas-hologramme-argent-argent-38,BAHAMAS-FE-HOARAR38,Couleur:color:0,Pointure:select:1,Hologramme argent-Argent:0,0,38:1,1,,,,,,https://cata.meduse.co/femmes/sandales/bahamas/hologramme-argent-argent/sandales-femme-bahamas-hologramme-argent-argent-cote.jpg,1,,,,,206,Bahamas,,bahamas-hologramme-argent-argent-38,Couleur,Pointure,Hologramme argent/Argent,1,38,3,1,54,,,,,,Sandales femme,Femme,Sandale,bahamas femme,bahamas,hologramme,argent,argent,38,,bahamasfemme
206,Bahamas,"Couleur:color:0, Pointure:select:1","Color:color:0, Size:select:1","Hologramme argent/Argent:0, 39:1","Hologramme argent/Argent:0, 39:1",,bahamas-hologramme-argent-argent-39,BAHAMAS-FE-HOARAR39,Couleur:color:0,Pointure:select:1,Hologramme argent-Argent:0,0,39:1,1,,,,,,https://cata.meduse.co/femmes/sandales/bahamas/hologramme-argent-argent/sandales-femme-bahamas-hologramme-argent-argent-cote.jpg,1,,,,,206,Bahamas,,bahamas-hologramme-argent-argent-39,Couleur,Pointure,Hologramme argent/Argent,1,39,4,1,54,,,,,,Sandales femme,Femme,Sandale,bahamas femme,bahamas,hologramme,argent,argent,39,,bahamasfemme
206,Bahamas,"Couleur:color:0, Pointure:select:1","Color:color:0, Size:select:1","Hologramme argent/Argent:0, 40:1","Hologramme argent/Argent:0, 40:1",,bahamas-hologramme-argent-argent-40,BAHAMAS-FE-HOARAR40,Couleur:color:0,Pointure:select:1,Hologramme argent-Argent:0,0,40:1,1,,,,,,https://cata.meduse.co/femmes/sandales/bahamas/hologramme-argent-argent/sandales-femme-bahamas-hologramme-argent-argent-cote.jpg,1,,,,,206,Bahamas,,bahamas-hologramme-argent-argent-40,Couleur,Pointure,Hologramme argent/Argent,1,40,5,1,54,,,,,,Sandales femme,Femme,Sandale,bahamas femme,bahamas,hologramme,argent,argent,40,,bahamasfemme
206,Bahamas,"Couleur:color:0, Pointure:select:1","Color:color:0, Size:select:1","Hologramme argent/Argent:0, 41:1","Hologramme argent/Argent:0, 41:1",,bahamas-hologramme-argent-argent-41,BAHAMAS-FE-HOARAR41,Couleur:color:0,Pointure:select:1,Hologramme argent-Argent:0,0,41:1,1,,,,,,https://cata.meduse.co/femmes/sandales/bahamas/hologramme-argent-argent/sandales-femme-bahamas-hologramme-argent-argent-cote.jpg,1,,,,,206,Bahamas,,bahamas-hologramme-argent-argent-41,Couleur,Pointure,Hologramme argent/Argent,1,41,6,1,54,,,,,,Sandales femme,Femme,Sandale,bahamas femme,bahamas,hologramme,argent,argent,41,,bahamasfemme
206,Bahamas,"Couleur:color:0, Pointure:select:1","Color:color:0, Size:select:1","Hologramme noir/Noir:0, 36:1","Hologramme noir/Noir:0, 36:1",,bahamas-hologramme-noir-noir-36,BAHAMAS-FE-HONONO36,Couleur:color:0,Pointure:select:1,Hologramme noir-Noir:0,0,36:1,1,,,,,,https://cata.meduse.co/femmes/sandales/bahamas/hologramme-noir-noir/sandales-femme-bahamas-hologramme-noir-noir-cote.jpg,1,,,,,206,Bahamas,,bahamas-hologramme-noir-noir-36,Couleur,Pointure,Hologramme noir/Noir,2,36,1,1,54,,,,,,Sandales femme,Femme,Sandale,bahamas femme,bahamas,hologramme,noir,noir,36,,bahamasfemme
206,Bahamas,"Couleur:color:0, Pointure:select:1","Color:color:0, Size:select:1","Hologramme noir/Noir:0, 37:1","Hologramme noir/Noir:0, 37:1",,bahamas-hologramme-noir-noir-37,BAHAMAS-FE-HONONO37,Couleur:color:0,Pointure:select:1,Hologramme noir-Noir:0,0,37:1,1,,,,,,https://cata.meduse.co/femmes/sandales/bahamas/hologramme-noir-noir/sandales-femme-bahamas-hologramme-noir-noir-cote.jpg,1,,,,,206,Bahamas,,bahamas-hologramme-noir-noir-37,Couleur,Pointure,Hologramme noir/Noir,2,37,2,1,54,,,,,,Sandales femme,Femme,Sandale,bahamas femme,bahamas,hologramme,noir,noir,37,,bahamasfemme
206,Bahamas,"Couleur:color:0, Pointure:select:1","Color:color:0, Size:select:1","Hologramme noir/Noir:0, 38:1","Hologramme noir/Noir:0, 38:1",,bahamas-hologramme-noir-noir-38,BAHAMAS-FE-HONONO38,Couleur:color:0,Pointure:select:1,Hologramme noir-Noir:0,0,38:1,1,,,,,,https://cata.meduse.co/femmes/sandales/bahamas/hologramme-noir-noir/sandales-femme-bahamas-hologramme-noir-noir-cote.jpg,1,,,,,206,Bahamas,,bahamas-hologramme-noir-noir-38,Couleur,Pointure,Hologramme noir/Noir,2,38,3,1,54,,,,,,Sandales femme,Femme,Sandale,bahamas femme,bahamas,hologramme,noir,noir,38,,bahamasfemme
206,Bahamas,"Couleur:color:0, Pointure:select:1","Color:color:0, Size:select:1","Hologramme noir/Noir:0, 39:1","Hologramme noir/Noir:0, 39:1",,bahamas-hologramme-noir-noir-39,BAHAMAS-FE-HONONO39,Couleur:color:0,Pointure:select:1,Hologramme noir-Noir:0,0,39:1,1,,,,,,https://cata.meduse.co/femmes/sandales/bahamas/hologramme-noir-noir/sandales-femme-bahamas-hologramme-noir-noir-cote.jpg,1,,,,,206,Bahamas,,bahamas-hologramme-noir-noir-39,Couleur,Pointure,Hologramme noir/Noir,2,39,4,1,54,,,,,,Sandales femme,Femme,Sandale,bahamas femme,bahamas,hologramme,noir,noir,39,,bahamasfemme
206,Bahamas,"Couleur:color:0, Pointure:select:1","Color:color:0, Size:select:1","Hologramme noir/Noir:0, 40:1","Hologramme noir/Noir:0, 40:1",,bahamas-hologramme-noir-noir-40,BAHAMAS-FE-HONONO40,Couleur:color:0,Pointure:select:1,Hologramme noir-Noir:0,0,40:1,1,,,,,,https://cata.meduse.co/femmes/sandales/bahamas/hologramme-noir-noir/sandales-femme-bahamas-hologramme-noir-noir-cote.jpg,1,,,,,206,Bahamas,,bahamas-hologramme-noir-noir-40,Couleur,Pointure,Hologramme noir/Noir,2,40,5,1,54,,,,,,Sandales femme,Femme,Sandale,bahamas femme,bahamas,hologramme,noir,noir,40,,bahamasfemme
206,Bahamas,"Couleur:color:0, Pointure:select:1","Color:color:0, Size:select:1","Hologramme noir/Noir:0, 41:1","Hologramme noir/Noir:0, 41:1",,bahamas-hologramme-noir-noir-41,BAHAMAS-FE-HONONO41,Couleur:color:0,Pointure:select:1,Hologramme noir-Noir:0,0,41:1,1,,,,,,https://cata.meduse.co/femmes/sandales/bahamas/hologramme-noir-noir/sandales-femme-bahamas-hologramme-noir-noir-cote.jpg,1,,,,,206,Bahamas,,bahamas-hologramme-noir-noir-41,Couleur,Pointure,Hologramme noir/Noir,2,41,6,1,54,,,,,,Sandales femme,Femme,Sandale,bahamas femme,bahamas,hologramme,noir,noir,41,,bahamasfemme
266,Camera,"Couleur:color:0, Pointure:select:1","Color:color:0, Size:select:1","Noir/Fantaisie:0, 36:1","Noir/Fantaisie:0, 36:1",,camera-noir-fantaisie-36,CAMERA-FE-NOFA36,Couleur:color:0,Pointure:select:1,Noir-Fantaisie:0,0,36:1,1,,,,,,https://cata.meduse.co/femmes/bottines/camera/noir-fantaisie/bottines-femme-camera-noir-fantaisie-cote.jpg,1,,,,,266,Camera,,camera-noir-fantaisie-36,Couleur,Pointure,Noir/Fantaisie,1,36,1,1,51,,,,,,Bottines femme,Femme,Bottine,camera femme,camera,noir,fantaisie,36,,,camerafemme
266,Camera,"Couleur:color:0, Pointure:select:1","Color:color:0, Size:select:1","Noir/Fantaisie:0, 37:1","Noir/Fantaisie:0, 37:1",,camera-noir-fantaisie-37,CAMERA-FE-NOFA37,Couleur:color:0,Pointure:select:1,Noir-Fantaisie:0,0,37:1,1,,,,,,https://cata.meduse.co/femmes/bottines/camera/noir-fantaisie/bottines-femme-camera-noir-fantaisie-cote.jpg,1,,,,,266,Camera,,camera-noir-fantaisie-37,Couleur,Pointure,Noir/Fantaisie,1,37,2,1,51,,,,,,Bottines femme,Femme,Bottine,camera femme,camera,noir,fantaisie,37,,,camerafemme
266,Camera,"Couleur:color:0, Pointure:select:1","Color:color:0, Size:select:1","Noir/Fantaisie:0, 38:1","Noir/Fantaisie:0, 38:1",,camera-noir-fantaisie-38,CAMERA-FE-NOFA38,Couleur:color:0,Pointure:select:1,Noir-Fantaisie:0,0,38:1,1,,,,,,https://cata.meduse.co/femmes/bottines/camera/noir-fantaisie/bottines-femme-camera-noir-fantaisie-cote.jpg,1,,,,,266,Camera,,camera-noir-fantaisie-38,Couleur,Pointure,Noir/Fantaisie,1,38,3,1,51,,,,,,Bottines femme,Femme,Bottine,camera femme,camera,noir,fantaisie,38,,,camerafemme
266,Camera,"Couleur:color:0, Pointure:select:1","Color:color:0, Size:select:1","Noir/Fantaisie:0, 39:1","Noir/Fantaisie:0, 39:1",,camera-noir-fantaisie-39,CAMERA-FE-NOFA39,Couleur:color:0,Pointure:select:1,Noir-Fantaisie:0,0,39:1,1,,,,,,https://cata.meduse.co/femmes/bottines/camera/noir-fantaisie/bottines-femme-camera-noir-fantaisie-cote.jpg,1,,,,,266,Camera,,camera-noir-fantaisie-39,Couleur,Pointure,Noir/Fantaisie,1,39,4,1,51,,,,,,Bottines femme,Femme,Bottine,camera femme,camera,noir,fantaisie,39,,,camerafemme
266,Camera,"Couleur:color:0, Pointure:select:1","Color:color:0, Size:select:1","Noir/Fantaisie:0, 40:1","Noir/Fantaisie:0, 40:1",,camera-noir-fantaisie-40,CAMERA-FE-NOFA40,Couleur:color:0,Pointure:select:1,Noir-Fantaisie:0,0,40:1,1,,,,,,https://cata.meduse.co/femmes/bottines/camera/noir-fantaisie/bottines-femme-camera-noir-fantaisie-cote.jpg,1,,,,,266,Camera,,camera-noir-fantaisie-40,Couleur,Pointure,Noir/Fantaisie,1,40,5,1,51,,,,,,Bottines femme,Femme,Bottine,camera femme,camera,noir,fantaisie,40,,,camerafemme
266,Camera,"Couleur:color:0, Pointure:select:1","Color:color:0, Size:select:1","Noir/Fantaisie:0, 41:1","Noir/Fantaisie:0, 41:1",,camera-noir-fantaisie-41,CAMERA-FE-NOFA41,Couleur:color:0,Pointure:select:1,Noir-Fantaisie:0,0,41:1,1,,,,,,https://cata.meduse.co/femmes/bottines/camera/noir-fantaisie/bottines-femme-camera-noir-fantaisie-cote.jpg,1,,,,,266,Camera,,camera-noir-fantaisie-41,Couleur,Pointure,Noir/Fantaisie,1,41,6,1,51,,,,,,Bottines femme,Femme,Bottine,camera femme,camera,noir,fantaisie,41,,,camerafemme
266,Camera,"Couleur:color:0, Pointure:select:1","Color:color:0, Size:select:1","Noir/Fantaisie:0, 42:1","Noir/Fantaisie:0, 42:1",,camera-noir-fantaisie-42,CAMERA-FE-NOFA42,Couleur:color:0,Pointure:select:1,Noir-Fantaisie:0,0,42:1,1,,,,,,https://cata.meduse.co/femmes/bottines/camera/noir-fantaisie/bottines-femme-camera-noir-fantaisie-cote.jpg,1,,,,,266,Camera,,camera-noir-fantaisie-42,Couleur,Pointure,Noir/Fantaisie,1,42,7,1,51,,,,,,Bottines femme,Femme,Bottine,camera femme,camera,noir,fantaisie,42,,,camerafemme
267,Virginie,"Couleur:color:0, Pointure:select:1","Color:color:0, Size:select:1","Bordeaux:0, 36:1","Bordeaux:0, 36:1",,virginie-bordeaux-36,VIRGINIE-FE-BO36,Couleur:color:0,Pointure:select:1,Bordeaux:0,0,36:1,1,,,,,,https://cata.meduse.co/femmes/bottines/virginie/bordeaux/bottines-femme-virginie-bordeaux-cote.jpg,1,,,,,267,Virginie,,virginie-bordeaux-36,Couleur,Pointure,Bordeaux,1,36,1,1,72,45,10/01/2018,,,,Bottines femme,Femme,Bottine,virginie femme,virginie,bordeaux,36,,,,virginiefemme
267,Virginie,"Couleur:color:0, Pointure:select:1","Color:color:0, Size:select:1","Bordeaux:0, 37:1","Bordeaux:0, 37:1",,virginie-bordeaux-37,VIRGINIE-FE-BO37,Couleur:color:0,Pointure:select:1,Bordeaux:0,0,37:1,1,,,,,,https://cata.meduse.co/femmes/bottines/virginie/bordeaux/bottines-femme-virginie-bordeaux-cote.jpg,1,,,,,267,Virginie,,virginie-bordeaux-37,Couleur,Pointure,Bordeaux,1,37,2,1,72,45,10/01/2018,,,,Bottines femme,Femme,Bottine,virginie femme,virginie,bordeaux,37,,,,virginiefemme
267,Virginie,"Couleur:color:0, Pointure:select:1","Color:color:0, Size:select:1","Bordeaux:0, 38:1","Bordeaux:0, 38:1",,virginie-bordeaux-38,VIRGINIE-FE-BO38,Couleur:color:0,Pointure:select:1,Bordeaux:0,0,38:1,1,,,,,,https://cata.meduse.co/femmes/bottines/virginie/bordeaux/bottines-femme-virginie-bordeaux-cote.jpg,1,,,,,267,Virginie,,virginie-bordeaux-38,Couleur,Pointure,Bordeaux,1,38,3,1,72,45,10/01/2018,,,,Bottines femme,Femme,Bottine,virginie femme,virginie,bordeaux,38,,,,virginiefemme
267,Virginie,"Couleur:color:0, Pointure:select:1","Color:color:0, Size:select:1","Bordeaux:0, 39:1","Bordeaux:0, 39:1",,virginie-bordeaux-39,VIRGINIE-FE-BO39,Couleur:color:0,Pointure:select:1,Bordeaux:0,0,39:1,1,,,,,,https://cata.meduse.co/femmes/bottines/virginie/bordeaux/bottines-femme-virginie-bordeaux-cote.jpg,1,,,,,267,Virginie,,virginie-bordeaux-39,Couleur,Pointure,Bordeaux,1,39,4,1,72,45,10/01/2018,,,,Bottines femme,Femme,Bottine,virginie femme,virginie,bordeaux,39,,,,virginiefemme
267,Virginie,"Couleur:color:0, Pointure:select:1","Color:color:0, Size:select:1","Bordeaux:0, 40:1","Bordeaux:0, 40:1",,virginie-bordeaux-40,VIRGINIE-FE-BO40,Couleur:color:0,Pointure:select:1,Bordeaux:0,0,40:1,1,,,,,,https://cata.meduse.co/femmes/bottines/virginie/bordeaux/bottines-femme-virginie-bordeaux-cote.jpg,1,,,,,267,Virginie,,virginie-bordeaux-40,Couleur,Pointure,Bordeaux,1,40,5,1,72,45,10/01/2018,,,,Bottines femme,Femme,Bottine,virginie femme,virginie,bordeaux,40,,,,virginiefemme
267,Virginie,"Couleur:color:0, Pointure:select:1","Color:color:0, Size:select:1","Bordeaux:0, 41:1","Bordeaux:0, 41:1",,virginie-bordeaux-41,VIRGINIE-FE-BO41,Couleur:color:0,Pointure:select:1,Bordeaux:0,0,41:1,1,,,,,,https://cata.meduse.co/femmes/bottines/virginie/bordeaux/bottines-femme-virginie-bordeaux-cote.jpg,1,,,,,267,Virginie,,virginie-bordeaux-41,Couleur,Pointure,Bordeaux,1,41,6,1,72,45,10/01/2018,,,,Bottines femme,Femme,Bottine,virginie femme,virginie,bordeaux,41,,,,virginiefemme
268,Volga,"Couleur:color:0, Pointure:select:1","Color:color:0, Size:select:1","Noir:0, 36:1","Noir:0, 36:1",,volga-noir-36,VOLGA-FE-NO36,Couleur:color:0,Pointure:select:1,Noir:0,0,36:1,1,,,,,,https://cata.meduse.co/femmes/bottines/volga/noir/bottines-femme-volga-noir-cote.jpg,1,,,,,268,Volga,,volga-noir-36,Couleur,Pointure,Noir,1,36,1,1,72,45,10/01/2018,,,,Bottines femme,Femme,Bottine,volga femme,volga,noir,36,,,,volgafemme
268,Volga,"Couleur:color:0, Pointure:select:1","Color:color:0, Size:select:1","Noir:0, 37:1","Noir:0, 37:1",,volga-noir-37,VOLGA-FE-NO37,Couleur:color:0,Pointure:select:1,Noir:0,0,37:1,1,,,,,,https://cata.meduse.co/femmes/bottines/volga/noir/bottines-femme-volga-noir-cote.jpg,1,,,,,268,Volga,,volga-noir-37,Couleur,Pointure,Noir,1,37,2,1,72,45,10/01/2018,,,,Bottines femme,Femme,Bottine,volga femme,volga,noir,37,,,,volgafemme
268,Volga,"Couleur:color:0, Pointure:select:1","Color:color:0, Size:select:1","Noir:0, 38:1","Noir:0, 38:1",,volga-noir-38,VOLGA-FE-NO38,Couleur:color:0,Pointure:select:1,Noir:0,0,38:1,1,,,,,,https://cata.meduse.co/femmes/bottines/volga/noir/bottines-femme-volga-noir-cote.jpg,1,,,,,268,Volga,,volga-noir-38,Couleur,Pointure,Noir,1,38,3,1,72,45,10/01/2018,,,,Bottines femme,Femme,Bottine,volga femme,volga,noir,38,,,,volgafemme
268,Volga,"Couleur:color:0, Pointure:select:1","Color:color:0, Size:select:1","Noir:0, 39:1","Noir:0, 39:1",,volga-noir-39,VOLGA-FE-NO39,Couleur:color:0,Pointure:select:1,Noir:0,0,39:1,1,,,,,,https://cata.meduse.co/femmes/bottines/volga/noir/bottines-femme-volga-noir-cote.jpg,1,,,,,268,Volga,,volga-noir-39,Couleur,Pointure,Noir,1,39,4,1,72,45,10/01/2018,,,,Bottines femme,Femme,Bottine,volga femme,volga,noir,39,,,,volgafemme
268,Volga,"Couleur:color:0, Pointure:select:1","Color:color:0, Size:select:1","Noir:0, 40:1","Noir:0, 40:1",,volga-noir-40,VOLGA-FE-NO40,Couleur:color:0,Pointure:select:1,Noir:0,0,40:1,1,,,,,,https://cata.meduse.co/femmes/bottines/volga/noir/bottines-femme-volga-noir-cote.jpg,1,,,,,268,Volga,,volga-noir-40,Couleur,Pointure,Noir,1,40,5,1,72,45,10/01/2018,,,,Bottines femme,Femme,Bottine,volga femme,volga,noir,40,,,,volgafemme
268,Volga,"Couleur:color:0, Pointure:select:1","Color:color:0, Size:select:1","Noir:0, 41:1","Noir:0, 41:1",,volga-noir-41,VOLGA-FE-NO41,Couleur:color:0,Pointure:select:1,Noir:0,0,41:1,1,,,,,,https://cata.meduse.co/femmes/bottines/volga/noir/bottines-femme-volga-noir-cote.jpg,1,,,,,268,Volga,,volga-noir-41,Couleur,Pointure,Noir,1,41,6,1,72,45,10/01/2018,,,,Bottines femme,Femme,Bottine,volga femme,volga,noir,41,,,,volgafemme
269,Flamina,"Couleur:color:0, Pointure:select:1","Color:color:0, Size:select:1","Noir:0, 36:1","Noir:0, 36:1",,flamina-noir-36,FLAMINA-FE-NO36,Couleur:color:0,Pointure:select:1,Noir:0,0,36:1,1,,,,,,https://cata.meduse.co/femmes/bottes/flamina/noir/bottes-femme-flamina-noir-cote.jpg,1,,,,,269,Flamina,,flamina-noir-36,Couleur,Pointure,Noir,1,36,1,1,72,,,,,,Bottes femme,Femme,Botte,flamina femme,flamina,noir,36,,,,flaminafemme
269,Flamina,"Couleur:color:0, Pointure:select:1","Color:color:0, Size:select:1","Noir:0, 37:1","Noir:0, 37:1",,flamina-noir-37,FLAMINA-FE-NO37,Couleur:color:0,Pointure:select:1,Noir:0,0,37:1,1,,,,,,https://cata.meduse.co/femmes/bottes/flamina/noir/bottes-femme-flamina-noir-cote.jpg,1,,,,,269,Flamina,,flamina-noir-37,Couleur,Pointure,Noir,1,37,2,1,72,,,,,,Bottes femme,Femme,Botte,flamina femme,flamina,noir,37,,,,flaminafemme
269,Flamina,"Couleur:color:0, Pointure:select:1","Color:color:0, Size:select:1","Noir:0, 38:1","Noir:0, 38:1",,flamina-noir-38,FLAMINA-FE-NO38,Couleur:color:0,Pointure:select:1,Noir:0,0,38:1,1,,,,,,https://cata.meduse.co/femmes/bottes/flamina/noir/bottes-femme-flamina-noir-cote.jpg,1,,,,,269,Flamina,,flamina-noir-38,Couleur,Pointure,Noir,1,38,3,1,72,,,,,,Bottes femme,Femme,Botte,flamina femme,flamina,noir,38,,,,flaminafemme
269,Flamina,"Couleur:color:0, Pointure:select:1","Color:color:0, Size:select:1","Noir:0, 39:1","Noir:0, 39:1",,flamina-noir-39,FLAMINA-FE-NO39,Couleur:color:0,Pointure:select:1,Noir:0,0,39:1,1,,,,,,https://cata.meduse.co/femmes/bottes/flamina/noir/bottes-femme-flamina-noir-cote.jpg,1,,,,,269,Flamina,,flamina-noir-39,Couleur,Pointure,Noir,1,39,4,1,72,,,,,,Bottes femme,Femme,Botte,flamina femme,flamina,noir,39,,,,flaminafemme
269,Flamina,"Couleur:color:0, Pointure:select:1","Color:color:0, Size:select:1","Noir:0, 40:1","Noir:0, 40:1",,flamina-noir-40,FLAMINA-FE-NO40,Couleur:color:0,Pointure:select:1,Noir:0,0,40:1,1,,,,,,https://cata.meduse.co/femmes/bottes/flamina/noir/bottes-femme-flamina-noir-cote.jpg,1,,,,,269,Flamina,,flamina-noir-40,Couleur,Pointure,Noir,1,40,5,1,72,,,,,,Bottes femme,Femme,Botte,flamina femme,flamina,noir,40,,,,flaminafemme
271,Gasper,"Couleur:color:0, Pointure:select:1","Color:color:0, Size:select:1","Marine/Blanc:0, 22:1","Marine/Blanc:0, 22:1",,gasper-marine-blanc-22,GASPER-EN-MABL22,Couleur:color:0,Pointure:select:1,Marine-Blanc:0,0,22:1,1,,,,,,https://cata.meduse.co/enfants/bottes/gasper/marine-blanc/bottes-enfant-gasper-marine-blanc-cote.jpg,1,,,,,271,Gasper,,gasper-marine-blanc-22,Couleur,Pointure,Marine/Blanc,1,22,1,1,30,,,,,,Bottes enfant,Enfant,Botte,gasper enfant,gasper,marine,blanc,22,,,gasperenfant
271,Gasper,"Couleur:color:0, Pointure:select:1","Color:color:0, Size:select:1","Marine/Blanc:0, 23:1","Marine/Blanc:0, 23:1",,gasper-marine-blanc-23,GASPER-EN-MABL23,Couleur:color:0,Pointure:select:1,Marine-Blanc:0,0,23:1,1,,,,,,https://cata.meduse.co/enfants/bottes/gasper/marine-blanc/bottes-enfant-gasper-marine-blanc-cote.jpg,1,,,,,271,Gasper,,gasper-marine-blanc-23,Couleur,Pointure,Marine/Blanc,1,23,2,1,30,,,,,,Bottes enfant,Enfant,Botte,gasper enfant,gasper,marine,blanc,23,,,gasperenfant
271,Gasper,"Couleur:color:0, Pointure:select:1","Color:color:0, Size:select:1","Marine/Blanc:0, 24:1","Marine/Blanc:0, 24:1",,gasper-marine-blanc-24,GASPER-EN-MABL24,Couleur:color:0,Pointure:select:1,Marine-Blanc:0,0,24:1,1,,,,,,https://cata.meduse.co/enfants/bottes/gasper/marine-blanc/bottes-enfant-gasper-marine-blanc-cote.jpg,1,,,,,271,Gasper,,gasper-marine-blanc-24,Couleur,Pointure,Marine/Blanc,1,24,3,1,30,,,,,,Bottes enfant,Enfant,Botte,gasper enfant,gasper,marine,blanc,24,,,gasperenfant
271,Gasper,"Couleur:color:0, Pointure:select:1","Color:color:0, Size:select:1","Marine/Blanc:0, 25:1","Marine/Blanc:0, 25:1",,gasper-marine-blanc-25,GASPER-EN-MABL25,Couleur:color:0,Pointure:select:1,Marine-Blanc:0,0,25:1,1,,,,,,https://cata.meduse.co/enfants/bottes/gasper/marine-blanc/bottes-enfant-gasper-marine-blanc-cote.jpg,1,,,,,271,Gasper,,gasper-marine-blanc-25,Couleur,Pointure,Marine/Blanc,1,25,4,1,30,,,,,,Bottes enfant,Enfant,Botte,gasper enfant,gasper,marine,blanc,25,,,gasperenfant
271,Gasper,"Couleur:color:0, Pointure:select:1","Color:color:0, Size:select:1","Marine/Blanc:0, 26:1","Marine/Blanc:0, 26:1",,gasper-marine-blanc-26,GASPER-EN-MABL26,Couleur:color:0,Pointure:select:1,Marine-Blanc:0,0,26:1,1,,,,,,https://cata.meduse.co/enfants/bottes/gasper/marine-blanc/bottes-enfant-gasper-marine-blanc-cote.jpg,1,,,,,271,Gasper,,gasper-marine-blanc-26,Couleur,Pointure,Marine/Blanc,1,26,5,1,30,,,,,,Bottes enfant,Enfant,Botte,gasper enfant,gasper,marine,blanc,26,,,gasperenfant
271,Gasper,"Couleur:color:0, Pointure:select:1","Color:color:0, Size:select:1","Marine/Blanc:0, 27:1","Marine/Blanc:0, 27:1",,gasper-marine-blanc-27,GASPER-EN-MABL27,Couleur:color:0,Pointure:select:1,Marine-Blanc:0,0,27:1,1,,,,,,https://cata.meduse.co/enfants/bottes/gasper/marine-blanc/bottes-enfant-gasper-marine-blanc-cote.jpg,1,,,,,271,Gasper,,gasper-marine-blanc-27,Couleur,Pointure,Marine/Blanc,1,27,6,1,30,,,,,,Bottes enfant,Enfant,Botte,gasper enfant,gasper,marine,blanc,27,,,gasperenfant
271,Gasper,"Couleur:color:0, Pointure:select:1","Color:color:0, Size:select:1","Marine/Blanc:0, 28:1","Marine/Blanc:0, 28:1",,gasper-marine-blanc-28,GASPER-EN-MABL28,Couleur:color:0,Pointure:select:1,Marine-Blanc:0,0,28:1,1,,,,,,https://cata.meduse.co/enfants/bottes/gasper/marine-blanc/bottes-enfant-gasper-marine-blanc-cote.jpg,1,,,,,271,Gasper,,gasper-marine-blanc-28,Couleur,Pointure,Marine/Blanc,1,28,7,1,30,,,,,,Bottes enfant,Enfant,Botte,gasper enfant,gasper,marine,blanc,28,,,gasperenfant
271,Gasper,"Couleur:color:0, Pointure:select:1","Color:color:0, Size:select:1","Marine/Blanc:0, 29:1","Marine/Blanc:0, 29:1",,gasper-marine-blanc-29,GASPER-EN-MABL29,Couleur:color:0,Pointure:select:1,Marine-Blanc:0,0,29:1,1,,,,,,https://cata.meduse.co/enfants/bottes/gasper/marine-blanc/bottes-enfant-gasper-marine-blanc-cote.jpg,1,,,,,271,Gasper,,gasper-marine-blanc-29,Couleur,Pointure,Marine/Blanc,1,29,8,1,30,,,,,,Bottes enfant,Enfant,Botte,gasper enfant,gasper,marine,blanc,29,,,gasperenfant
271,Gasper,"Couleur:color:0, Pointure:select:1","Color:color:0, Size:select:1","Marine/Blanc:0, 30:1","Marine/Blanc:0, 30:1",,gasper-marine-blanc-30,GASPER-EN-MABL30,Couleur:color:0,Pointure:select:1,Marine-Blanc:0,0,30:1,1,,,,,,https://cata.meduse.co/enfants/bottes/gasper/marine-blanc/bottes-enfant-gasper-marine-blanc-cote.jpg,1,,,,,271,Gasper,,gasper-marine-blanc-30,Couleur,Pointure,Marine/Blanc,1,30,9,1,30,,,,,,Bottes enfant,Enfant,Botte,gasper enfant,gasper,marine,blanc,30,,,gasperenfant
271,Gasper,"Couleur:color:0, Pointure:select:1","Color:color:0, Size:select:1","Marine/Blanc:0, 31:1","Marine/Blanc:0, 31:1",,gasper-marine-blanc-31,GASPER-EN-MABL31,Couleur:color:0,Pointure:select:1,Marine-Blanc:0,0,31:1,1,,,,,,https://cata.meduse.co/enfants/bottes/gasper/marine-blanc/bottes-enfant-gasper-marine-blanc-cote.jpg,1,,,,,271,Gasper,,gasper-marine-blanc-31,Couleur,Pointure,Marine/Blanc,1,31,10,1,30,,,,,,Bottes enfant,Enfant,Botte,gasper enfant,gasper,marine,blanc,31,,,gasperenfant
271,Gasper,"Couleur:color:0, Pointure:select:1","Color:color:0, Size:select:1","Marine/Blanc:0, 32:1","Marine/Blanc:0, 32:1",,gasper-marine-blanc-32,GASPER-EN-MABL32,Couleur:color:0,Pointure:select:1,Marine-Blanc:0,0,32:1,1,,,,,,https://cata.meduse.co/enfants/bottes/gasper/marine-blanc/bottes-enfant-gasper-marine-blanc-cote.jpg,1,,,,,271,Gasper,,gasper-marine-blanc-32,Couleur,Pointure,Marine/Blanc,1,32,11,1,30,,,,,,Bottes enfant,Enfant,Botte,gasper enfant,gasper,marine,blanc,32,,,gasperenfant
271,Gasper,"Couleur:color:0, Pointure:select:1","Color:color:0, Size:select:1","Marine/Blanc:0, 33:1","Marine/Blanc:0, 33:1",,gasper-marine-blanc-33,GASPER-EN-MABL33,Couleur:color:0,Pointure:select:1,Marine-Blanc:0,0,33:1,1,,,,,,https://cata.meduse.co/enfants/bottes/gasper/marine-blanc/bottes-enfant-gasper-marine-blanc-cote.jpg,1,,,,,271,Gasper,,gasper-marine-blanc-33,Couleur,Pointure,Marine/Blanc,1,33,12,1,30,,,,,,Bottes enfant,Enfant,Botte,gasper enfant,gasper,marine,blanc,33,,,gasperenfant
271,Gasper,"Couleur:color:0, Pointure:select:1","Color:color:0, Size:select:1","Marine/Blanc:0, 34:1","Marine/Blanc:0, 34:1",,gasper-marine-blanc-34,GASPER-EN-MABL34,Couleur:color:0,Pointure:select:1,Marine-Blanc:0,0,34:1,1,,,,,,https://cata.meduse.co/enfants/bottes/gasper/marine-blanc/bottes-enfant-gasper-marine-blanc-cote.jpg,1,,,,,271,Gasper,,gasper-marine-blanc-34,Couleur,Pointure,Marine/Blanc,1,34,13,1,30,,,,,,Bottes enfant,Enfant,Botte,gasper enfant,gasper,marine,blanc,34,,,gasperenfant
273,Parapluie,Color:color:0,Color:color:0,:0,:0,,parapluie,PARAPLUIE-AC-,:color:0,:select:1,:0,0,:1,1,,,,,,https://cata.meduse.co/accessoires/accessoires-parapluie.jpg,1,,,,,273,Parapluie,,parapluie,,,,,,,1,18,,,,,,-,Accessoires,Accessoire,parapluie,parapluie,,,,,,parapluie
274,Jumplas,"Couleur:color:0, Pointure:select:1","Color:color:0, Size:select:1","Carmin/Gris:0, 35:1","Carmin/Gris:0, 35:1",,jumplas-carmin-gris-35,JUMPLAS-FE-CAGR35,Couleur:color:0,Pointure:select:1,Carmin-Gris:0,0,35:1,1,,,,,,https://cata.meduse.co/femmes/bottines/jumplas/carmin-gris/bottines-femme-jumplas-carmin-gris-cote.jpg,1,,,,,274,Jumplas,,jumplas-carmin-gris-35,Couleur,Pointure,Carmin/Gris,1,35,1,1,51,,,,,,Bottines femme,Femme,Bottine,jumplas femme,jumplas,carmin,gris,35,,,jumplasfemme
274,Jumplas,"Couleur:color:0, Pointure:select:1","Color:color:0, Size:select:1","Carmin/Gris:0, 36:1","Carmin/Gris:0, 36:1",,jumplas-carmin-gris-36,JUMPLAS-FE-CAGR36,Couleur:color:0,Pointure:select:1,Carmin-Gris:0,0,36:1,1,,,,,,https://cata.meduse.co/femmes/bottines/jumplas/carmin-gris/bottines-femme-jumplas-carmin-gris-cote.jpg,1,,,,,274,Jumplas,,jumplas-carmin-gris-36,Couleur,Pointure,Carmin/Gris,1,36,2,1,51,,,,,,Bottines femme,Femme,Bottine,jumplas femme,jumplas,carmin,gris,36,,,jumplasfemme
274,Jumplas,"Couleur:color:0, Pointure:select:1","Color:color:0, Size:select:1","Carmin/Gris:0, 37:1","Carmin/Gris:0, 37:1",,jumplas-carmin-gris-37,JUMPLAS-FE-CAGR37,Couleur:color:0,Pointure:select:1,Carmin-Gris:0,0,37:1,1,,,,,,https://cata.meduse.co/femmes/bottines/jumplas/carmin-gris/bottines-femme-jumplas-carmin-gris-cote.jpg,1,,,,,274,Jumplas,,jumplas-carmin-gris-37,Couleur,Pointure,Carmin/Gris,1,37,3,1,51,,,,,,Bottines femme,Femme,Bottine,jumplas femme,jumplas,carmin,gris,37,,,jumplasfemme
274,Jumplas,"Couleur:color:0, Pointure:select:1","Color:color:0, Size:select:1","Carmin/Gris:0, 38:1","Carmin/Gris:0, 38:1",,jumplas-carmin-gris-38,JUMPLAS-FE-CAGR38,Couleur:color:0,Pointure:select:1,Carmin-Gris:0,0,38:1,1,,,,,,https://cata.meduse.co/femmes/bottines/jumplas/carmin-gris/bottines-femme-jumplas-carmin-gris-cote.jpg,1,,,,,274,Jumplas,,jumplas-carmin-gris-38,Couleur,Pointure,Carmin/Gris,1,38,4,1,51,,,,,,Bottines femme,Femme,Bottine,jumplas femme,jumplas,carmin,gris,38,,,jumplasfemme
274,Jumplas,"Couleur:color:0, Pointure:select:1","Color:color:0, Size:select:1","Carmin/Gris:0, 39:1","Carmin/Gris:0, 39:1",,jumplas-carmin-gris-39,JUMPLAS-FE-CAGR39,Couleur:color:0,Pointure:select:1,Carmin-Gris:0,0,39:1,1,,,,,,https://cata.meduse.co/femmes/bottines/jumplas/carmin-gris/bottines-femme-jumplas-carmin-gris-cote.jpg,1,,,,,274,Jumplas,,jumplas-carmin-gris-39,Couleur,Pointure,Carmin/Gris,1,39,5,1,51,,,,,,Bottines femme,Femme,Bottine,jumplas femme,jumplas,carmin,gris,39,,,jumplasfemme
274,Jumplas,"Couleur:color:0, Pointure:select:1","Color:color:0, Size:select:1","Carmin/Gris:0, 40:1","Carmin/Gris:0, 40:1",,jumplas-carmin-gris-40,JUMPLAS-FE-CAGR40,Couleur:color:0,Pointure:select:1,Carmin-Gris:0,0,40:1,1,,,,,,https://cata.meduse.co/femmes/bottines/jumplas/carmin-gris/bottines-femme-jumplas-carmin-gris-cote.jpg,1,,,,,274,Jumplas,,jumplas-carmin-gris-40,Couleur,Pointure,Carmin/Gris,1,40,6,1,51,,,,,,Bottines femme,Femme,Bottine,jumplas femme,jumplas,carmin,gris,40,,,jumplasfemme
274,Jumplas,"Couleur:color:0, Pointure:select:1","Color:color:0, Size:select:1","Carmin/Gris:0, 41:1","Carmin/Gris:0, 41:1",,jumplas-carmin-gris-41,JUMPLAS-FE-CAGR41,Couleur:color:0,Pointure:select:1,Carmin-Gris:0,0,41:1,1,,,,,,https://cata.meduse.co/femmes/bottines/jumplas/carmin-gris/bottines-femme-jumplas-carmin-gris-cote.jpg,1,,,,,274,Jumplas,,jumplas-carmin-gris-41,Couleur,Pointure,Carmin/Gris,1,41,7,1,51,,,,,,Bottines femme,Femme,Bottine,jumplas femme,jumplas,carmin,gris,41,,,jumplasfemme
274,Jumplas,"Couleur:color:0, Pointure:select:1","Color:color:0, Size:select:1","Carmin/Gris:0, 42:1","Carmin/Gris:0, 42:1",,jumplas-carmin-gris-42,JUMPLAS-FE-CAGR42,Couleur:color:0,Pointure:select:1,Carmin-Gris:0,0,42:1,1,,,,,,https://cata.meduse.co/femmes/bottines/jumplas/carmin-gris/bottines-femme-jumplas-carmin-gris-cote.jpg,1,,,,,274,Jumplas,,jumplas-carmin-gris-42,Couleur,Pointure,Carmin/Gris,1,42,8,1,51,,,,,,Bottines femme,Femme,Bottine,jumplas femme,jumplas,carmin,gris,42,,,jumplasfemme
274,Jumplas,"Couleur:color:0, Pointure:select:1","Color:color:0, Size:select:1","Lagon/Nuage:0, 35:1","Lagon/Nuage:0, 35:1",,jumplas-lagon-nuage-35,JUMPLAS-FE-LANU35,Couleur:color:0,Pointure:select:1,Lagon-Nuage:0,0,35:1,1,,,,,,https://cata.meduse.co/femmes/bottines/jumplas/lagon-nuage/bottines-femme-jumplas-lagon-nuage-cote.jpg,1,,,,,274,Jumplas,,jumplas-lagon-nuage-35,Couleur,Pointure,Lagon/Nuage,2,35,1,1,51,,,,,,Bottines femme,Femme,Bottine,jumplas femme,jumplas,lagon,nuage,35,,,jumplasfemme
274,Jumplas,"Couleur:color:0, Pointure:select:1","Color:color:0, Size:select:1","Lagon/Nuage:0, 36:1","Lagon/Nuage:0, 36:1",,jumplas-lagon-nuage-36,JUMPLAS-FE-LANU36,Couleur:color:0,Pointure:select:1,Lagon-Nuage:0,0,36:1,1,,,,,,https://cata.meduse.co/femmes/bottines/jumplas/lagon-nuage/bottines-femme-jumplas-lagon-nuage-cote.jpg,1,,,,,274,Jumplas,,jumplas-lagon-nuage-36,Couleur,Pointure,Lagon/Nuage,2,36,2,1,51,,,,,,Bottines femme,Femme,Bottine,jumplas femme,jumplas,lagon,nuage,36,,,jumplasfemme
274,Jumplas,"Couleur:color:0, Pointure:select:1","Color:color:0, Size:select:1","Lagon/Nuage:0, 37:1","Lagon/Nuage:0, 37:1",,jumplas-lagon-nuage-37,JUMPLAS-FE-LANU37,Couleur:color:0,Pointure:select:1,Lagon-Nuage:0,0,37:1,1,,,,,,https://cata.meduse.co/femmes/bottines/jumplas/lagon-nuage/bottines-femme-jumplas-lagon-nuage-cote.jpg,1,,,,,274,Jumplas,,jumplas-lagon-nuage-37,Couleur,Pointure,Lagon/Nuage,2,37,3,1,51,,,,,,Bottines femme,Femme,Bottine,jumplas femme,jumplas,lagon,nuage,37,,,jumplasfemme
274,Jumplas,"Couleur:color:0, Pointure:select:1","Color:color:0, Size:select:1","Lagon/Nuage:0, 38:1","Lagon/Nuage:0, 38:1",,jumplas-lagon-nuage-38,JUMPLAS-FE-LANU38,Couleur:color:0,Pointure:select:1,Lagon-Nuage:0,0,38:1,1,,,,,,https://cata.meduse.co/femmes/bottines/jumplas/lagon-nuage/bottines-femme-jumplas-lagon-nuage-cote.jpg,1,,,,,274,Jumplas,,jumplas-lagon-nuage-38,Couleur,Pointure,Lagon/Nuage,2,38,4,1,51,,,,,,Bottines femme,Femme,Bottine,jumplas femme,jumplas,lagon,nuage,38,,,jumplasfemme
274,Jumplas,"Couleur:color:0, Pointure:select:1","Color:color:0, Size:select:1","Lagon/Nuage:0, 39:1","Lagon/Nuage:0, 39:1",,jumplas-lagon-nuage-39,JUMPLAS-FE-LANU39,Couleur:color:0,Pointure:select:1,Lagon-Nuage:0,0,39:1,1,,,,,,https://cata.meduse.co/femmes/bottines/jumplas/lagon-nuage/bottines-femme-jumplas-lagon-nuage-cote.jpg,1,,,,,274,Jumplas,,jumplas-lagon-nuage-39,Couleur,Pointure,Lagon/Nuage,2,39,5,1,51,,,,,,Bottines femme,Femme,Bottine,jumplas femme,jumplas,lagon,nuage,39,,,jumplasfemme
274,Jumplas,"Couleur:color:0, Pointure:select:1","Color:color:0, Size:select:1","Lagon/Nuage:0, 40:1","Lagon/Nuage:0, 40:1",,jumplas-lagon-nuage-40,JUMPLAS-FE-LANU40,Couleur:color:0,Pointure:select:1,Lagon-Nuage:0,0,40:1,1,,,,,,https://cata.meduse.co/femmes/bottines/jumplas/lagon-nuage/bottines-femme-jumplas-lagon-nuage-cote.jpg,1,,,,,274,Jumplas,,jumplas-lagon-nuage-40,Couleur,Pointure,Lagon/Nuage,2,40,6,1,51,,,,,,Bottines femme,Femme,Bottine,jumplas femme,jumplas,lagon,nuage,40,,,jumplasfemme
274,Jumplas,"Couleur:color:0, Pointure:select:1","Color:color:0, Size:select:1","Lagon/Nuage:0, 41:1","Lagon/Nuage:0, 41:1",,jumplas-lagon-nuage-41,JUMPLAS-FE-LANU41,Couleur:color:0,Pointure:select:1,Lagon-Nuage:0,0,41:1,1,,,,,,https://cata.meduse.co/femmes/bottines/jumplas/lagon-nuage/bottines-femme-jumplas-lagon-nuage-cote.jpg,1,,,,,274,Jumplas,,jumplas-lagon-nuage-41,Couleur,Pointure,Lagon/Nuage,2,41,7,1,51,,,,,,Bottines femme,Femme,Bottine,jumplas femme,jumplas,lagon,nuage,41,,,jumplasfemme
274,Jumplas,"Couleur:color:0, Pointure:select:1","Color:color:0, Size:select:1","Lagon/Nuage:0, 42:1","Lagon/Nuage:0, 42:1",,jumplas-lagon-nuage-42,JUMPLAS-FE-LANU42,Couleur:color:0,Pointure:select:1,Lagon-Nuage:0,0,42:1,1,,,,,,https://cata.meduse.co/femmes/bottines/jumplas/lagon-nuage/bottines-femme-jumplas-lagon-nuage-cote.jpg,1,,,,,274,Jumplas,,jumplas-lagon-nuage-42,Couleur,Pointure,Lagon/Nuage,2,42,8,1,51,,,,,,Bottines femme,Femme,Bottine,jumplas femme,jumplas,lagon,nuage,42,,,jumplasfemme
