289,Suntri,"Couleur:color:0, Pointure:select:1","Color:color:0, Size:select:1","Violine:0, 44:1","Violine:0, 44:1",,suntri-violine-44,SUNTRI-HO-VI44,Couleur:color:0,Pointure:select:1,Violine:0,6,44:1,1,,,,,,https://cata.meduse.co/hommes/sandales/suntri/violine/sandales-homme-suntri-violine-cote.jpg,1,,,,,282,Suntri,,suntri-violine-44,Couleur,Pointure,Violine,3,44,23,1,18,,,,,,Sandales homme,Homme,Sandale,suntri homme,suntri,violine,44,,,,suntrihomme
289,Suntri,"Couleur:color:0, Pointure:select:1","Color:color:0, Size:select:1","Violine:0, 45:1","Violine:0, 45:1",,suntri-violine-45,SUNTRI-HO-VI45,Couleur:color:0,Pointure:select:1,Violine:0,6,45:1,1,,,,,,https://cata.meduse.co/hommes/sandales/suntri/violine/sandales-homme-suntri-violine-cote.jpg,1,,,,,282,Suntri,,suntri-violine-45,Couleur,Pointure,Violine,3,45,24,1,18,,,,,,Sandales homme,Homme,Sandale,suntri homme,suntri,violine,45,,,,suntrihomme
304,Japlair,"Couleur:color:0, Pointure:select:1","Color:color:0, Size:select:1","Chanvre/Brique:0, 36:1","Chanvre/Brique:0, 36:1",,japlair-chanvre-brique-36,JAPLAIR-FE-CHBR36,Couleur:color:0,Pointure:select:1,Chanvre-Brique:0,0,36:1,1,,,,,,https://cata.meduse.co/femmes/bottines/japlair/chanvre-brique/bottines-femme-japlair-chanvre-brique-cote.jpg,1,,,,,304,Japlair,,japlair-chanvre-brique-36,Couleur,Pointure,Chanvre/Brique,1,36,1,1,51,,,,,,Bottines femme,Femme,Bottine,japlair femme,japlair,chanvre,brique,36,,,japlairfemme
304,Japlair,"Couleur:color:0, Pointure:select:1","Color:color:0, Size:select:1","Chanvre/Brique:0, 37:1","Chanvre/Brique:0, 37:1",,japlair-chanvre-brique-37,JAPLAIR-FE-CHBR37,Couleur:color:0,Pointure:select:1,Chanvre-Brique:0,0,37:1,1,,,,,,https://cata.meduse.co/femmes/bottines/japlair/chanvre-brique/bottines-femme-japlair-chanvre-brique-cote.jpg,1,,,,,304,Japlair,,japlair-chanvre-brique-37,Couleur,Pointure,Chanvre/Brique,1,37,2,1,51,,,,,,Bottines femme,Femme,Bottine,japlair femme,japlair,chanvre,brique,37,,,japlairfemme
304,Japlair,"Couleur:color:0, Pointure:select:1","Color:color:0, Size:select:1","Chanvre/Brique:0, 38:1","Chanvre/Brique:0, 38:1",,japlair-chanvre-brique-38,JAPLAIR-FE-CHBR38,Couleur:color:0,Pointure:select:1,Chanvre-Brique:0,0,38:1,1,,,,,,https://cata.meduse.co/femmes/bottines/japlair/chanvre-brique/bottines-femme-japlair-chanvre-brique-cote.jpg,1,,,,,304,Japlair,,japlair-chanvre-brique-38,Couleur,Pointure,Chanvre/Brique,1,38,3,1,51,,,,,,Bottines femme,Femme,Bottine,japlair femme,japlair,chanvre,brique,38,,,japlairfemme
304,Japlair,"Couleur:color:0, Pointure:select:1","Color:color:0, Size:select:1","Chanvre/Brique:0, 39:1","Chanvre/Brique:0, 39:1",,japlair-chanvre-brique-39,JAPLAIR-FE-CHBR39,Couleur:color:0,Pointure:select:1,Chanvre-Brique:0,0,39:1,1,,,,,,https://cata.meduse.co/femmes/bottines/japlair/chanvre-brique/bottines-femme-japlair-chanvre-brique-cote.jpg,1,,,,,304,Japlair,,japlair-chanvre-brique-39,Couleur,Pointure,Chanvre/Brique,1,39,4,1,51,,,,,,Bottines femme,Femme,Bottine,japlair femme,japlair,chanvre,brique,39,,,japlairfemme
304,Japlair,"Couleur:color:0, Pointure:select:1","Color:color:0, Size:select:1","Chanvre/Brique:0, 40:1","Chanvre/Brique:0, 40:1",,japlair-chanvre-brique-40,JAPLAIR-FE-CHBR40,Couleur:color:0,Pointure:select:1,Chanvre-Brique:0,0,40:1,1,,,,,,https://cata.meduse.co/femmes/bottines/japlair/chanvre-brique/bottines-femme-japlair-chanvre-brique-cote.jpg,1,,,,,304,Japlair,,japlair-chanvre-brique-40,Couleur,Pointure,Chanvre/Brique,1,40,5,1,51,,,,,,Bottines femme,Femme,Bottine,japlair femme,japlair,chanvre,brique,40,,,japlairfemme
304,Japlair,"Couleur:color:0, Pointure:select:1","Color:color:0, Size:select:1","Chanvre/Brique:0, 41:1","Chanvre/Brique:0, 41:1",,japlair-chanvre-brique-41,JAPLAIR-FE-CHBR41,Couleur:color:0,Pointure:select:1,Chanvre-Brique:0,0,41:1,1,,,,,,https://cata.meduse.co/femmes/bottines/japlair/chanvre-brique/bottines-femme-japlair-chanvre-brique-cote.jpg,1,,,,,304,Japlair,,japlair-chanvre-brique-41,Couleur,Pointure,Chanvre/Brique,1,41,6,1,51,,,,,,Bottines femme,Femme,Bottine,japlair femme,japlair,chanvre,brique,41,,,japlairfemme
304,Japlair,"Couleur:color:0, Pointure:select:1","Color:color:0, Size:select:1","Kaki/Bleu:0, 36:1","Kaki/Bleu:0, 36:1",,japlair-kaki-bleu-36,JAPLAIR-FE-KABL36,Couleur:color:0,Pointure:select:1,Kaki-Bleu:0,0,36:1,1,,,,,,https://cata.meduse.co/femmes/bottines/japlair/kaki-bleu/bottines-femme-japlair-kaki-bleu-cote.jpg,1,,,,,304,Japlair,,japlair-kaki-bleu-36,Couleur,Pointure,Kaki/Bleu,2,36,1,1,51,,,,,,Bottines femme,Femme,Bottine,japlair femme,japlair,kaki,bleu,36,,,japlairfemme
304,Japlair,"Couleur:color:0, Pointure:select:1","Color:color:0, Size:select:1","Kaki/Bleu:0, 37:1","Kaki/Bleu:0, 37:1",,japlair-kaki-bleu-37,JAPLAIR-FE-KABL37,Couleur:color:0,Pointure:select:1,Kaki-Bleu:0,0,37:1,1,,,,,,https://cata.meduse.co/femmes/bottines/japlair/kaki-bleu/bottines-femme-japlair-kaki-bleu-cote.jpg,1,,,,,304,Japlair,,japlair-kaki-bleu-37,Couleur,Pointure,Kaki/Bleu,2,37,2,1,51,,,,,,Bottines femme,Femme,Bottine,japlair femme,japlair,kaki,bleu,37,,,japlairfemme
304,Japlair,"Couleur:color:0, Pointure:select:1","Color:color:0, Size:select:1","Kaki/Bleu:0, 38:1","Kaki/Bleu:0, 38:1",,japlair-kaki-bleu-38,JAPLAIR-FE-KABL38,Couleur:color:0,Pointure:select:1,Kaki-Bleu:0,0,38:1,1,,,,,,https://cata.meduse.co/femmes/bottines/japlair/kaki-bleu/bottines-femme-japlair-kaki-bleu-cote.jpg,1,,,,,304,Japlair,,japlair-kaki-bleu-38,Couleur,Pointure,Kaki/Bleu,2,38,3,1,51,,,,,,Bottines femme,Femme,Bottine,japlair femme,japlair,kaki,bleu,38,,,japlairfemme
304,Japlair,"Couleur:color:0, Pointure:select:1","Color:color:0, Size:select:1","Kaki/Bleu:0, 39:1","Kaki/Bleu:0, 39:1",,japlair-kaki-bleu-39,JAPLAIR-FE-KABL39,Couleur:color:0,Pointure:select:1,Kaki-Bleu:0,0,39:1,1,,,,,,https://cata.meduse.co/femmes/bottines/japlair/kaki-bleu/bottines-femme-japlair-kaki-bleu-cote.jpg,1,,,,,304,Japlair,,japlair-kaki-bleu-39,Couleur,Pointure,Kaki/Bleu,2,39,4,1,51,,,,,,Bottines femme,Femme,Bottine,japlair femme,japlair,kaki,bleu,39,,,japlairfemme
304,Japlair,"Couleur:color:0, Pointure:select:1","Color:color:0, Size:select:1","Kaki/Bleu:0, 40:1","Kaki/Bleu:0, 40:1",,japlair-kaki-bleu-40,JAPLAIR-FE-KABL40,Couleur:color:0,Pointure:select:1,Kaki-Bleu:0,0,40:1,1,,,,,,https://cata.meduse.co/femmes/bottines/japlair/kaki-bleu/bottines-femme-japlair-kaki-bleu-cote.jpg,1,,,,,304,Japlair,,japlair-kaki-bleu-40,Couleur,Pointure,Kaki/Bleu,2,40,5,1,51,,,,,,Bottines femme,Femme,Bottine,japlair femme,japlair,kaki,bleu,40,,,japlairfemme
304,Japlair,"Couleur:color:0, Pointure:select:1","Color:color:0, Size:select:1","Kaki/Bleu:0, 41:1","Kaki/Bleu:0, 41:1",,japlair-kaki-bleu-41,JAPLAIR-FE-KABL41,Couleur:color:0,Pointure:select:1,Kaki-Bleu:0,0,41:1,1,,,,,,https://cata.meduse.co/femmes/bottines/japlair/kaki-bleu/bottines-femme-japlair-kaki-bleu-cote.jpg,1,,,,,304,Japlair,,japlair-kaki-bleu-41,Couleur,Pointure,Kaki/Bleu,2,41,6,1,51,,,,,,Bottines femme,Femme,Bottine,japlair femme,japlair,kaki,bleu,41,,,japlairfemme
304,Japlair,"Couleur:color:0, Pointure:select:1","Color:color:0, Size:select:1","Marron/Caramel:0, 36:1","Marron/Caramel:0, 36:1",,japlair-marron-caramel-36,JAPLAIR-FE-MACA36,Couleur:color:0,Pointure:select:1,Marron-Caramel:0,0,36:1,1,,,,,,https://cata.meduse.co/femmes/bottines/japlair/marron-caramel/bottines-femme-japlair-marron-caramel-cote.jpg,1,,,,,304,Japlair,,japlair-marron-caramel-36,Couleur,Pointure,Marron/Caramel,3,36,1,1,51,,,,,,Bottines femme,Femme,Bottine,japlair femme,japlair,marron,caramel,36,,,japlairfemme
304,Japlair,"Couleur:color:0, Pointure:select:1","Color:color:0, Size:select:1","Marron/Caramel:0, 37:1","Marron/Caramel:0, 37:1",,japlair-marron-caramel-37,JAPLAIR-FE-MACA37,Couleur:color:0,Pointure:select:1,Marron-Caramel:0,0,37:1,1,,,,,,https://cata.meduse.co/femmes/bottines/japlair/marron-caramel/bottines-femme-japlair-marron-caramel-cote.jpg,1,,,,,304,Japlair,,japlair-marron-caramel-37,Couleur,Pointure,Marron/Caramel,3,37,2,1,51,,,,,,Bottines femme,Femme,Bottine,japlair femme,japlair,marron,caramel,37,,,japlairfemme
304,Japlair,"Couleur:color:0, Pointure:select:1","Color:color:0, Size:select:1","Marron/Caramel:0, 38:1","Marron/Caramel:0, 38:1",,japlair-marron-caramel-38,JAPLAIR-FE-MACA38,Couleur:color:0,Pointure:select:1,Marron-Caramel:0,0,38:1,1,,,,,,https://cata.meduse.co/femmes/bottines/japlair/marron-caramel/bottines-femme-japlair-marron-caramel-cote.jpg,1,,,,,304,Japlair,,japlair-marron-caramel-38,Couleur,Pointure,Marron/Caramel,3,38,3,1,51,,,,,,Bottines femme,Femme,Bottine,japlair femme,japlair,marron,caramel,38,,,japlairfemme
304,Japlair,"Couleur:color:0, Pointure:select:1","Color:color:0, Size:select:1","Marron/Caramel:0, 39:1","Marron/Caramel:0, 39:1",,japlair-marron-caramel-39,JAPLAIR-FE-MACA39,Couleur:color:0,Pointure:select:1,Marron-Caramel:0,0,39:1,1,,,,,,https://cata.meduse.co/femmes/bottines/japlair/marron-caramel/bottines-femme-japlair-marron-caramel-cote.jpg,1,,,,,304,Japlair,,japlair-marron-caramel-39,Couleur,Pointure,Marron/Caramel,3,39,4,1,51,,,,,,Bottines femme,Femme,Bottine,japlair femme,japlair,marron,caramel,39,,,japlairfemme
304,Japlair,"Couleur:color:0, Pointure:select:1","Color:color:0, Size:select:1","Marron/Caramel:0, 40:1","Marron/Caramel:0, 40:1",,japlair-marron-caramel-40,JAPLAIR-FE-MACA40,Couleur:color:0,Pointure:select:1,Marron-Caramel:0,0,40:1,1,,,,,,https://cata.meduse.co/femmes/bottines/japlair/marron-caramel/bottines-femme-japlair-marron-caramel-cote.jpg,1,,,,,304,Japlair,,japlair-marron-caramel-40,Couleur,Pointure,Marron/Caramel,3,40,5,1,51,,,,,,Bottines femme,Femme,Bottine,japlair femme,japlair,marron,caramel,40,,,japlairfemme
304,Japlair,"Couleur:color:0, Pointure:select:1","Color:color:0, Size:select:1","Marron/Caramel:0, 41:1","Marron/Caramel:0, 41:1",,japlair-marron-caramel-41,JAPLAIR-FE-MACA41,Couleur:color:0,Pointure:select:1,Marron-Caramel:0,0,41:1,1,,,,,,https://cata.meduse.co/femmes/bottines/japlair/marron-caramel/bottines-femme-japlair-marron-caramel-cote.jpg,1,,,,,304,Japlair,,japlair-marron-caramel-41,Couleur,Pointure,Marron/Caramel,3,41,6,1,51,,,,,,Bottines femme,Femme,Bottine,japlair femme,japlair,marron,caramel,41,,,japlairfemme
305,Japstar,"Couleur:color:0, Pointure:select:1","Color:color:0, Size:select:1","Kaki/Noir:0, 36:1","Kaki/Noir:0, 36:1",,japstar-kaki-noir-36,JAPSTAR-FE-KANO36,Couleur:color:0,Pointure:select:1,Kaki-Noir:0,0,36:1,1,,,,,,https://cata.meduse.co/femmes/bottines/japstar/kaki-noir/bottines-femme-japstar-kaki-noir-cote.jpg,1,,,,,305,Japstar,,japstar-kaki-noir-36,Couleur,Pointure,Kaki/Noir,1,36,1,1,54,,,,,,Bottines femme,Femme,Bottine,japstar femme,japstar,kaki,noir,36,,,japstarfemme
305,Japstar,"Couleur:color:0, Pointure:select:1","Color:color:0, Size:select:1","Kaki/Noir:0, 37:1","Kaki/Noir:0, 37:1",,japstar-kaki-noir-37,JAPSTAR-FE-KANO37,Couleur:color:0,Pointure:select:1,Kaki-Noir:0,0,37:1,1,,,,,,https://cata.meduse.co/femmes/bottines/japstar/kaki-noir/bottines-femme-japstar-kaki-noir-cote.jpg,1,,,,,305,Japstar,,japstar-kaki-noir-37,Couleur,Pointure,Kaki/Noir,1,37,2,1,54,,,,,,Bottines femme,Femme,Bottine,japstar femme,japstar,kaki,noir,37,,,japstarfemme
305,Japstar,"Couleur:color:0, Pointure:select:1","Color:color:0, Size:select:1","Kaki/Noir:0, 38:1","Kaki/Noir:0, 38:1",,japstar-kaki-noir-38,JAPSTAR-FE-KANO38,Couleur:color:0,Pointure:select:1,Kaki-Noir:0,0,38:1,1,,,,,,https://cata.meduse.co/femmes/bottines/japstar/kaki-noir/bottines-femme-japstar-kaki-noir-cote.jpg,1,,,,,305,Japstar,,japstar-kaki-noir-38,Couleur,Pointure,Kaki/Noir,1,38,3,1,54,,,,,,Bottines femme,Femme,Bottine,japstar femme,japstar,kaki,noir,38,,,japstarfemme
305,Japstar,"Couleur:color:0, Pointure:select:1","Color:color:0, Size:select:1","Kaki/Noir:0, 39:1","Kaki/Noir:0, 39:1",,japstar-kaki-noir-39,JAPSTAR-FE-KANO39,Couleur:color:0,Pointure:select:1,Kaki-Noir:0,0,39:1,1,,,,,,https://cata.meduse.co/femmes/bottines/japstar/kaki-noir/bottines-femme-japstar-kaki-noir-cote.jpg,1,,,,,305,Japstar,,japstar-kaki-noir-39,Couleur,Pointure,Kaki/Noir,1,39,4,1,54,,,,,,Bottines femme,Femme,Bottine,japstar femme,japstar,kaki,noir,39,,,japstarfemme
305,Japstar,"Couleur:color:0, Pointure:select:1","Color:color:0, Size:select:1","Kaki/Noir:0, 40:1","Kaki/Noir:0, 40:1",,japstar-kaki-noir-40,JAPSTAR-FE-KANO40,Couleur:color:0,Pointure:select:1,Kaki-Noir:0,0,40:1,1,,,,,,https://cata.meduse.co/femmes/bottines/japstar/kaki-noir/bottines-femme-japstar-kaki-noir-cote.jpg,1,,,,,305,Japstar,,japstar-kaki-noir-40,Couleur,Pointure,Kaki/Noir,1,40,5,1,54,,,,,,Bottines femme,Femme,Bottine,japstar femme,japstar,kaki,noir,40,,,japstarfemme
305,Japstar,"Couleur:color:0, Pointure:select:1","Color:color:0, Size:select:1","Kaki/Noir:0, 41:1","Kaki/Noir:0, 41:1",,japstar-kaki-noir-41,JAPSTAR-FE-KANO41,Couleur:color:0,Pointure:select:1,Kaki-Noir:0,0,41:1,1,,,,,,https://cata.meduse.co/femmes/bottines/japstar/kaki-noir/bottines-femme-japstar-kaki-noir-cote.jpg,1,,,,,305,Japstar,,japstar-kaki-noir-41,Couleur,Pointure,Kaki/Noir,1,41,6,1,54,,,,,,Bottines femme,Femme,Bottine,japstar femme,japstar,kaki,noir,41,,,japstarfemme
305,Japstar,"Couleur:color:0, Pointure:select:1","Color:color:0, Size:select:1","Noir:0, 36:1","Noir:0, 36:1",,japstar-noir-36,JAPSTAR-FE-NO36,Couleur:color:0,Pointure:select:1,Noir:0,0,36:1,1,,,,,,https://cata.meduse.co/femmes/bottines/japstar/noir/bottines-femme-japstar-noir-cote.jpg,1,,,,,305,Japstar,,japstar-noir-36,Couleur,Pointure,Noir,2,36,1,1,54,,,,,,Bottines femme,Femme,Bottine,japstar femme,japstar,noir,36,,,,japstarfemme
305,Japstar,"Couleur:color:0, Pointure:select:1","Color:color:0, Size:select:1","Noir:0, 37:1","Noir:0, 37:1",,japstar-noir-37,JAPSTAR-FE-NO37,Couleur:color:0,Pointure:select:1,Noir:0,0,37:1,1,,,,,,https://cata.meduse.co/femmes/bottines/japstar/noir/bottines-femme-japstar-noir-cote.jpg,1,,,,,305,Japstar,,japstar-noir-37,Couleur,Pointure,Noir,2,37,2,1,54,,,,,,Bottines femme,Femme,Bottine,japstar femme,japstar,noir,37,,,,japstarfemme
305,Japstar,"Couleur:color:0, Pointure:select:1","Color:color:0, Size:select:1","Noir:0, 38:1","Noir:0, 38:1",,japstar-noir-38,JAPSTAR-FE-NO38,Couleur:color:0,Pointure:select:1,Noir:0,0,38:1,1,,,,,,https://cata.meduse.co/femmes/bottines/japstar/noir/bottines-femme-japstar-noir-cote.jpg,1,,,,,305,Japstar,,japstar-noir-38,Couleur,Pointure,Noir,2,38,3,1,54,,,,,,Bottines femme,Femme,Bottine,japstar femme,japstar,noir,38,,,,japstarfemme
305,Japstar,"Couleur:color:0, Pointure:select:1","Color:color:0, Size:select:1","Noir:0, 39:1","Noir:0, 39:1",,japstar-noir-39,JAPSTAR-FE-NO39,Couleur:color:0,Pointure:select:1,Noir:0,0,39:1,1,,,,,,https://cata.meduse.co/femmes/bottines/japstar/noir/bottines-femme-japstar-noir-cote.jpg,1,,,,,305,Japstar,,japstar-noir-39,Couleur,Pointure,Noir,2,39,4,1,54,,,,,,Bottines femme,Femme,Bottine,japstar femme,japstar,noir,39,,,,japstarfemme
305,Japstar,"Couleur:color:0, Pointure:select:1","Color:color:0, Size:select:1","Noir:0, 40:1","Noir:0, 40:1",,japstar-noir-40,JAPSTAR-FE-NO40,Couleur:color:0,Pointure:select:1,Noir:0,0,40:1,1,,,,,,https://cata.meduse.co/femmes/bottines/japstar/noir/bottines-femme-japstar-noir-cote.jpg,1,,,,,305,Japstar,,japstar-noir-40,Couleur,Pointure,Noir,2,40,5,1,54,,,,,,Bottines femme,Femme,Bottine,japstar femme,japstar,noir,40,,,,japstarfemme
305,Japstar,"Couleur:color:0, Pointure:select:1","Color:color:0, Size:select:1","Noir:0, 41:1","Noir:0, 41:1",,japstar-noir-41,JAPSTAR-FE-NO41,Couleur:color:0,Pointure:select:1,Noir:0,0,41:1,1,,,,,,https://cata.meduse.co/femmes/bottines/japstar/noir/bottines-femme-japstar-noir-cote.jpg,1,,,,,305,Japstar,,japstar-noir-41,Couleur,Pointure,Noir,2,41,6,1,54,,,,,,Bottines femme,Femme,Bottine,japstar femme,japstar,noir,41,,,,japstarfemme
306,Japtan,"Couleur:color:0, Pointure:select:1","Color:color:0, Size:select:1","Bleu nuit/Rouge:0, 36:1","Bleu nuit/Rouge:0, 36:1",,japtan-bleu-nuit-rouge-36,JAPTAN-FE-BLNURO36,Couleur:color:0,Pointure:select:1,Bleu nuit-Rouge:0,0,36:1,1,,,,,,https://cata.meduse.co/femmes/bottines/japtan/bleu-nuit-rouge/bottines-femme-japtan-bleu-nuit-rouge-cote.jpg,1,,,,,306,Japtan,,japtan-bleu-nuit-rouge-36,Couleur,Pointure,Bleu nuit/Rouge,1,36,1,1,69,,,,,,Bottines femme,Femme,Bottine,japtan femme,japtan,bleu,nuit,rouge,36,,japtanfemme
306,Japtan,"Couleur:color:0, Pointure:select:1","Color:color:0, Size:select:1","Bleu nuit/Rouge:0, 37:1","Bleu nuit/Rouge:0, 37:1",,japtan-bleu-nuit-rouge-37,JAPTAN-FE-BLNURO37,Couleur:color:0,Pointure:select:1,Bleu nuit-Rouge:0,0,37:1,1,,,,,,https://cata.meduse.co/femmes/bottines/japtan/bleu-nuit-rouge/bottines-femme-japtan-bleu-nuit-rouge-cote.jpg,1,,,,,306,Japtan,,japtan-bleu-nuit-rouge-37,Couleur,Pointure,Bleu nuit/Rouge,1,37,2,1,69,,,,,,Bottines femme,Femme,Bottine,japtan femme,japtan,bleu,nuit,rouge,37,,japtanfemme
306,Japtan,"Couleur:color:0, Pointure:select:1","Color:color:0, Size:select:1","Bleu nuit/Rouge:0, 38:1","Bleu nuit/Rouge:0, 38:1",,japtan-bleu-nuit-rouge-38,JAPTAN-FE-BLNURO38,Couleur:color:0,Pointure:select:1,Bleu nuit-Rouge:0,0,38:1,1,,,,,,https://cata.meduse.co/femmes/bottines/japtan/bleu-nuit-rouge/bottines-femme-japtan-bleu-nuit-rouge-cote.jpg,1,,,,,306,Japtan,,japtan-bleu-nuit-rouge-38,Couleur,Pointure,Bleu nuit/Rouge,1,38,3,1,69,,,,,,Bottines femme,Femme,Bottine,japtan femme,japtan,bleu,nuit,rouge,38,,japtanfemme
306,Japtan,"Couleur:color:0, Pointure:select:1","Color:color:0, Size:select:1","Bleu nuit/Rouge:0, 39:1","Bleu nuit/Rouge:0, 39:1",,japtan-bleu-nuit-rouge-39,JAPTAN-FE-BLNURO39,Couleur:color:0,Pointure:select:1,Bleu nuit-Rouge:0,0,39:1,1,,,,,,https://cata.meduse.co/femmes/bottines/japtan/bleu-nuit-rouge/bottines-femme-japtan-bleu-nuit-rouge-cote.jpg,1,,,,,306,Japtan,,japtan-bleu-nuit-rouge-39,Couleur,Pointure,Bleu nuit/Rouge,1,39,4,1,69,,,,,,Bottines femme,Femme,Bottine,japtan femme,japtan,bleu,nuit,rouge,39,,japtanfemme
306,Japtan,"Couleur:color:0, Pointure:select:1","Color:color:0, Size:select:1","Bleu nuit/Rouge:0, 40:1","Bleu nuit/Rouge:0, 40:1",,japtan-bleu-nuit-rouge-40,JAPTAN-FE-BLNURO40,Couleur:color:0,Pointure:select:1,Bleu nuit-Rouge:0,0,40:1,1,,,,,,https://cata.meduse.co/femmes/bottines/japtan/bleu-nuit-rouge/bottines-femme-japtan-bleu-nuit-rouge-cote.jpg,1,,,,,306,Japtan,,japtan-bleu-nuit-rouge-40,Couleur,Pointure,Bleu nuit/Rouge,1,40,5,1,69,,,,,,Bottines femme,Femme,Bottine,japtan femme,japtan,bleu,nuit,rouge,40,,japtanfemme
306,Japtan,"Couleur:color:0, Pointure:select:1","Color:color:0, Size:select:1","Bleu nuit/Rouge:0, 41:1","Bleu nuit/Rouge:0, 41:1",,japtan-bleu-nuit-rouge-41,JAPTAN-FE-BLNURO41,Couleur:color:0,Pointure:select:1,Bleu nuit-Rouge:0,0,41:1,1,,,,,,https://cata.meduse.co/femmes/bottines/japtan/bleu-nuit-rouge/bottines-femme-japtan-bleu-nuit-rouge-cote.jpg,1,,,,,306,Japtan,,japtan-bleu-nuit-rouge-41,Couleur,Pointure,Bleu nuit/Rouge,1,41,6,1,69,,,,,,Bottines femme,Femme,Bottine,japtan femme,japtan,bleu,nuit,rouge,41,,japtanfemme
306,Japtan,"Couleur:color:0, Pointure:select:1","Color:color:0, Size:select:1","Noir/Noir:0, 36:1","Noir/Noir:0, 36:1",,japtan-noir-noir-36,JAPTAN-FE-NONO36,Couleur:color:0,Pointure:select:1,Noir-Noir:0,0,36:1,1,,,,,,https://cata.meduse.co/femmes/bottines/japtan/noir-noir/bottines-femme-japtan-noir-noir-cote.jpg,1,,,,,306,Japtan,,japtan-noir-noir-36,Couleur,Pointure,Noir/Noir,2,36,1,1,69,,,,,,Bottines femme,Femme,Bottine,japtan femme,japtan,noir,noir,36,,,japtanfemme
306,Japtan,"Couleur:color:0, Pointure:select:1","Color:color:0, Size:select:1","Noir/Noir:0, 37:1","Noir/Noir:0, 37:1",,japtan-noir-noir-37,JAPTAN-FE-NONO37,Couleur:color:0,Pointure:select:1,Noir-Noir:0,0,37:1,1,,,,,,https://cata.meduse.co/femmes/bottines/japtan/noir-noir/bottines-femme-japtan-noir-noir-cote.jpg,1,,,,,306,Japtan,,japtan-noir-noir-37,Couleur,Pointure,Noir/Noir,2,37,2,1,69,,,,,,Bottines femme,Femme,Bottine,japtan femme,japtan,noir,noir,37,,,japtanfemme
306,Japtan,"Couleur:color:0, Pointure:select:1","Color:color:0, Size:select:1","Noir/Noir:0, 38:1","Noir/Noir:0, 38:1",,japtan-noir-noir-38,JAPTAN-FE-NONO38,Couleur:color:0,Pointure:select:1,Noir-Noir:0,0,38:1,1,,,,,,https://cata.meduse.co/femmes/bottines/japtan/noir-noir/bottines-femme-japtan-noir-noir-cote.jpg,1,,,,,306,Japtan,,japtan-noir-noir-38,Couleur,Pointure,Noir/Noir,2,38,3,1,69,,,,,,Bottines femme,Femme,Bottine,japtan femme,japtan,noir,noir,38,,,japtanfemme
306,Japtan,"Couleur:color:0, Pointure:select:1","Color:color:0, Size:select:1","Noir/Noir:0, 39:1","Noir/Noir:0, 39:1",,japtan-noir-noir-39,JAPTAN-FE-NONO39,Couleur:color:0,Pointure:select:1,Noir-Noir:0,0,39:1,1,,,,,,https://cata.meduse.co/femmes/bottines/japtan/noir-noir/bottines-femme-japtan-noir-noir-cote.jpg,1,,,,,306,Japtan,,japtan-noir-noir-39,Couleur,Pointure,Noir/Noir,2,39,4,1,69,,,,,,Bottines femme,Femme,Bottine,japtan femme,japtan,noir,noir,39,,,japtanfemme
306,Japtan,"Couleur:color:0, Pointure:select:1","Color:color:0, Size:select:1","Noir/Noir:0, 40:1","Noir/Noir:0, 40:1",,japtan-noir-noir-40,JAPTAN-FE-NONO40,Couleur:color:0,Pointure:select:1,Noir-Noir:0,0,40:1,1,,,,,,https://cata.meduse.co/femmes/bottines/japtan/noir-noir/bottines-femme-japtan-noir-noir-cote.jpg,1,,,,,306,Japtan,,japtan-noir-noir-40,Couleur,Pointure,Noir/Noir,2,40,5,1,69,,,,,,Bottines femme,Femme,Bottine,japtan femme,japtan,noir,noir,40,,,japtanfemme
306,Japtan,"Couleur:color:0, Pointure:select:1","Color:color:0, Size:select:1","Noir/Noir:0, 41:1","Noir/Noir:0, 41:1",,japtan-noir-noir-41,JAPTAN-FE-NONO41,Couleur:color:0,Pointure:select:1,Noir-Noir:0,0,41:1,1,,,,,,https://cata.meduse.co/femmes/bottines/japtan/noir-noir/bottines-femme-japtan-noir-noir-cote.jpg,1,,,,,306,Japtan,,japtan-noir-noir-41,Couleur,Pointure,Noir/Noir,2,41,6,1,69,,,,,,Bottines femme,Femme,Bottine,japtan femme,japtan,noir,noir,41,,,japtanfemme
307,Japzip,"Couleur:color:0, Pointure:select:1","Color:color:0, Size:select:1","Noir/Noir:0, 36:1","Noir/Noir:0, 36:1",,japzip-noir-noir-36,JAPZIP-FE-NONO36,Couleur:color:0,Pointure:select:1,Noir-Noir:0,0,36:1,1,,,,,,https://cata.meduse.co/femmes/bottines/japzip/noir-noir/bottines-femme-japzip-noir-noir-cote.jpg,1,,,,,307,Japzip,,japzip-noir-noir-36,Couleur,Pointure,Noir/Noir,1,36,1,1,78,,,,,,Bottines femme,Femme,Bottine,japzip femme,japzip,noir,noir,36,,,japzipfemme
307,Japzip,"Couleur:color:0, Pointure:select:1","Color:color:0, Size:select:1","Noir/Noir:0, 37:1","Noir/Noir:0, 37:1",,japzip-noir-noir-37,JAPZIP-FE-NONO37,Couleur:color:0,Pointure:select:1,Noir-Noir:0,0,37:1,1,,,,,,https://cata.meduse.co/femmes/bottines/japzip/noir-noir/bottines-femme-japzip-noir-noir-cote.jpg,1,,,,,307,Japzip,,japzip-noir-noir-37,Couleur,Pointure,Noir/Noir,1,37,2,1,78,,,,,,Bottines femme,Femme,Bottine,japzip femme,japzip,noir,noir,37,,,japzipfemme
307,Japzip,"Couleur:color:0, Pointure:select:1","Color:color:0, Size:select:1","Noir/Noir:0, 38:1","Noir/Noir:0, 38:1",,japzip-noir-noir-38,JAPZIP-FE-NONO38,Couleur:color:0,Pointure:select:1,Noir-Noir:0,0,38:1,1,,,,,,https://cata.meduse.co/femmes/bottines/japzip/noir-noir/bottines-femme-japzip-noir-noir-cote.jpg,1,,,,,307,Japzip,,japzip-noir-noir-38,Couleur,Pointure,Noir/Noir,1,38,3,1,78,,,,,,Bottines femme,Femme,Bottine,japzip femme,japzip,noir,noir,38,,,japzipfemme
307,Japzip,"Couleur:color:0, Pointure:select:1","Color:color:0, Size:select:1","Noir/Noir:0, 39:1","Noir/Noir:0, 39:1",,japzip-noir-noir-39,JAPZIP-FE-NONO39,Couleur:color:0,Pointure:select:1,Noir-Noir:0,0,39:1,1,,,,,,https://cata.meduse.co/femmes/bottines/japzip/noir-noir/bottines-femme-japzip-noir-noir-cote.jpg,1,,,,,307,Japzip,,japzip-noir-noir-39,Couleur,Pointure,Noir/Noir,1,39,4,1,78,,,,,,Bottines femme,Femme,Bottine,japzip femme,japzip,noir,noir,39,,,japzipfemme
307,Japzip,"Couleur:color:0, Pointure:select:1","Color:color:0, Size:select:1","Noir/Noir:0, 40:1","Noir/Noir:0, 40:1",,japzip-noir-noir-40,JAPZIP-FE-NONO40,Couleur:color:0,Pointure:select:1,Noir-Noir:0,0,40:1,1,,,,,,https://cata.meduse.co/femmes/bottines/japzip/noir-noir/bottines-femme-japzip-noir-noir-cote.jpg,1,,,,,307,Japzip,,japzip-noir-noir-40,Couleur,Pointure,Noir/Noir,1,40,5,1,78,,,,,,Bottines femme,Femme,Bottine,japzip femme,japzip,noir,noir,40,,,japzipfemme
307,Japzip,"Couleur:color:0, Pointure:select:1","Color:color:0, Size:select:1","Noir/Noir:0, 41:1","Noir/Noir:0, 41:1",,japzip-noir-noir-41,JAPZIP-FE-NONO41,Couleur:color:0,Pointure:select:1,Noir-Noir:0,0,41:1,1,,,,,,https://cata.meduse.co/femmes/bottines/japzip/noir-noir/bottines-femme-japzip-noir-noir-cote.jpg,1,,,,,307,Japzip,,japzip-noir-noir-41,Couleur,Pointure,Noir/Noir,1,41,6,1,78,,,,,,Bottines femme,Femme,Bottine,japzip femme,japzip,noir,noir,41,,,japzipfemme
308,Japflo,"Couleur:color:0, Pointure:select:1","Color:color:0, Size:select:1","Noir/Noir:0, 36:1","Noir/Noir:0, 36:1",,japflo-noir-noir-36,JAPFLO-FE-NONO36,Couleur:color:0,Pointure:select:1,Noir-Noir:0,0,36:1,1,,,,,,https://cata.meduse.co/femmes/bottines/japflo/noir-noir/bottines-femme-japflo-noir-noir-cote.jpg,1,,,,,308,Japflo,,japflo-noir-noir-36,Couleur,Pointure,Noir/Noir,1,36,1,1,54,,,,,,Bottines femme,Femme,Bottine,japflo femme,japflo,noir,noir,36,,,japflofemme
308,Japflo,"Couleur:color:0, Pointure:select:1","Color:color:0, Size:select:1","Noir/Noir:0, 37:1","Noir/Noir:0, 37:1",,japflo-noir-noir-37,JAPFLO-FE-NONO37,Couleur:color:0,Pointure:select:1,Noir-Noir:0,0,37:1,1,,,,,,https://cata.meduse.co/femmes/bottines/japflo/noir-noir/bottines-femme-japflo-noir-noir-cote.jpg,1,,,,,308,Japflo,,japflo-noir-noir-37,Couleur,Pointure,Noir/Noir,1,37,2,1,54,,,,,,Bottines femme,Femme,Bottine,japflo femme,japflo,noir,noir,37,,,japflofemme
308,Japflo,"Couleur:color:0, Pointure:select:1","Color:color:0, Size:select:1","Noir/Noir:0, 38:1","Noir/Noir:0, 38:1",,japflo-noir-noir-38,JAPFLO-FE-NONO38,Couleur:color:0,Pointure:select:1,Noir-Noir:0,0,38:1,1,,,,,,https://cata.meduse.co/femmes/bottines/japflo/noir-noir/bottines-femme-japflo-noir-noir-cote.jpg,1,,,,,308,Japflo,,japflo-noir-noir-38,Couleur,Pointure,Noir/Noir,1,38,3,1,54,,,,,,Bottines femme,Femme,Bottine,japflo femme,japflo,noir,noir,38,,,japflofemme
308,Japflo,"Couleur:color:0, Pointure:select:1","Color:color:0, Size:select:1","Noir/Noir:0, 39:1","Noir/Noir:0, 39:1",,japflo-noir-noir-39,JAPFLO-FE-NONO39,Couleur:color:0,Pointure:select:1,Noir-Noir:0,0,39:1,1,,,,,,https://cata.meduse.co/femmes/bottines/japflo/noir-noir/bottines-femme-japflo-noir-noir-cote.jpg,1,,,,,308,Japflo,,japflo-noir-noir-39,Couleur,Pointure,Noir/Noir,1,39,4,1,54,,,,,,Bottines femme,Femme,Bottine,japflo femme,japflo,noir,noir,39,,,japflofemme
308,Japflo,"Couleur:color:0, Pointure:select:1","Color:color:0, Size:select:1","Noir/Noir:0, 40:1","Noir/Noir:0, 40:1",,japflo-noir-noir-40,JAPFLO-FE-NONO40,Couleur:color:0,Pointure:select:1,Noir-Noir:0,0,40:1,1,,,,,,https://cata.meduse.co/femmes/bottines/japflo/noir-noir/bottines-femme-japflo-noir-noir-cote.jpg,1,,,,,308,Japflo,,japflo-noir-noir-40,Couleur,Pointure,Noir/Noir,1,40,5,1,54,,,,,,Bottines femme,Femme,Bottine,japflo femme,japflo,noir,noir,40,,,japflofemme
308,Japflo,"Couleur:color:0, Pointure:select:1","Color:color:0, Size:select:1","Noir/Noir:0, 41:1","Noir/Noir:0, 41:1",,japflo-noir-noir-41,JAPFLO-FE-NONO41,Couleur:color:0,Pointure:select:1,Noir-Noir:0,0,41:1,1,,,,,,https://cata.meduse.co/femmes/bottines/japflo/noir-noir/bottines-femme-japflo-noir-noir-cote.jpg,1,,,,,308,Japflo,,japflo-noir-noir-41,Couleur,Pointure,Noir/Noir,1,41,6,1,54,,,,,,Bottines femme,Femme,Bottine,japflo femme,japflo,noir,noir,41,,,japflofemme
308,Japflo,"Couleur:color:0, Pointure:select:1","Color:color:0, Size:select:1","Noir/Bordeaux:0, 36:1","Noir/Bordeaux:0, 36:1",,japflo-noir-bordeaux-36,JAPFLO-FE-NOBO36,Couleur:color:0,Pointure:select:1,Noir-Bordeaux:0,0,36:1,1,,,,,,https://cata.meduse.co/femmes/bottines/japflo/noir-bordeaux/bottines-femme-japflo-noir-bordeaux-cote.jpg,1,,,,,308,Japflo,,japflo-noir-bordeaux-36,Couleur,Pointure,Noir/Bordeaux,2,36,1,1,54,,,,,,Bottines femme,Femme,Bottine,japflo femme,japflo,noir,bordeaux,36,,,japflofemme
308,Japflo,"Couleur:color:0, Pointure:select:1","Color:color:0, Size:select:1","Noir/Bordeaux:0, 37:1","Noir/Bordeaux:0, 37:1",,japflo-noir-bordeaux-37,JAPFLO-FE-NOBO37,Couleur:color:0,Pointure:select:1,Noir-Bordeaux:0,0,37:1,1,,,,,,https://cata.meduse.co/femmes/bottines/japflo/noir-bordeaux/bottines-femme-japflo-noir-bordeaux-cote.jpg,1,,,,,308,Japflo,,japflo-noir-bordeaux-37,Couleur,Pointure,Noir/Bordeaux,2,37,2,1,54,,,,,,Bottines femme,Femme,Bottine,japflo femme,japflo,noir,bordeaux,37,,,japflofemme
308,Japflo,"Couleur:color:0, Pointure:select:1","Color:color:0, Size:select:1","Noir/Bordeaux:0, 38:1","Noir/Bordeaux:0, 38:1",,japflo-noir-bordeaux-38,JAPFLO-FE-NOBO38,Couleur:color:0,Pointure:select:1,Noir-Bordeaux:0,0,38:1,1,,,,,,https://cata.meduse.co/femmes/bottines/japflo/noir-bordeaux/bottines-femme-japflo-noir-bordeaux-cote.jpg,1,,,,,308,Japflo,,japflo-noir-bordeaux-38,Couleur,Pointure,Noir/Bordeaux,2,38,3,1,54,,,,,,Bottines femme,Femme,Bottine,japflo femme,japflo,noir,bordeaux,38,,,japflofemme
308,Japflo,"Couleur:color:0, Pointure:select:1","Color:color:0, Size:select:1","Noir/Bordeaux:0, 39:1","Noir/Bordeaux:0, 39:1",,japflo-noir-bordeaux-39,JAPFLO-FE-NOBO39,Couleur:color:0,Pointure:select:1,Noir-Bordeaux:0,0,39:1,1,,,,,,https://cata.meduse.co/femmes/bottines/japflo/noir-bordeaux/bottines-femme-japflo-noir-bordeaux-cote.jpg,1,,,,,308,Japflo,,japflo-noir-bordeaux-39,Couleur,Pointure,Noir/Bordeaux,2,39,4,1,54,,,,,,Bottines femme,Femme,Bottine,japflo femme,japflo,noir,bordeaux,39,,,japflofemme
308,Japflo,"Couleur:color:0, Pointure:select:1","Color:color:0, Size:select:1","Noir/Bordeaux:0, 40:1","Noir/Bordeaux:0, 40:1",,japflo-noir-bordeaux-40,JAPFLO-FE-NOBO40,Couleur:color:0,Pointure:select:1,Noir-Bordeaux:0,0,40:1,1,,,,,,https://cata.meduse.co/femmes/bottines/japflo/noir-bordeaux/bottines-femme-japflo-noir-bordeaux-cote.jpg,1,,,,,308,Japflo,,japflo-noir-bordeaux-40,Couleur,Pointure,Noir/Bordeaux,2,40,5,1,54,,,,,,Bottines femme,Femme,Bottine,japflo femme,japflo,noir,bordeaux,40,,,japflofemme
308,Japflo,"Couleur:color:0, Pointure:select:1","Color:color:0, Size:select:1","Noir/Bordeaux:0, 41:1","Noir/Bordeaux:0, 41:1",,japflo-noir-bordeaux-41,JAPFLO-FE-NOBO41,Couleur:color:0,Pointure:select:1,Noir-Bordeaux:0,0,41:1,1,,,,,,https://cata.meduse.co/femmes/bottines/japflo/noir-bordeaux/bottines-femme-japflo-noir-bordeaux-cote.jpg,1,,,,,308,Japflo,,japflo-noir-bordeaux-41,Couleur,Pointure,Noir/Bordeaux,2,41,6,1,54,,,,,,Bottines femme,Femme,Bottine,japflo femme,japflo,noir,bordeaux,41,,,japflofemme
309,Japcity,"Couleur:color:0, Pointure:select:1","Color:color:0, Size:select:1","Noir:0, 36:1","Noir:0, 36:1",,japcity-noir-36,JAPCITY-FE-NO36,Couleur:color:0,Pointure:select:1,Noir:0,0,36:1,1,,,,,,https://cata.meduse.co/femmes/bottines/japcity/noir/bottines-femme-japcity-noir-cote.jpg,1,,,,,309,Japcity,,japcity-noir-36,Couleur,Pointure,Noir,1,36,1,1,78,,,,,,Bottines femme,Femme,Bottine,japcity femme,japcity,noir,36,,,,japcityfemme
309,Japcity,"Couleur:color:0, Pointure:select:1","Color:color:0, Size:select:1","Noir:0, 37:1","Noir:0, 37:1",,japcity-noir-37,JAPCITY-FE-NO37,Couleur:color:0,Pointure:select:1,Noir:0,0,37:1,1,,,,,,https://cata.meduse.co/femmes/bottines/japcity/noir/bottines-femme-japcity-noir-cote.jpg,1,,,,,309,Japcity,,japcity-noir-37,Couleur,Pointure,Noir,1,37,2,1,78,,,,,,Bottines femme,Femme,Bottine,japcity femme,japcity,noir,37,,,,japcityfemme
309,Japcity,"Couleur:color:0, Pointure:select:1","Color:color:0, Size:select:1","Noir:0, 38:1","Noir:0, 38:1",,japcity-noir-38,JAPCITY-FE-NO38,Couleur:color:0,Pointure:select:1,Noir:0,0,38:1,1,,,,,,https://cata.meduse.co/femmes/bottines/japcity/noir/bottines-femme-japcity-noir-cote.jpg,1,,,,,309,Japcity,,japcity-noir-38,Couleur,Pointure,Noir,1,38,3,1,78,,,,,,Bottines femme,Femme,Bottine,japcity femme,japcity,noir,38,,,,japcityfemme
309,Japcity,"Couleur:color:0, Pointure:select:1","Color:color:0, Size:select:1","Noir:0, 39:1","Noir:0, 39:1",,japcity-noir-39,JAPCITY-FE-NO39,Couleur:color:0,Pointure:select:1,Noir:0,0,39:1,1,,,,,,https://cata.meduse.co/femmes/bottines/japcity/noir/bottines-femme-japcity-noir-cote.jpg,1,,,,,309,Japcity,,japcity-noir-39,Couleur,Pointure,Noir,1,39,4,1,78,,,,,,Bottines femme,Femme,Bottine,japcity femme,japcity,noir,39,,,,japcityfemme
309,Japcity,"Couleur:color:0, Pointure:select:1","Color:color:0, Size:select:1","Noir:0, 40:1","Noir:0, 40:1",,japcity-noir-40,JAPCITY-FE-NO40,Couleur:color:0,Pointure:select:1,Noir:0,0,40:1,1,,,,,,https://cata.meduse.co/femmes/bottines/japcity/noir/bottines-femme-japcity-noir-cote.jpg,1,,,,,309,Japcity,,japcity-noir-40,Couleur,Pointure,Noir,1,40,5,1,78,,,,,,Bottines femme,Femme,Bottine,japcity femme,japcity,noir,40,,,,japcityfemme
309,Japcity,"Couleur:color:0, Pointure:select:1","Color:color:0, Size:select:1","Noir:0, 41:1","Noir:0, 41:1",,japcity-noir-41,JAPCITY-FE-NO41,Couleur:color:0,Pointure:select:1,Noir:0,0,41:1,1,,,,,,https://cata.meduse.co/femmes/bottines/japcity/noir/bottines-femme-japcity-noir-cote.jpg,1,,,,,309,Japcity,,japcity-noir-41,Couleur,Pointure,Noir,1,41,6,1,78,,,,,,Bottines femme,Femme,Bottine,japcity femme,japcity,noir,41,,,,japcityfemme
309,Japcity,"Couleur:color:0, Pointure:select:1","Color:color:0, Size:select:1","Bordeaux:0, 36:1","Bordeaux:0, 36:1",,japcity-bordeaux-36,JAPCITY-FE-BO36,Couleur:color:0,Pointure:select:1,Bordeaux:0,0,36:1,1,,,,,,https://cata.meduse.co/femmes/bottines/japcity/bordeaux/bottines-femme-japcity-bordeaux-cote.jpg,1,,,,,309,Japcity,,japcity-bordeaux-36,Couleur,Pointure,Bordeaux,2,36,1,1,78,,,,,,Bottines femme,Femme,Bottine,japcity femme,japcity,bordeaux,36,,,,japcityfemme
309,Japcity,"Couleur:color:0, Pointure:select:1","Color:color:0, Size:select:1","Bordeaux:0, 37:1","Bordeaux:0, 37:1",,japcity-bordeaux-37,JAPCITY-FE-BO37,Couleur:color:0,Pointure:select:1,Bordeaux:0,0,37:1,1,,,,,,https://cata.meduse.co/femmes/bottines/japcity/bordeaux/bottines-femme-japcity-bordeaux-cote.jpg,1,,,,,309,Japcity,,japcity-bordeaux-37,Couleur,Pointure,Bordeaux,2,37,2,1,78,,,,,,Bottines femme,Femme,Bottine,japcity femme,japcity,bordeaux,37,,,,japcityfemme
309,Japcity,"Couleur:color:0, Pointure:select:1","Color:color:0, Size:select:1","Bordeaux:0, 38:1","Bordeaux:0, 38:1",,japcity-bordeaux-38,JAPCITY-FE-BO38,Couleur:color:0,Pointure:select:1,Bordeaux:0,0,38:1,1,,,,,,https://cata.meduse.co/femmes/bottines/japcity/bordeaux/bottines-femme-japcity-bordeaux-cote.jpg,1,,,,,309,Japcity,,japcity-bordeaux-38,Couleur,Pointure,Bordeaux,2,38,3,1,78,,,,,,Bottines femme,Femme,Bottine,japcity femme,japcity,bordeaux,38,,,,japcityfemme
309,Japcity,"Couleur:color:0, Pointure:select:1","Color:color:0, Size:select:1","Bordeaux:0, 39:1","Bordeaux:0, 39:1",,japcity-bordeaux-39,JAPCITY-FE-BO39,Couleur:color:0,Pointure:select:1,Bordeaux:0,0,39:1,1,,,,,,https://cata.meduse.co/femmes/bottines/japcity/bordeaux/bottines-femme-japcity-bordeaux-cote.jpg,1,,,,,309,Japcity,,japcity-bordeaux-39,Couleur,Pointure,Bordeaux,2,39,4,1,78,,,,,,Bottines femme,Femme,Bottine,japcity femme,japcity,bordeaux,39,,,,japcityfemme
309,Japcity,"Couleur:color:0, Pointure:select:1","Color:color:0, Size:select:1","Bordeaux:0, 40:1","Bordeaux:0, 40:1",,japcity-bordeaux-40,JAPCITY-FE-BO40,Couleur:color:0,Pointure:select:1,Bordeaux:0,0,40:1,1,,,,,,https://cata.meduse.co/femmes/bottines/japcity/bordeaux/bottines-femme-japcity-bordeaux-cote.jpg,1,,,,,309,Japcity,,japcity-bordeaux-40,Couleur,Pointure,Bordeaux,2,40,5,1,78,,,,,,Bottines femme,Femme,Bottine,japcity femme,japcity,bordeaux,40,,,,japcityfemme
309,Japcity,"Couleur:color:0, Pointure:select:1","Color:color:0, Size:select:1","Bordeaux:0, 41:1","Bordeaux:0, 41:1",,japcity-bordeaux-41,JAPCITY-FE-BO41,Couleur:color:0,Pointure:select:1,Bordeaux:0,0,41:1,1,,,,,,https://cata.meduse.co/femmes/bottines/japcity/bordeaux/bottines-femme-japcity-bordeaux-cote.jpg,1,,,,,309,Japcity,,japcity-bordeaux-41,Couleur,Pointure,Bordeaux,2,41,6,1,78,,,,,,Bottines femme,Femme,Bottine,japcity femme,japcity,bordeaux,41,,,,japcityfemme
310,Jumpsport,"Couleur:color:0, Pointure:select:1","Color:color:0, Size:select:1","Bleu nuit/Rouge:0, 35:1","Bleu nuit/Rouge:0, 35:1",,jumpsport-bleu-nuit-rouge-35,JUMPSPORT-FE-BLNURO35,Couleur:color:0,Pointure:select:1,Bleu nuit-Rouge:0,0,35:1,1,,,,,,https://cata.meduse.co/femmes/bottines/jumpsport/bleu-nuit-rouge/bottines-femme-jumpsport-bleu-nuit-rouge-cote.jpg,1,,,,,310,Jumpsport,,jumpsport-bleu-nuit-rouge-35,Couleur,Pointure,Bleu nuit/Rouge,1,35,1,1,51,,,,,,Bottines femme,Femme,Bottine,jumpsport femme,jumpsport,bleu,nuit,rouge,35,,jumpsportfemme
310,Jumpsport,"Couleur:color:0, Pointure:select:1","Color:color:0, Size:select:1","Bleu nuit/Rouge:0, 36:1","Bleu nuit/Rouge:0, 36:1",,jumpsport-bleu-nuit-rouge-36,JUMPSPORT-FE-BLNURO36,Couleur:color:0,Pointure:select:1,Bleu nuit-Rouge:0,0,36:1,1,,,,,,https://cata.meduse.co/femmes/bottines/jumpsport/bleu-nuit-rouge/bottines-femme-jumpsport-bleu-nuit-rouge-cote.jpg,1,,,,,310,Jumpsport,,jumpsport-bleu-nuit-rouge-36,Couleur,Pointure,Bleu nuit/Rouge,1,36,2,1,51,,,,,,Bottines femme,Femme,Bottine,jumpsport femme,jumpsport,bleu,nuit,rouge,36,,jumpsportfemme
310,Jumpsport,"Couleur:color:0, Pointure:select:1","Color:color:0, Size:select:1","Bleu nuit/Rouge:0, 37:1","Bleu nuit/Rouge:0, 37:1",,jumpsport-bleu-nuit-rouge-37,JUMPSPORT-FE-BLNURO37,Couleur:color:0,Pointure:select:1,Bleu nuit-Rouge:0,0,37:1,1,,,,,,https://cata.meduse.co/femmes/bottines/jumpsport/bleu-nuit-rouge/bottines-femme-jumpsport-bleu-nuit-rouge-cote.jpg,1,,,,,310,Jumpsport,,jumpsport-bleu-nuit-rouge-37,Couleur,Pointure,Bleu nuit/Rouge,1,37,3,1,51,,,,,,Bottines femme,Femme,Bottine,jumpsport femme,jumpsport,bleu,nuit,rouge,37,,jumpsportfemme
310,Jumpsport,"Couleur:color:0, Pointure:select:1","Color:color:0, Size:select:1","Bleu nuit/Rouge:0, 38:1","Bleu nuit/Rouge:0, 38:1",,jumpsport-bleu-nuit-rouge-38,JUMPSPORT-FE-BLNURO38,Couleur:color:0,Pointure:select:1,Bleu nuit-Rouge:0,0,38:1,1,,,,,,https://cata.meduse.co/femmes/bottines/jumpsport/bleu-nuit-rouge/bottines-femme-jumpsport-bleu-nuit-rouge-cote.jpg,1,,,,,310,Jumpsport,,jumpsport-bleu-nuit-rouge-38,Couleur,Pointure,Bleu nuit/Rouge,1,38,4,1,51,,,,,,Bottines femme,Femme,Bottine,jumpsport femme,jumpsport,bleu,nuit,rouge,38,,jumpsportfemme
310,Jumpsport,"Couleur:color:0, Pointure:select:1","Color:color:0, Size:select:1","Bleu nuit/Rouge:0, 39:1","Bleu nuit/Rouge:0, 39:1",,jumpsport-bleu-nuit-rouge-39,JUMPSPORT-FE-BLNURO39,Couleur:color:0,Pointure:select:1,Bleu nuit-Rouge:0,0,39:1,1,,,,,,https://cata.meduse.co/femmes/bottines/jumpsport/bleu-nuit-rouge/bottines-femme-jumpsport-bleu-nuit-rouge-cote.jpg,1,,,,,310,Jumpsport,,jumpsport-bleu-nuit-rouge-39,Couleur,Pointure,Bleu nuit/Rouge,1,39,5,1,51,,,,,,Bottines femme,Femme,Bottine,jumpsport femme,jumpsport,bleu,nuit,rouge,39,,jumpsportfemme
310,Jumpsport,"Couleur:color:0, Pointure:select:1","Color:color:0, Size:select:1","Bleu nuit/Rouge:0, 40:1","Bleu nuit/Rouge:0, 40:1",,jumpsport-bleu-nuit-rouge-40,JUMPSPORT-FE-BLNURO40,Couleur:color:0,Pointure:select:1,Bleu nuit-Rouge:0,0,40:1,1,,,,,,https://cata.meduse.co/femmes/bottines/jumpsport/bleu-nuit-rouge/bottines-femme-jumpsport-bleu-nuit-rouge-cote.jpg,1,,,,,310,Jumpsport,,jumpsport-bleu-nuit-rouge-40,Couleur,Pointure,Bleu nuit/Rouge,1,40,6,1,51,,,,,,Bottines femme,Femme,Bottine,jumpsport femme,jumpsport,bleu,nuit,rouge,40,,jumpsportfemme
310,Jumpsport,"Couleur:color:0, Pointure:select:1","Color:color:0, Size:select:1","Bleu nuit/Rouge:0, 41:1","Bleu nuit/Rouge:0, 41:1",,jumpsport-bleu-nuit-rouge-41,JUMPSPORT-FE-BLNURO41,Couleur:color:0,Pointure:select:1,Bleu nuit-Rouge:0,0,41:1,1,,,,,,https://cata.meduse.co/femmes/bottines/jumpsport/bleu-nuit-rouge/bottines-femme-jumpsport-bleu-nuit-rouge-cote.jpg,1,,,,,310,Jumpsport,,jumpsport-bleu-nuit-rouge-41,Couleur,Pointure,Bleu nuit/Rouge,1,41,7,1,51,,,,,,Bottines femme,Femme,Bottine,jumpsport femme,jumpsport,bleu,nuit,rouge,41,,jumpsportfemme