19,Sun,"Couleur:color:0, Pointure:select:1","Color:color:0, Size:select:1","Bleu roy:0, 18:1","Bleu roy:0, 18:1",,sun-bleu-roy-18,SUN-EN-BLRO18,Couleur:color:0,Pointure:select:1,Bleu roy:0,0,18:1,1,,,,,,https://cata.meduse.co/enfants/sandales/sun/bleu-roy/sandales-enfant-sun-bleu-roy-cote.jpg,1,,,,,15,Sun,,sun-bleu-roy-18,Couleur,Pointure,Bleu roy,4,18,1,1,12,,,,,,Sandales enfant,Enfant,Sandale,sun enfant,sun,bleu,roy,18,,,sunenfant
19,Sun,"Couleur:color:0, Pointure:select:1","Color:color:0, Size:select:1","Bleu roy:0, 19:1","Bleu roy:0, 19:1",,sun-bleu-roy-19,SUN-EN-BLRO19,Couleur:color:0,Pointure:select:1,Bleu roy:0,0,19:1,1,,,,,,https://cata.meduse.co/enfants/sandales/sun/bleu-roy/sandales-enfant-sun-bleu-roy-cote.jpg,1,,,,,15,Sun,,sun-bleu-roy-19,Couleur,Pointure,Bleu roy,4,19,2,1,12,,,,,,Sandales enfant,Enfant,Sandale,sun enfant,sun,bleu,roy,19,,,sunenfant
19,Sun,"Couleur:color:0, Pointure:select:1","Color:color:0, Size:select:1","Bleu roy:0, 20:1","Bleu roy:0, 20:1",,sun-bleu-roy-20,SUN-EN-BLRO20,Couleur:color:0,Pointure:select:1,Bleu roy:0,0,20:1,1,,,,,,https://cata.meduse.co/enfants/sandales/sun/bleu-roy/sandales-enfant-sun-bleu-roy-cote.jpg,1,,,,,15,Sun,,sun-bleu-roy-20,Couleur,Pointure,Bleu roy,4,20,3,1,12,,,,,,Sandales enfant,Enfant,Sandale,sun enfant,sun,bleu,roy,20,,,sunenfant
19,Sun,"Couleur:color:0, Pointure:select:1","Color:color:0, Size:select:1","Bleu roy:0, 21:1","Bleu roy:0, 21:1",,sun-bleu-roy-21,SUN-EN-BLRO21,Couleur:color:0,Pointure:select:1,Bleu roy:0,0,21:1,1,,,,,,https://cata.meduse.co/enfants/sandales/sun/bleu-roy/sandales-enfant-sun-bleu-roy-cote.jpg,1,,,,,15,Sun,,sun-bleu-roy-21,Couleur,Pointure,Bleu roy,4,21,4,1,12,,,,,,Sandales enfant,Enfant,Sandale,sun enfant,sun,bleu,roy,21,,,sunenfant
19,Sun,"Couleur:color:0, Pointure:select:1","Color:color:0, Size:select:1","Bleu roy:0, 22:1","Bleu roy:0, 22:1",,sun-bleu-roy-22,SUN-EN-BLRO22,Couleur:color:0,Pointure:select:1,Bleu roy:0,0,22:1,1,,,,,,https://cata.meduse.co/enfants/sandales/sun/bleu-roy/sandales-enfant-sun-bleu-roy-cote.jpg,1,,,,,15,Sun,,sun-bleu-roy-22,Couleur,Pointure,Bleu roy,4,22,5,1,12,,,,,,Sandales enfant,Enfant,Sandale,sun enfant,sun,bleu,roy,22,,,sunenfant
19,Sun,"Couleur:color:0, Pointure:select:1","Color:color:0, Size:select:1","Bleu roy:0, 23:1","Bleu roy:0, 23:1",,sun-bleu-roy-23,SUN-EN-BLRO23,Couleur:color:0,Pointure:select:1,Bleu roy:0,0,23:1,1,,,,,,https://cata.meduse.co/enfants/sandales/sun/bleu-roy/sandales-enfant-sun-bleu-roy-cote.jpg,1,,,,,15,Sun,,sun-bleu-roy-23,Couleur,Pointure,Bleu roy,4,23,6,1,12,,,,,,Sandales enfant,Enfant,Sandale,sun enfant,sun,bleu,roy,23,,,sunenfant
19,Sun,"Couleur:color:0, Pointure:select:1","Color:color:0, Size:select:1","Bleu roy:0, 24:1","Bleu roy:0, 24:1",,sun-bleu-roy-24,SUN-EN-BLRO24,Couleur:color:0,Pointure:select:1,Bleu roy:0,0,24:1,1,,,,,,https://cata.meduse.co/enfants/sandales/sun/bleu-roy/sandales-enfant-sun-bleu-roy-cote.jpg,1,,,,,15,Sun,,sun-bleu-roy-24,Couleur,Pointure,Bleu roy,4,24,7,1,12,,,,,,Sandales enfant,Enfant,Sandale,sun enfant,sun,bleu,roy,24,,,sunenfant
19,Sun,"Couleur:color:0, Pointure:select:1","Color:color:0, Size:select:1","Bleu roy:0, 25:1","Bleu roy:0, 25:1",,sun-bleu-roy-25,SUN-EN-BLRO25,Couleur:color:0,Pointure:select:1,Bleu roy:0,0,25:1,1,,,,,,https://cata.meduse.co/enfants/sandales/sun/bleu-roy/sandales-enfant-sun-bleu-roy-cote.jpg,1,,,,,15,Sun,,sun-bleu-roy-25,Couleur,Pointure,Bleu roy,4,25,8,1,12,,,,,,Sandales enfant,Enfant,Sandale,sun enfant,sun,bleu,roy,25,,,sunenfant
19,Sun,"Couleur:color:0, Pointure:select:1","Color:color:0, Size:select:1","Bleu roy:0, 26:1","Bleu roy:0, 26:1",,sun-bleu-roy-26,SUN-EN-BLRO26,Couleur:color:0,Pointure:select:1,Bleu roy:0,0,26:1,1,,,,,,https://cata.meduse.co/enfants/sandales/sun/bleu-roy/sandales-enfant-sun-bleu-roy-cote.jpg,1,,,,,15,Sun,,sun-bleu-roy-26,Couleur,Pointure,Bleu roy,4,26,9,1,12,,,,,,Sandales enfant,Enfant,Sandale,sun enfant,sun,bleu,roy,26,,,sunenfant
19,Sun,"Couleur:color:0, Pointure:select:1","Color:color:0, Size:select:1","Bleu roy:0, 27:1","Bleu roy:0, 27:1",,sun-bleu-roy-27,SUN-EN-BLRO27,Couleur:color:0,Pointure:select:1,Bleu roy:0,0,27:1,1,,,,,,https://cata.meduse.co/enfants/sandales/sun/bleu-roy/sandales-enfant-sun-bleu-roy-cote.jpg,1,,,,,15,Sun,,sun-bleu-roy-27,Couleur,Pointure,Bleu roy,4,27,10,1,12,,,,,,Sandales enfant,Enfant,Sandale,sun enfant,sun,bleu,roy,27,,,sunenfant
19,Sun,"Couleur:color:0, Pointure:select:1","Color:color:0, Size:select:1","Bleu roy:0, 28:1","Bleu roy:0, 28:1",,sun-bleu-roy-28,SUN-EN-BLRO28,Couleur:color:0,Pointure:select:1,Bleu roy:0,3,28:1,1,,,,,,https://cata.meduse.co/enfants/sandales/sun/bleu-roy/sandales-enfant-sun-bleu-roy-cote.jpg,1,,,,,15,Sun,,sun-bleu-roy-28,Couleur,Pointure,Bleu roy,4,28,11,1,15,,,,,,Sandales enfant,Enfant,Sandale,sun enfant,sun,bleu,roy,28,,,sunenfant
19,Sun,"Couleur:color:0, Pointure:select:1","Color:color:0, Size:select:1","Bleu roy:0, 29:1","Bleu roy:0, 29:1",,sun-bleu-roy-29,SUN-EN-BLRO29,Couleur:color:0,Pointure:select:1,Bleu roy:0,3,29:1,1,,,,,,https://cata.meduse.co/enfants/sandales/sun/bleu-roy/sandales-enfant-sun-bleu-roy-cote.jpg,1,,,,,15,Sun,,sun-bleu-roy-29,Couleur,Pointure,Bleu roy,4,29,12,1,15,,,,,,Sandales enfant,Enfant,Sandale,sun enfant,sun,bleu,roy,29,,,sunenfant
19,Sun,"Couleur:color:0, Pointure:select:1","Color:color:0, Size:select:1","Bleu roy:0, 30:1","Bleu roy:0, 30:1",,sun-bleu-roy-30,SUN-EN-BLRO30,Couleur:color:0,Pointure:select:1,Bleu roy:0,3,30:1,1,,,,,,https://cata.meduse.co/enfants/sandales/sun/bleu-roy/sandales-enfant-sun-bleu-roy-cote.jpg,1,,,,,15,Sun,,sun-bleu-roy-30,Couleur,Pointure,Bleu roy,4,30,13,1,15,,,,,,Sandales enfant,Enfant,Sandale,sun enfant,sun,bleu,roy,30,,,sunenfant
19,Sun,"Couleur:color:0, Pointure:select:1","Color:color:0, Size:select:1","Bleu roy:0, 31:1","Bleu roy:0, 31:1",,sun-bleu-roy-31,SUN-EN-BLRO31,Couleur:color:0,Pointure:select:1,Bleu roy:0,3,31:1,1,,,,,,https://cata.meduse.co/enfants/sandales/sun/bleu-roy/sandales-enfant-sun-bleu-roy-cote.jpg,1,,,,,15,Sun,,sun-bleu-roy-31,Couleur,Pointure,Bleu roy,4,31,14,1,15,,,,,,Sandales enfant,Enfant,Sandale,sun enfant,sun,bleu,roy,31,,,sunenfant
19,Sun,"Couleur:color:0, Pointure:select:1","Color:color:0, Size:select:1","Bleu roy:0, 32:1","Bleu roy:0, 32:1",,sun-bleu-roy-32,SUN-EN-BLRO32,Couleur:color:0,Pointure:select:1,Bleu roy:0,3,32:1,1,,,,,,https://cata.meduse.co/enfants/sandales/sun/bleu-roy/sandales-enfant-sun-bleu-roy-cote.jpg,1,,,,,15,Sun,,sun-bleu-roy-32,Couleur,Pointure,Bleu roy,4,32,15,1,15,,,,,,Sandales enfant,Enfant,Sandale,sun enfant,sun,bleu,roy,32,,,sunenfant
19,Sun,"Couleur:color:0, Pointure:select:1","Color:color:0, Size:select:1","Bleu roy:0, 33:1","Bleu roy:0, 33:1",,sun-bleu-roy-33,SUN-EN-BLRO33,Couleur:color:0,Pointure:select:1,Bleu roy:0,3,33:1,1,,,,,,https://cata.meduse.co/enfants/sandales/sun/bleu-roy/sandales-enfant-sun-bleu-roy-cote.jpg,1,,,,,15,Sun,,sun-bleu-roy-33,Couleur,Pointure,Bleu roy,4,33,16,1,15,,,,,,Sandales enfant,Enfant,Sandale,sun enfant,sun,bleu,roy,33,,,sunenfant
19,Sun,"Couleur:color:0, Pointure:select:1","Color:color:0, Size:select:1","Bleu roy:0, 34:1","Bleu roy:0, 34:1",,sun-bleu-roy-34,SUN-EN-BLRO34,Couleur:color:0,Pointure:select:1,Bleu roy:0,3,34:1,1,,,,,,https://cata.meduse.co/enfants/sandales/sun/bleu-roy/sandales-enfant-sun-bleu-roy-cote.jpg,1,,,,,15,Sun,,sun-bleu-roy-34,Couleur,Pointure,Bleu roy,4,34,17,1,15,,,,,,Sandales enfant,Enfant,Sandale,sun enfant,sun,bleu,roy,34,,,sunenfant
19,Sun,"Couleur:color:0, Pointure:select:1","Color:color:0, Size:select:1","Bronze:0, 18:1","Bronze:0, 18:1",,sun-bronze-18,SUN-EN-BR18,Couleur:color:0,Pointure:select:1,Bronze:0,0,18:1,1,,,,,,https://cata.meduse.co/enfants/sandales/sun/bronze/sandales-enfant-sun-bronze-cote.jpg,1,,,,,15,Sun,,sun-bronze-18,Couleur,Pointure,Bronze,5,18,1,1,12,,,,,,Sandales enfant,Enfant,Sandale,sun enfant,sun,bronze,18,,,,sunenfant
19,Sun,"Couleur:color:0, Pointure:select:1","Color:color:0, Size:select:1","Bronze:0, 19:1","Bronze:0, 19:1",,sun-bronze-19,SUN-EN-BR19,Couleur:color:0,Pointure:select:1,Bronze:0,0,19:1,1,,,,,,https://cata.meduse.co/enfants/sandales/sun/bronze/sandales-enfant-sun-bronze-cote.jpg,1,,,,,15,Sun,,sun-bronze-19,Couleur,Pointure,Bronze,5,19,2,1,12,,,,,,Sandales enfant,Enfant,Sandale,sun enfant,sun,bronze,19,,,,sunenfant
19,Sun,"Couleur:color:0, Pointure:select:1","Color:color:0, Size:select:1","Bronze:0, 20:1","Bronze:0, 20:1",,sun-bronze-20,SUN-EN-BR20,Couleur:color:0,Pointure:select:1,Bronze:0,0,20:1,1,,,,,,https://cata.meduse.co/enfants/sandales/sun/bronze/sandales-enfant-sun-bronze-cote.jpg,1,,,,,15,Sun,,sun-bronze-20,Couleur,Pointure,Bronze,5,20,3,1,12,,,,,,Sandales enfant,Enfant,Sandale,sun enfant,sun,bronze,20,,,,sunenfant
19,Sun,"Couleur:color:0, Pointure:select:1","Color:color:0, Size:select:1","Bronze:0, 21:1","Bronze:0, 21:1",,sun-bronze-21,SUN-EN-BR21,Couleur:color:0,Pointure:select:1,Bronze:0,0,21:1,1,,,,,,https://cata.meduse.co/enfants/sandales/sun/bronze/sandales-enfant-sun-bronze-cote.jpg,1,,,,,15,Sun,,sun-bronze-21,Couleur,Pointure,Bronze,5,21,4,1,12,,,,,,Sandales enfant,Enfant,Sandale,sun enfant,sun,bronze,21,,,,sunenfant
19,Sun,"Couleur:color:0, Pointure:select:1","Color:color:0, Size:select:1","Bronze:0, 22:1","Bronze:0, 22:1",,sun-bronze-22,SUN-EN-BR22,Couleur:color:0,Pointure:select:1,Bronze:0,0,22:1,1,,,,,,https://cata.meduse.co/enfants/sandales/sun/bronze/sandales-enfant-sun-bronze-cote.jpg,1,,,,,15,Sun,,sun-bronze-22,Couleur,Pointure,Bronze,5,22,5,1,12,,,,,,Sandales enfant,Enfant,Sandale,sun enfant,sun,bronze,22,,,,sunenfant
19,Sun,"Couleur:color:0, Pointure:select:1","Color:color:0, Size:select:1","Bronze:0, 23:1","Bronze:0, 23:1",,sun-bronze-23,SUN-EN-BR23,Couleur:color:0,Pointure:select:1,Bronze:0,0,23:1,1,,,,,,https://cata.meduse.co/enfants/sandales/sun/bronze/sandales-enfant-sun-bronze-cote.jpg,1,,,,,15,Sun,,sun-bronze-23,Couleur,Pointure,Bronze,5,23,6,1,12,,,,,,Sandales enfant,Enfant,Sandale,sun enfant,sun,bronze,23,,,,sunenfant
19,Sun,"Couleur:color:0, Pointure:select:1","Color:color:0, Size:select:1","Bronze:0, 24:1","Bronze:0, 24:1",,sun-bronze-24,SUN-EN-BR24,Couleur:color:0,Pointure:select:1,Bronze:0,0,24:1,1,,,,,,https://cata.meduse.co/enfants/sandales/sun/bronze/sandales-enfant-sun-bronze-cote.jpg,1,,,,,15,Sun,,sun-bronze-24,Couleur,Pointure,Bronze,5,24,7,1,12,,,,,,Sandales enfant,Enfant,Sandale,sun enfant,sun,bronze,24,,,,sunenfant
19,Sun,"Couleur:color:0, Pointure:select:1","Color:color:0, Size:select:1","Bronze:0, 25:1","Bronze:0, 25:1",,sun-bronze-25,SUN-EN-BR25,Couleur:color:0,Pointure:select:1,Bronze:0,0,25:1,1,,,,,,https://cata.meduse.co/enfants/sandales/sun/bronze/sandales-enfant-sun-bronze-cote.jpg,1,,,,,15,Sun,,sun-bronze-25,Couleur,Pointure,Bronze,5,25,8,1,12,,,,,,Sandales enfant,Enfant,Sandale,sun enfant,sun,bronze,25,,,,sunenfant
19,Sun,"Couleur:color:0, Pointure:select:1","Color:color:0, Size:select:1","Bronze:0, 26:1","Bronze:0, 26:1",,sun-bronze-26,SUN-EN-BR26,Couleur:color:0,Pointure:select:1,Bronze:0,0,26:1,1,,,,,,https://cata.meduse.co/enfants/sandales/sun/bronze/sandales-enfant-sun-bronze-cote.jpg,1,,,,,15,Sun,,sun-bronze-26,Couleur,Pointure,Bronze,5,26,9,1,12,,,,,,Sandales enfant,Enfant,Sandale,sun enfant,sun,bronze,26,,,,sunenfant
19,Sun,"Couleur:color:0, Pointure:select:1","Color:color:0, Size:select:1","Bronze:0, 27:1","Bronze:0, 27:1",,sun-bronze-27,SUN-EN-BR27,Couleur:color:0,Pointure:select:1,Bronze:0,0,27:1,1,,,,,,https://cata.meduse.co/enfants/sandales/sun/bronze/sandales-enfant-sun-bronze-cote.jpg,1,,,,,15,Sun,,sun-bronze-27,Couleur,Pointure,Bronze,5,27,10,1,12,,,,,,Sandales enfant,Enfant,Sandale,sun enfant,sun,bronze,27,,,,sunenfant
19,Sun,"Couleur:color:0, Pointure:select:1","Color:color:0, Size:select:1","Bronze:0, 28:1","Bronze:0, 28:1",,sun-bronze-28,SUN-EN-BR28,Couleur:color:0,Pointure:select:1,Bronze:0,3,28:1,1,,,,,,https://cata.meduse.co/enfants/sandales/sun/bronze/sandales-enfant-sun-bronze-cote.jpg,1,,,,,15,Sun,,sun-bronze-28,Couleur,Pointure,Bronze,5,28,11,1,15,,,,,,Sandales enfant,Enfant,Sandale,sun enfant,sun,bronze,28,,,,sunenfant
19,Sun,"Couleur:color:0, Pointure:select:1","Color:color:0, Size:select:1","Bronze:0, 29:1","Bronze:0, 29:1",,sun-bronze-29,SUN-EN-BR29,Couleur:color:0,Pointure:select:1,Bronze:0,3,29:1,1,,,,,,https://cata.meduse.co/enfants/sandales/sun/bronze/sandales-enfant-sun-bronze-cote.jpg,1,,,,,15,Sun,,sun-bronze-29,Couleur,Pointure,Bronze,5,29,12,1,15,,,,,,Sandales enfant,Enfant,Sandale,sun enfant,sun,bronze,29,,,,sunenfant
19,Sun,"Couleur:color:0, Pointure:select:1","Color:color:0, Size:select:1","Bronze:0, 30:1","Bronze:0, 30:1",,sun-bronze-30,SUN-EN-BR30,Couleur:color:0,Pointure:select:1,Bronze:0,3,30:1,1,,,,,,https://cata.meduse.co/enfants/sandales/sun/bronze/sandales-enfant-sun-bronze-cote.jpg,1,,,,,15,Sun,,sun-bronze-30,Couleur,Pointure,Bronze,5,30,13,1,15,,,,,,Sandales enfant,Enfant,Sandale,sun enfant,sun,bronze,30,,,,sunenfant
19,Sun,"Couleur:color:0, Pointure:select:1","Color:color:0, Size:select:1","Bronze:0, 31:1","Bronze:0, 31:1",,sun-bronze-31,SUN-EN-BR31,Couleur:color:0,Pointure:select:1,Bronze:0,3,31:1,1,,,,,,https://cata.meduse.co/enfants/sandales/sun/bronze/sandales-enfant-sun-bronze-cote.jpg,1,,,,,15,Sun,,sun-bronze-31,Couleur,Pointure,Bronze,5,31,14,1,15,,,,,,Sandales enfant,Enfant,Sandale,sun enfant,sun,bronze,31,,,,sunenfant
19,Sun,"Couleur:color:0, Pointure:select:1","Color:color:0, Size:select:1","Bronze:0, 32:1","Bronze:0, 32:1",,sun-bronze-32,SUN-EN-BR32,Couleur:color:0,Pointure:select:1,Bronze:0,3,32:1,1,,,,,,https://cata.meduse.co/enfants/sandales/sun/bronze/sandales-enfant-sun-bronze-cote.jpg,1,,,,,15,Sun,,sun-bronze-32,Couleur,Pointure,Bronze,5,32,15,1,15,,,,,,Sandales enfant,Enfant,Sandale,sun enfant,sun,bronze,32,,,,sunenfant
19,Sun,"Couleur:color:0, Pointure:select:1","Color:color:0, Size:select:1","Bronze:0, 33:1","Bronze:0, 33:1",,sun-bronze-33,SUN-EN-BR33,Couleur:color:0,Pointure:select:1,Bronze:0,3,33:1,1,,,,,,https://cata.meduse.co/enfants/sandales/sun/bronze/sandales-enfant-sun-bronze-cote.jpg,1,,,,,15,Sun,,sun-bronze-33,Couleur,Pointure,Bronze,5,33,16,1,15,,,,,,Sandales enfant,Enfant,Sandale,sun enfant,sun,bronze,33,,,,sunenfant
19,Sun,"Couleur:color:0, Pointure:select:1","Color:color:0, Size:select:1","Bronze:0, 34:1","Bronze:0, 34:1",,sun-bronze-34,SUN-EN-BR34,Couleur:color:0,Pointure:select:1,Bronze:0,3,34:1,1,,,,,,https://cata.meduse.co/enfants/sandales/sun/bronze/sandales-enfant-sun-bronze-cote.jpg,1,,,,,15,Sun,,sun-bronze-34,Couleur,Pointure,Bronze,5,34,17,1,15,,,,,,Sandales enfant,Enfant,Sandale,sun enfant,sun,bronze,34,,,,sunenfant
19,Sun,"Couleur:color:0, Pointure:select:1","Color:color:0, Size:select:1","Canari:0, 18:1","Canari:0, 18:1",,sun-canari-18,SUN-EN-CA18,Couleur:color:0,Pointure:select:1,Canari:0,0,18:1,1,,,,,,https://cata.meduse.co/enfants/sandales/sun/canari/sandales-enfant-sun-canari-cote.jpg,1,,,,,15,Sun,,sun-canari-18,Couleur,Pointure,Canari,6,18,1,1,12,,,,,,Sandales enfant,Enfant,Sandale,sun enfant,sun,canari,18,,,,sunenfant
19,Sun,"Couleur:color:0, Pointure:select:1","Color:color:0, Size:select:1","Canari:0, 19:1","Canari:0, 19:1",,sun-canari-19,SUN-EN-CA19,Couleur:color:0,Pointure:select:1,Canari:0,0,19:1,1,,,,,,https://cata.meduse.co/enfants/sandales/sun/canari/sandales-enfant-sun-canari-cote.jpg,1,,,,,15,Sun,,sun-canari-19,Couleur,Pointure,Canari,6,19,2,1,12,,,,,,Sandales enfant,Enfant,Sandale,sun enfant,sun,canari,19,,,,sunenfant
19,Sun,"Couleur:color:0, Pointure:select:1","Color:color:0, Size:select:1","Canari:0, 20:1","Canari:0, 20:1",,sun-canari-20,SUN-EN-CA20,Couleur:color:0,Pointure:select:1,Canari:0,0,20:1,1,,,,,,https://cata.meduse.co/enfants/sandales/sun/canari/sandales-enfant-sun-canari-cote.jpg,1,,,,,15,Sun,,sun-canari-20,Couleur,Pointure,Canari,6,20,3,1,12,,,,,,Sandales enfant,Enfant,Sandale,sun enfant,sun,canari,20,,,,sunenfant
19,Sun,"Couleur:color:0, Pointure:select:1","Color:color:0, Size:select:1","Canari:0, 21:1","Canari:0, 21:1",,sun-canari-21,SUN-EN-CA21,Couleur:color:0,Pointure:select:1,Canari:0,0,21:1,1,,,,,,https://cata.meduse.co/enfants/sandales/sun/canari/sandales-enfant-sun-canari-cote.jpg,1,,,,,15,Sun,,sun-canari-21,Couleur,Pointure,Canari,6,21,4,1,12,,,,,,Sandales enfant,Enfant,Sandale,sun enfant,sun,canari,21,,,,sunenfant
19,Sun,"Couleur:color:0, Pointure:select:1","Color:color:0, Size:select:1","Canari:0, 22:1","Canari:0, 22:1",,sun-canari-22,SUN-EN-CA22,Couleur:color:0,Pointure:select:1,Canari:0,0,22:1,1,,,,,,https://cata.meduse.co/enfants/sandales/sun/canari/sandales-enfant-sun-canari-cote.jpg,1,,,,,15,Sun,,sun-canari-22,Couleur,Pointure,Canari,6,22,5,1,12,,,,,,Sandales enfant,Enfant,Sandale,sun enfant,sun,canari,22,,,,sunenfant
19,Sun,"Couleur:color:0, Pointure:select:1","Color:color:0, Size:select:1","Canari:0, 23:1","Canari:0, 23:1",,sun-canari-23,SUN-EN-CA23,Couleur:color:0,Pointure:select:1,Canari:0,0,23:1,1,,,,,,https://cata.meduse.co/enfants/sandales/sun/canari/sandales-enfant-sun-canari-cote.jpg,1,,,,,15,Sun,,sun-canari-23,Couleur,Pointure,Canari,6,23,6,1,12,,,,,,Sandales enfant,Enfant,Sandale,sun enfant,sun,canari,23,,,,sunenfant
19,Sun,"Couleur:color:0, Pointure:select:1","Color:color:0, Size:select:1","Canari:0, 24:1","Canari:0, 24:1",,sun-canari-24,SUN-EN-CA24,Couleur:color:0,Pointure:select:1,Canari:0,0,24:1,1,,,,,,https://cata.meduse.co/enfants/sandales/sun/canari/sandales-enfant-sun-canari-cote.jpg,1,,,,,15,Sun,,sun-canari-24,Couleur,Pointure,Canari,6,24,7,1,12,,,,,,Sandales enfant,Enfant,Sandale,sun enfant,sun,canari,24,,,,sunenfant
19,Sun,"Couleur:color:0, Pointure:select:1","Color:color:0, Size:select:1","Canari:0, 25:1","Canari:0, 25:1",,sun-canari-25,SUN-EN-CA25,Couleur:color:0,Pointure:select:1,Canari:0,0,25:1,1,,,,,,https://cata.meduse.co/enfants/sandales/sun/canari/sandales-enfant-sun-canari-cote.jpg,1,,,,,15,Sun,,sun-canari-25,Couleur,Pointure,Canari,6,25,8,1,12,,,,,,Sandales enfant,Enfant,Sandale,sun enfant,sun,canari,25,,,,sunenfant
19,Sun,"Couleur:color:0, Pointure:select:1","Color:color:0, Size:select:1","Canari:0, 26:1","Canari:0, 26:1",,sun-canari-26,SUN-EN-CA26,Couleur:color:0,Pointure:select:1,Canari:0,0,26:1,1,,,,,,https://cata.meduse.co/enfants/sandales/sun/canari/sandales-enfant-sun-canari-cote.jpg,1,,,,,15,Sun,,sun-canari-26,Couleur,Pointure,Canari,6,26,9,1,12,,,,,,Sandales enfant,Enfant,Sandale,sun enfant,sun,canari,26,,,,sunenfant
19,Sun,"Couleur:color:0, Pointure:select:1","Color:color:0, Size:select:1","Canari:0, 27:1","Canari:0, 27:1",,sun-canari-27,SUN-EN-CA27,Couleur:color:0,Pointure:select:1,Canari:0,0,27:1,1,,,,,,https://cata.meduse.co/enfants/sandales/sun/canari/sandales-enfant-sun-canari-cote.jpg,1,,,,,15,Sun,,sun-canari-27,Couleur,Pointure,Canari,6,27,10,1,12,,,,,,Sandales enfant,Enfant,Sandale,sun enfant,sun,canari,27,,,,sunenfant
19,Sun,"Couleur:color:0, Pointure:select:1","Color:color:0, Size:select:1","Canari:0, 28:1","Canari:0, 28:1",,sun-canari-28,SUN-EN-CA28,Couleur:color:0,Pointure:select:1,Canari:0,3,28:1,1,,,,,,https://cata.meduse.co/enfants/sandales/sun/canari/sandales-enfant-sun-canari-cote.jpg,1,,,,,15,Sun,,sun-canari-28,Couleur,Pointure,Canari,6,28,11,1,15,,,,,,Sandales enfant,Enfant,Sandale,sun enfant,sun,canari,28,,,,sunenfant
19,Sun,"Couleur:color:0, Pointure:select:1","Color:color:0, Size:select:1","Canari:0, 29:1","Canari:0, 29:1",,sun-canari-29,SUN-EN-CA29,Couleur:color:0,Pointure:select:1,Canari:0,3,29:1,1,,,,,,https://cata.meduse.co/enfants/sandales/sun/canari/sandales-enfant-sun-canari-cote.jpg,1,,,,,15,Sun,,sun-canari-29,Couleur,Pointure,Canari,6,29,12,1,15,,,,,,Sandales enfant,Enfant,Sandale,sun enfant,sun,canari,29,,,,sunenfant
19,Sun,"Couleur:color:0, Pointure:select:1","Color:color:0, Size:select:1","Canari:0, 30:1","Canari:0, 30:1",,sun-canari-30,SUN-EN-CA30,Couleur:color:0,Pointure:select:1,Canari:0,3,30:1,1,,,,,,https://cata.meduse.co/enfants/sandales/sun/canari/sandales-enfant-sun-canari-cote.jpg,1,,,,,15,Sun,,sun-canari-30,Couleur,Pointure,Canari,6,30,13,1,15,,,,,,Sandales enfant,Enfant,Sandale,sun enfant,sun,canari,30,,,,sunenfant
19,Sun,"Couleur:color:0, Pointure:select:1","Color:color:0, Size:select:1","Canari:0, 31:1","Canari:0, 31:1",,sun-canari-31,SUN-EN-CA31,Couleur:color:0,Pointure:select:1,Canari:0,3,31:1,1,,,,,,https://cata.meduse.co/enfants/sandales/sun/canari/sandales-enfant-sun-canari-cote.jpg,1,,,,,15,Sun,,sun-canari-31,Couleur,Pointure,Canari,6,31,14,1,15,,,,,,Sandales enfant,Enfant,Sandale,sun enfant,sun,canari,31,,,,sunenfant
19,Sun,"Couleur:color:0, Pointure:select:1","Color:color:0, Size:select:1","Canari:0, 32:1","Canari:0, 32:1",,sun-canari-32,SUN-EN-CA32,Couleur:color:0,Pointure:select:1,Canari:0,3,32:1,1,,,,,,https://cata.meduse.co/enfants/sandales/sun/canari/sandales-enfant-sun-canari-cote.jpg,1,,,,,15,Sun,,sun-canari-32,Couleur,Pointure,Canari,6,32,15,1,15,,,,,,Sandales enfant,Enfant,Sandale,sun enfant,sun,canari,32,,,,sunenfant
19,Sun,"Couleur:color:0, Pointure:select:1","Color:color:0, Size:select:1","Canari:0, 33:1","Canari:0, 33:1",,sun-canari-33,SUN-EN-CA33,Couleur:color:0,Pointure:select:1,Canari:0,3,33:1,1,,,,,,https://cata.meduse.co/enfants/sandales/sun/canari/sandales-enfant-sun-canari-cote.jpg,1,,,,,15,Sun,,sun-canari-33,Couleur,Pointure,Canari,6,33,16,1,15,,,,,,Sandales enfant,Enfant,Sandale,sun enfant,sun,canari,33,,,,sunenfant
19,Sun,"Couleur:color:0, Pointure:select:1","Color:color:0, Size:select:1","Canari:0, 34:1","Canari:0, 34:1",,sun-canari-34,SUN-EN-CA34,Couleur:color:0,Pointure:select:1,Canari:0,3,34:1,1,,,,,,https://cata.meduse.co/enfants/sandales/sun/canari/sandales-enfant-sun-canari-cote.jpg,1,,,,,15,Sun,,sun-canari-34,Couleur,Pointure,Canari,6,34,17,1,15,,,,,,Sandales enfant,Enfant,Sandale,sun enfant,sun,canari,34,,,,sunenfant
19,Sun,"Couleur:color:0, Pointure:select:1","Color:color:0, Size:select:1","Carmin:0, 18:1","Carmin:0, 18:1",,sun-carmin-18,SUN-EN-CA18,Couleur:color:0,Pointure:select:1,Carmin:0,0,18:1,1,,,,,,https://cata.meduse.co/enfants/sandales/sun/carmin/sandales-enfant-sun-carmin-cote.jpg,1,,,,,15,Sun,,sun-carmin-18,Couleur,Pointure,Carmin,7,18,1,1,12,,,,,,Sandales enfant,Enfant,Sandale,sun enfant,sun,carmin,18,,,,sunenfant
19,Sun,"Couleur:color:0, Pointure:select:1","Color:color:0, Size:select:1","Carmin:0, 19:1","Carmin:0, 19:1",,sun-carmin-19,SUN-EN-CA19,Couleur:color:0,Pointure:select:1,Carmin:0,0,19:1,1,,,,,,https://cata.meduse.co/enfants/sandales/sun/carmin/sandales-enfant-sun-carmin-cote.jpg,1,,,,,15,Sun,,sun-carmin-19,Couleur,Pointure,Carmin,7,19,2,1,12,,,,,,Sandales enfant,Enfant,Sandale,sun enfant,sun,carmin,19,,,,sunenfant
19,Sun,"Couleur:color:0, Pointure:select:1","Color:color:0, Size:select:1","Carmin:0, 20:1","Carmin:0, 20:1",,sun-carmin-20,SUN-EN-CA20,Couleur:color:0,Pointure:select:1,Carmin:0,0,20:1,1,,,,,,https://cata.meduse.co/enfants/sandales/sun/carmin/sandales-enfant-sun-carmin-cote.jpg,1,,,,,15,Sun,,sun-carmin-20,Couleur,Pointure,Carmin,7,20,3,1,12,,,,,,Sandales enfant,Enfant,Sandale,sun enfant,sun,carmin,20,,,,sunenfant
19,Sun,"Couleur:color:0, Pointure:select:1","Color:color:0, Size:select:1","Carmin:0, 21:1","Carmin:0, 21:1",,sun-carmin-21,SUN-EN-CA21,Couleur:color:0,Pointure:select:1,Carmin:0,0,21:1,1,,,,,,https://cata.meduse.co/enfants/sandales/sun/carmin/sandales-enfant-sun-carmin-cote.jpg,1,,,,,15,Sun,,sun-carmin-21,Couleur,Pointure,Carmin,7,21,4,1,12,,,,,,Sandales enfant,Enfant,Sandale,sun enfant,sun,carmin,21,,,,sunenfant
19,Sun,"Couleur:color:0, Pointure:select:1","Color:color:0, Size:select:1","Carmin:0, 22:1","Carmin:0, 22:1",,sun-carmin-22,SUN-EN-CA22,Couleur:color:0,Pointure:select:1,Carmin:0,0,22:1,1,,,,,,https://cata.meduse.co/enfants/sandales/sun/carmin/sandales-enfant-sun-carmin-cote.jpg,1,,,,,15,Sun,,sun-carmin-22,Couleur,Pointure,Carmin,7,22,5,1,12,,,,,,Sandales enfant,Enfant,Sandale,sun enfant,sun,carmin,22,,,,sunenfant
19,Sun,"Couleur:color:0, Pointure:select:1","Color:color:0, Size:select:1","Carmin:0, 23:1","Carmin:0, 23:1",,sun-carmin-23,SUN-EN-CA23,Couleur:color:0,Pointure:select:1,Carmin:0,0,23:1,1,,,,,,https://cata.meduse.co/enfants/sandales/sun/carmin/sandales-enfant-sun-carmin-cote.jpg,1,,,,,15,Sun,,sun-carmin-23,Couleur,Pointure,Carmin,7,23,6,1,12,,,,,,Sandales enfant,Enfant,Sandale,sun enfant,sun,carmin,23,,,,sunenfant
19,Sun,"Couleur:color:0, Pointure:select:1","Color:color:0, Size:select:1","Carmin:0, 24:1","Carmin:0, 24:1",,sun-carmin-24,SUN-EN-CA24,Couleur:color:0,Pointure:select:1,Carmin:0,0,24:1,1,,,,,,https://cata.meduse.co/enfants/sandales/sun/carmin/sandales-enfant-sun-carmin-cote.jpg,1,,,,,15,Sun,,sun-carmin-24,Couleur,Pointure,Carmin,7,24,7,1,12,,,,,,Sandales enfant,Enfant,Sandale,sun enfant,sun,carmin,24,,,,sunenfant
19,Sun,"Couleur:color:0, Pointure:select:1","Color:color:0, Size:select:1","Carmin:0, 25:1","Carmin:0, 25:1",,sun-carmin-25,SUN-EN-CA25,Couleur:color:0,Pointure:select:1,Carmin:0,0,25:1,1,,,,,,https://cata.meduse.co/enfants/sandales/sun/carmin/sandales-enfant-sun-carmin-cote.jpg,1,,,,,15,Sun,,sun-carmin-25,Couleur,Pointure,Carmin,7,25,8,1,12,,,,,,Sandales enfant,Enfant,Sandale,sun enfant,sun,carmin,25,,,,sunenfant
19,Sun,"Couleur:color:0, Pointure:select:1","Color:color:0, Size:select:1","Carmin:0, 26:1","Carmin:0, 26:1",,sun-carmin-26,SUN-EN-CA26,Couleur:color:0,Pointure:select:1,Carmin:0,0,26:1,1,,,,,,https://cata.meduse.co/enfants/sandales/sun/carmin/sandales-enfant-sun-carmin-cote.jpg,1,,,,,15,Sun,,sun-carmin-26,Couleur,Pointure,Carmin,7,26,9,1,12,,,,,,Sandales enfant,Enfant,Sandale,sun enfant,sun,carmin,26,,,,sunenfant
19,Sun,"Couleur:color:0, Pointure:select:1","Color:color:0, Size:select:1","Carmin:0, 27:1","Carmin:0, 27:1",,sun-carmin-27,SUN-EN-CA27,Couleur:color:0,Pointure:select:1,Carmin:0,0,27:1,1,,,,,,https://cata.meduse.co/enfants/sandales/sun/carmin/sandales-enfant-sun-carmin-cote.jpg,1,,,,,15,Sun,,sun-carmin-27,Couleur,Pointure,Carmin,7,27,10,1,12,,,,,,Sandales enfant,Enfant,Sandale,sun enfant,sun,carmin,27,,,,sunenfant
19,Sun,"Couleur:color:0, Pointure:select:1","Color:color:0, Size:select:1","Carmin:0, 28:1","Carmin:0, 28:1",,sun-carmin-28,SUN-EN-CA28,Couleur:color:0,Pointure:select:1,Carmin:0,3,28:1,1,,,,,,https://cata.meduse.co/enfants/sandales/sun/carmin/sandales-enfant-sun-carmin-cote.jpg,1,,,,,15,Sun,,sun-carmin-28,Couleur,Pointure,Carmin,7,28,11,1,15,,,,,,Sandales enfant,Enfant,Sandale,sun enfant,sun,carmin,28,,,,sunenfant
19,Sun,"Couleur:color:0, Pointure:select:1","Color:color:0, Size:select:1","Carmin:0, 29:1","Carmin:0, 29:1",,sun-carmin-29,SUN-EN-CA29,Couleur:color:0,Pointure:select:1,Carmin:0,3,29:1,1,,,,,,https://cata.meduse.co/enfants/sandales/sun/carmin/sandales-enfant-sun-carmin-cote.jpg,1,,,,,15,Sun,,sun-carmin-29,Couleur,Pointure,Carmin,7,29,12,1,15,,,,,,Sandales enfant,Enfant,Sandale,sun enfant,sun,carmin,29,,,,sunenfant
19,Sun,"Couleur:color:0, Pointure:select:1","Color:color:0, Size:select:1","Carmin:0, 30:1","Carmin:0, 30:1",,sun-carmin-30,SUN-EN-CA30,Couleur:color:0,Pointure:select:1,Carmin:0,3,30:1,1,,,,,,https://cata.meduse.co/enfants/sandales/sun/carmin/sandales-enfant-sun-carmin-cote.jpg,1,,,,,15,Sun,,sun-carmin-30,Couleur,Pointure,Carmin,7,30,13,1,15,,,,,,Sandales enfant,Enfant,Sandale,sun enfant,sun,carmin,30,,,,sunenfant
19,Sun,"Couleur:color:0, Pointure:select:1","Color:color:0, Size:select:1","Carmin:0, 31:1","Carmin:0, 31:1",,sun-carmin-31,SUN-EN-CA31,Couleur:color:0,Pointure:select:1,Carmin:0,3,31:1,1,,,,,,https://cata.meduse.co/enfants/sandales/sun/carmin/sandales-enfant-sun-carmin-cote.jpg,1,,,,,15,Sun,,sun-carmin-31,Couleur,Pointure,Carmin,7,31,14,1,15,,,,,,Sandales enfant,Enfant,Sandale,sun enfant,sun,carmin,31,,,,sunenfant
19,Sun,"Couleur:color:0, Pointure:select:1","Color:color:0, Size:select:1","Carmin:0, 32:1","Carmin:0, 32:1",,sun-carmin-32,SUN-EN-CA32,Couleur:color:0,Pointure:select:1,Carmin:0,3,32:1,1,,,,,,https://cata.meduse.co/enfants/sandales/sun/carmin/sandales-enfant-sun-carmin-cote.jpg,1,,,,,15,Sun,,sun-carmin-32,Couleur,Pointure,Carmin,7,32,15,1,15,,,,,,Sandales enfant,Enfant,Sandale,sun enfant,sun,carmin,32,,,,sunenfant
19,Sun,"Couleur:color:0, Pointure:select:1","Color:color:0, Size:select:1","Carmin:0, 33:1","Carmin:0, 33:1",,sun-carmin-33,SUN-EN-CA33,Couleur:color:0,Pointure:select:1,Carmin:0,3,33:1,1,,,,,,https://cata.meduse.co/enfants/sandales/sun/carmin/sandales-enfant-sun-carmin-cote.jpg,1,,,,,15,Sun,,sun-carmin-33,Couleur,Pointure,Carmin,7,33,16,1,15,,,,,,Sandales enfant,Enfant,Sandale,sun enfant,sun,carmin,33,,,,sunenfant
19,Sun,"Couleur:color:0, Pointure:select:1","Color:color:0, Size:select:1","Carmin:0, 34:1","Carmin:0, 34:1",,sun-carmin-34,SUN-EN-CA34,Couleur:color:0,Pointure:select:1,Carmin:0,3,34:1,1,,,,,,https://cata.meduse.co/enfants/sandales/sun/carmin/sandales-enfant-sun-carmin-cote.jpg,1,,,,,15,Sun,,sun-carmin-34,Couleur,Pointure,Carmin,7,34,17,1,15,,,,,,Sandales enfant,Enfant,Sandale,sun enfant,sun,carmin,34,,,,sunenfant
19,Sun,"Couleur:color:0, Pointure:select:1","Color:color:0, Size:select:1","Cobalt:0, 18:1","Cobalt:0, 18:1",,sun-cobalt-18,SUN-EN-CO18,Couleur:color:0,Pointure:select:1,Cobalt:0,0,18:1,1,,,,,,https://cata.meduse.co/enfants/sandales/sun/cobalt/sandales-enfant-sun-cobalt-cote.jpg,1,,,,,15,Sun,,sun-cobalt-18,Couleur,Pointure,Cobalt,8,18,1,1,12,,,,,,Sandales enfant,Enfant,Sandale,sun enfant,sun,cobalt,18,,,,sunenfant
19,Sun,"Couleur:color:0, Pointure:select:1","Color:color:0, Size:select:1","Cobalt:0, 19:1","Cobalt:0, 19:1",,sun-cobalt-19,SUN-EN-CO19,Couleur:color:0,Pointure:select:1,Cobalt:0,0,19:1,1,,,,,,https://cata.meduse.co/enfants/sandales/sun/cobalt/sandales-enfant-sun-cobalt-cote.jpg,1,,,,,15,Sun,,sun-cobalt-19,Couleur,Pointure,Cobalt,8,19,2,1,12,,,,,,Sandales enfant,Enfant,Sandale,sun enfant,sun,cobalt,19,,,,sunenfant
19,Sun,"Couleur:color:0, Pointure:select:1","Color:color:0, Size:select:1","Cobalt:0, 20:1","Cobalt:0, 20:1",,sun-cobalt-20,SUN-EN-CO20,Couleur:color:0,Pointure:select:1,Cobalt:0,0,20:1,1,,,,,,https://cata.meduse.co/enfants/sandales/sun/cobalt/sandales-enfant-sun-cobalt-cote.jpg,1,,,,,15,Sun,,sun-cobalt-20,Couleur,Pointure,Cobalt,8,20,3,1,12,,,,,,Sandales enfant,Enfant,Sandale,sun enfant,sun,cobalt,20,,,,sunenfant
19,Sun,"Couleur:color:0, Pointure:select:1","Color:color:0, Size:select:1","Cobalt:0, 21:1","Cobalt:0, 21:1",,sun-cobalt-21,SUN-EN-CO21,Couleur:color:0,Pointure:select:1,Cobalt:0,0,21:1,1,,,,,,https://cata.meduse.co/enfants/sandales/sun/cobalt/sandales-enfant-sun-cobalt-cote.jpg,1,,,,,15,Sun,,sun-cobalt-21,Couleur,Pointure,Cobalt,8,21,4,1,12,,,,,,Sandales enfant,Enfant,Sandale,sun enfant,sun,cobalt,21,,,,sunenfant
19,Sun,"Couleur:color:0, Pointure:select:1","Color:color:0, Size:select:1","Cobalt:0, 22:1","Cobalt:0, 22:1",,sun-cobalt-22,SUN-EN-CO22,Couleur:color:0,Pointure:select:1,Cobalt:0,0,22:1,1,,,,,,https://cata.meduse.co/enfants/sandales/sun/cobalt/sandales-enfant-sun-cobalt-cote.jpg,1,,,,,15,Sun,,sun-cobalt-22,Couleur,Pointure,Cobalt,8,22,5,1,12,,,,,,Sandales enfant,Enfant,Sandale,sun enfant,sun,cobalt,22,,,,sunenfant
19,Sun,"Couleur:color:0, Pointure:select:1","Color:color:0, Size:select:1","Cobalt:0, 23:1","Cobalt:0, 23:1",,sun-cobalt-23,SUN-EN-CO23,Couleur:color:0,Pointure:select:1,Cobalt:0,0,23:1,1,,,,,,https://cata.meduse.co/enfants/sandales/sun/cobalt/sandales-enfant-sun-cobalt-cote.jpg,1,,,,,15,Sun,,sun-cobalt-23,Couleur,Pointure,Cobalt,8,23,6,1,12,,,,,,Sandales enfant,Enfant,Sandale,sun enfant,sun,cobalt,23,,,,sunenfant
19,Sun,"Couleur:color:0, Pointure:select:1","Color:color:0, Size:select:1","Cobalt:0, 24:1","Cobalt:0, 24:1",,sun-cobalt-24,SUN-EN-CO24,Couleur:color:0,Pointure:select:1,Cobalt:0,0,24:1,1,,,,,,https://cata.meduse.co/enfants/sandales/sun/cobalt/sandales-enfant-sun-cobalt-cote.jpg,1,,,,,15,Sun,,sun-cobalt-24,Couleur,Pointure,Cobalt,8,24,7,1,12,,,,,,Sandales enfant,Enfant,Sandale,sun enfant,sun,cobalt,24,,,,sunenfant
19,Sun,"Couleur:color:0, Pointure:select:1","Color:color:0, Size:select:1","Cobalt:0, 25:1","Cobalt:0, 25:1",,sun-cobalt-25,SUN-EN-CO25,Couleur:color:0,Pointure:select:1,Cobalt:0,0,25:1,1,,,,,,https://cata.meduse.co/enfants/sandales/sun/cobalt/sandales-enfant-sun-cobalt-cote.jpg,1,,,,,15,Sun,,sun-cobalt-25,Couleur,Pointure,Cobalt,8,25,8,1,12,,,,,,Sandales enfant,Enfant,Sandale,sun enfant,sun,cobalt,25,,,,sunenfant
19,Sun,"Couleur:color:0, Pointure:select:1","Color:color:0, Size:select:1","Cobalt:0, 26:1","Cobalt:0, 26:1",,sun-cobalt-26,SUN-EN-CO26,Couleur:color:0,Pointure:select:1,Cobalt:0,0,26:1,1,,,,,,https://cata.meduse.co/enfants/sandales/sun/cobalt/sandales-enfant-sun-cobalt-cote.jpg,1,,,,,15,Sun,,sun-cobalt-26,Couleur,Pointure,Cobalt,8,26,9,1,12,,,,,,Sandales enfant,Enfant,Sandale,sun enfant,sun,cobalt,26,,,,sunenfant
19,Sun,"Couleur:color:0, Pointure:select:1","Color:color:0, Size:select:1","Cobalt:0, 27:1","Cobalt:0, 27:1",,sun-cobalt-27,SUN-EN-CO27,Couleur:color:0,Pointure:select:1,Cobalt:0,0,27:1,1,,,,,,https://cata.meduse.co/enfants/sandales/sun/cobalt/sandales-enfant-sun-cobalt-cote.jpg,1,,,,,15,Sun,,sun-cobalt-27,Couleur,Pointure,Cobalt,8,27,10,1,12,,,,,,Sandales enfant,Enfant,Sandale,sun enfant,sun,cobalt,27,,,,sunenfant
19,Sun,"Couleur:color:0, Pointure:select:1","Color:color:0, Size:select:1","Cobalt:0, 28:1","Cobalt:0, 28:1",,sun-cobalt-28,SUN-EN-CO28,Couleur:color:0,Pointure:select:1,Cobalt:0,3,28:1,1,,,,,,https://cata.meduse.co/enfants/sandales/sun/cobalt/sandales-enfant-sun-cobalt-cote.jpg,1,,,,,15,Sun,,sun-cobalt-28,Couleur,Pointure,Cobalt,8,28,11,1,15,,,,,,Sandales enfant,Enfant,Sandale,sun enfant,sun,cobalt,28,,,,sunenfant
19,Sun,"Couleur:color:0, Pointure:select:1","Color:color:0, Size:select:1","Cobalt:0, 29:1","Cobalt:0, 29:1",,sun-cobalt-29,SUN-EN-CO29,Couleur:color:0,Pointure:select:1,Cobalt:0,3,29:1,1,,,,,,https://cata.meduse.co/enfants/sandales/sun/cobalt/sandales-enfant-sun-cobalt-cote.jpg,1,,,,,15,Sun,,sun-cobalt-29,Couleur,Pointure,Cobalt,8,29,12,1,15,,,,,,Sandales enfant,Enfant,Sandale,sun enfant,sun,cobalt,29,,,,sunenfant
19,Sun,"Couleur:color:0, Pointure:select:1","Color:color:0, Size:select:1","Cobalt:0, 30:1","Cobalt:0, 30:1",,sun-cobalt-30,SUN-EN-CO30,Couleur:color:0,Pointure:select:1,Cobalt:0,3,30:1,1,,,,,,https://cata.meduse.co/enfants/sandales/sun/cobalt/sandales-enfant-sun-cobalt-cote.jpg,1,,,,,15,Sun,,sun-cobalt-30,Couleur,Pointure,Cobalt,8,30,13,1,15,,,,,,Sandales enfant,Enfant,Sandale,sun enfant,sun,cobalt,30,,,,sunenfant
19,Sun,"Couleur:color:0, Pointure:select:1","Color:color:0, Size:select:1","Cobalt:0, 31:1","Cobalt:0, 31:1",,sun-cobalt-31,SUN-EN-CO31,Couleur:color:0,Pointure:select:1,Cobalt:0,3,31:1,1,,,,,,https://cata.meduse.co/enfants/sandales/sun/cobalt/sandales-enfant-sun-cobalt-cote.jpg,1,,,,,15,Sun,,sun-cobalt-31,Couleur,Pointure,Cobalt,8,31,14,1,15,,,,,,Sandales enfant,Enfant,Sandale,sun enfant,sun,cobalt,31,,,,sunenfant
19,Sun,"Couleur:color:0, Pointure:select:1","Color:color:0, Size:select:1","Cobalt:0, 32:1","Cobalt:0, 32:1",,sun-cobalt-32,SUN-EN-CO32,Couleur:color:0,Pointure:select:1,Cobalt:0,3,32:1,1,,,,,,https://cata.meduse.co/enfants/sandales/sun/cobalt/sandales-enfant-sun-cobalt-cote.jpg,1,,,,,15,Sun,,sun-cobalt-32,Couleur,Pointure,Cobalt,8,32,15,1,15,,,,,,Sandales enfant,Enfant,Sandale,sun enfant,sun,cobalt,32,,,,sunenfant
19,Sun,"Couleur:color:0, Pointure:select:1","Color:color:0, Size:select:1","Cobalt:0, 33:1","Cobalt:0, 33:1",,sun-cobalt-33,SUN-EN-CO33,Couleur:color:0,Pointure:select:1,Cobalt:0,3,33:1,1,,,,,,https://cata.meduse.co/enfants/sandales/sun/cobalt/sandales-enfant-sun-cobalt-cote.jpg,1,,,,,15,Sun,,sun-cobalt-33,Couleur,Pointure,Cobalt,8,33,16,1,15,,,,,,Sandales enfant,Enfant,Sandale,sun enfant,sun,cobalt,33,,,,sunenfant
19,Sun,"Couleur:color:0, Pointure:select:1","Color:color:0, Size:select:1","Cobalt:0, 34:1","Cobalt:0, 34:1",,sun-cobalt-34,SUN-EN-CO34,Couleur:color:0,Pointure:select:1,Cobalt:0,3,34:1,1,,,,,,https://cata.meduse.co/enfants/sandales/sun/cobalt/sandales-enfant-sun-cobalt-cote.jpg,1,,,,,15,Sun,,sun-cobalt-34,Couleur,Pointure,Cobalt,8,34,17,1,15,,,,,,Sandales enfant,Enfant,Sandale,sun enfant,sun,cobalt,34,,,,sunenfant
19,Sun,"Couleur:color:0, Pointure:select:1","Color:color:0, Size:select:1","Corail:0, 18:1","Corail:0, 18:1",,sun-corail-18,SUN-EN-CO18,Couleur:color:0,Pointure:select:1,Corail:0,0,18:1,1,,,,,,https://cata.meduse.co/enfants/sandales/sun/corail/sandales-enfant-sun-corail-cote.jpg,1,,,,,15,Sun,,sun-corail-18,Couleur,Pointure,Corail,9,18,1,1,12,,,,,,Sandales enfant,Enfant,Sandale,sun enfant,sun,corail,18,,,,sunenfant
19,Sun,"Couleur:color:0, Pointure:select:1","Color:color:0, Size:select:1","Corail:0, 19:1","Corail:0, 19:1",,sun-corail-19,SUN-EN-CO19,Couleur:color:0,Pointure:select:1,Corail:0,0,19:1,1,,,,,,https://cata.meduse.co/enfants/sandales/sun/corail/sandales-enfant-sun-corail-cote.jpg,1,,,,,15,Sun,,sun-corail-19,Couleur,Pointure,Corail,9,19,2,1,12,,,,,,Sandales enfant,Enfant,Sandale,sun enfant,sun,corail,19,,,,sunenfant
19,Sun,"Couleur:color:0, Pointure:select:1","Color:color:0, Size:select:1","Corail:0, 20:1","Corail:0, 20:1",,sun-corail-20,SUN-EN-CO20,Couleur:color:0,Pointure:select:1,Corail:0,0,20:1,1,,,,,,https://cata.meduse.co/enfants/sandales/sun/corail/sandales-enfant-sun-corail-cote.jpg,1,,,,,15,Sun,,sun-corail-20,Couleur,Pointure,Corail,9,20,3,1,12,,,,,,Sandales enfant,Enfant,Sandale,sun enfant,sun,corail,20,,,,sunenfant
19,Sun,"Couleur:color:0, Pointure:select:1","Color:color:0, Size:select:1","Corail:0, 21:1","Corail:0, 21:1",,sun-corail-21,SUN-EN-CO21,Couleur:color:0,Pointure:select:1,Corail:0,0,21:1,1,,,,,,https://cata.meduse.co/enfants/sandales/sun/corail/sandales-enfant-sun-corail-cote.jpg,1,,,,,15,Sun,,sun-corail-21,Couleur,Pointure,Corail,9,21,4,1,12,,,,,,Sandales enfant,Enfant,Sandale,sun enfant,sun,corail,21,,,,sunenfant
19,Sun,"Couleur:color:0, Pointure:select:1","Color:color:0, Size:select:1","Corail:0, 22:1","Corail:0, 22:1",,sun-corail-22,SUN-EN-CO22,Couleur:color:0,Pointure:select:1,Corail:0,0,22:1,1,,,,,,https://cata.meduse.co/enfants/sandales/sun/corail/sandales-enfant-sun-corail-cote.jpg,1,,,,,15,Sun,,sun-corail-22,Couleur,Pointure,Corail,9,22,5,1,12,,,,,,Sandales enfant,Enfant,Sandale,sun enfant,sun,corail,22,,,,sunenfant
19,Sun,"Couleur:color:0, Pointure:select:1","Color:color:0, Size:select:1","Corail:0, 23:1","Corail:0, 23:1",,sun-corail-23,SUN-EN-CO23,Couleur:color:0,Pointure:select:1,Corail:0,0,23:1,1,,,,,,https://cata.meduse.co/enfants/sandales/sun/corail/sandales-enfant-sun-corail-cote.jpg,1,,,,,15,Sun,,sun-corail-23,Couleur,Pointure,Corail,9,23,6,1,12,,,,,,Sandales enfant,Enfant,Sandale,sun enfant,sun,corail,23,,,,sunenfant
19,Sun,"Couleur:color:0, Pointure:select:1","Color:color:0, Size:select:1","Corail:0, 24:1","Corail:0, 24:1",,sun-corail-24,SUN-EN-CO24,Couleur:color:0,Pointure:select:1,Corail:0,0,24:1,1,,,,,,https://cata.meduse.co/enfants/sandales/sun/corail/sandales-enfant-sun-corail-cote.jpg,1,,,,,15,Sun,,sun-corail-24,Couleur,Pointure,Corail,9,24,7,1,12,,,,,,Sandales enfant,Enfant,Sandale,sun enfant,sun,corail,24,,,,sunenfant
19,Sun,"Couleur:color:0, Pointure:select:1","Color:color:0, Size:select:1","Corail:0, 25:1","Corail:0, 25:1",,sun-corail-25,SUN-EN-CO25,Couleur:color:0,Pointure:select:1,Corail:0,0,25:1,1,,,,,,https://cata.meduse.co/enfants/sandales/sun/corail/sandales-enfant-sun-corail-cote.jpg,1,,,,,15,Sun,,sun-corail-25,Couleur,Pointure,Corail,9,25,8,1,12,,,,,,Sandales enfant,Enfant,Sandale,sun enfant,sun,corail,25,,,,sunenfant
19,Sun,"Couleur:color:0, Pointure:select:1","Color:color:0, Size:select:1","Corail:0, 26:1","Corail:0, 26:1",,sun-corail-26,SUN-EN-CO26,Couleur:color:0,Pointure:select:1,Corail:0,0,26:1,1,,,,,,https://cata.meduse.co/enfants/sandales/sun/corail/sandales-enfant-sun-corail-cote.jpg,1,,,,,15,Sun,,sun-corail-26,Couleur,Pointure,Corail,9,26,9,1,12,,,,,,Sandales enfant,Enfant,Sandale,sun enfant,sun,corail,26,,,,sunenfant
19,Sun,"Couleur:color:0, Pointure:select:1","Color:color:0, Size:select:1","Corail:0, 27:1","Corail:0, 27:1",,sun-corail-27,SUN-EN-CO27,Couleur:color:0,Pointure:select:1,Corail:0,0,27:1,1,,,,,,https://cata.meduse.co/enfants/sandales/sun/corail/sandales-enfant-sun-corail-cote.jpg,1,,,,,15,Sun,,sun-corail-27,Couleur,Pointure,Corail,9,27,10,1,12,,,,,,Sandales enfant,Enfant,Sandale,sun enfant,sun,corail,27,,,,sunenfant
19,Sun,"Couleur:color:0, Pointure:select:1","Color:color:0, Size:select:1","Corail:0, 28:1","Corail:0, 28:1",,sun-corail-28,SUN-EN-CO28,Couleur:color:0,Pointure:select:1,Corail:0,3,28:1,1,,,,,,https://cata.meduse.co/enfants/sandales/sun/corail/sandales-enfant-sun-corail-cote.jpg,1,,,,,15,Sun,,sun-corail-28,Couleur,Pointure,Corail,9,28,11,1,15,,,,,,Sandales enfant,Enfant,Sandale,sun enfant,sun,corail,28,,,,sunenfant
19,Sun,"Couleur:color:0, Pointure:select:1","Color:color:0, Size:select:1","Corail:0, 29:1","Corail:0, 29:1",,sun-corail-29,SUN-EN-CO29,Couleur:color:0,Pointure:select:1,Corail:0,3,29:1,1,,,,,,https://cata.meduse.co/enfants/sandales/sun/corail/sandales-enfant-sun-corail-cote.jpg,1,,,,,15,Sun,,sun-corail-29,Couleur,Pointure,Corail,9,29,12,1,15,,,,,,Sandales enfant,Enfant,Sandale,sun enfant,sun,corail,29,,,,sunenfant
19,Sun,"Couleur:color:0, Pointure:select:1","Color:color:0, Size:select:1","Corail:0, 30:1","Corail:0, 30:1",,sun-corail-30,SUN-EN-CO30,Couleur:color:0,Pointure:select:1,Corail:0,3,30:1,1,,,,,,https://cata.meduse.co/enfants/sandales/sun/corail/sandales-enfant-sun-corail-cote.jpg,1,,,,,15,Sun,,sun-corail-30,Couleur,Pointure,Corail,9,30,13,1,15,,,,,,Sandales enfant,Enfant,Sandale,sun enfant,sun,corail,30,,,,sunenfant
19,Sun,"Couleur:color:0, Pointure:select:1","Color:color:0, Size:select:1","Corail:0, 31:1","Corail:0, 31:1",,sun-corail-31,SUN-EN-CO31,Couleur:color:0,Pointure:select:1,Corail:0,3,31:1,1,,,,,,https://cata.meduse.co/enfants/sandales/sun/corail/sandales-enfant-sun-corail-cote.jpg,1,,,,,15,Sun,,sun-corail-31,Couleur,Pointure,Corail,9,31,14,1,15,,,,,,Sandales enfant,Enfant,Sandale,sun enfant,sun,corail,31,,,,sunenfant
19,Sun,"Couleur:color:0, Pointure:select:1","Color:color:0, Size:select:1","Corail:0, 32:1","Corail:0, 32:1",,sun-corail-32,SUN-EN-CO32,Couleur:color:0,Pointure:select:1,Corail:0,3,32:1,1,,,,,,https://cata.meduse.co/enfants/sandales/sun/corail/sandales-enfant-sun-corail-cote.jpg,1,,,,,15,Sun,,sun-corail-32,Couleur,Pointure,Corail,9,32,15,1,15,,,,,,Sandales enfant,Enfant,Sandale,sun enfant,sun,corail,32,,,,sunenfant
19,Sun,"Couleur:color:0, Pointure:select:1","Color:color:0, Size:select:1","Corail:0, 33:1","Corail:0, 33:1",,sun-corail-33,SUN-EN-CO33,Couleur:color:0,Pointure:select:1,Corail:0,3,33:1,1,,,,,,https://cata.meduse.co/enfants/sandales/sun/corail/sandales-enfant-sun-corail-cote.jpg,1,,,,,15,Sun,,sun-corail-33,Couleur,Pointure,Corail,9,33,16,1,15,,,,,,Sandales enfant,Enfant,Sandale,sun enfant,sun,corail,33,,,,sunenfant
19,Sun,"Couleur:color:0, Pointure:select:1","Color:color:0, Size:select:1","Corail:0, 34:1","Corail:0, 34:1",,sun-corail-34,SUN-EN-CO34,Couleur:color:0,Pointure:select:1,Corail:0,3,34:1,1,,,,,,https://cata.meduse.co/enfants/sandales/sun/corail/sandales-enfant-sun-corail-cote.jpg,1,,,,,15,Sun,,sun-corail-34,Couleur,Pointure,Corail,9,34,17,1,15,,,,,,Sandales enfant,Enfant,Sandale,sun enfant,sun,corail,34,,,,sunenfant
19,Sun,"Couleur:color:0, Pointure:select:1","Color:color:0, Size:select:1","Cristal:0, 18:1","Cristal:0, 18:1",,sun-cristal-18,SUN-EN-CR18,Couleur:color:0,Pointure:select:1,Cristal:0,0,18:1,1,,,,,,https://cata.meduse.co/enfants/sandales/sun/cristal/sandales-enfant-sun-cristal-cote.jpg,1,,,,,15,Sun,,sun-cristal-18,Couleur,Pointure,Cristal,10,18,1,1,12,,,,,,Sandales enfant,Enfant,Sandale,sun enfant,sun,cristal,18,,,,sunenfant
19,Sun,"Couleur:color:0, Pointure:select:1","Color:color:0, Size:select:1","Cristal:0, 19:1","Cristal:0, 19:1",,sun-cristal-19,SUN-EN-CR19,Couleur:color:0,Pointure:select:1,Cristal:0,0,19:1,1,,,,,,https://cata.meduse.co/enfants/sandales/sun/cristal/sandales-enfant-sun-cristal-cote.jpg,1,,,,,15,Sun,,sun-cristal-19,Couleur,Pointure,Cristal,10,19,2,1,12,,,,,,Sandales enfant,Enfant,Sandale,sun enfant,sun,cristal,19,,,,sunenfant
19,Sun,"Couleur:color:0, Pointure:select:1","Color:color:0, Size:select:1","Cristal:0, 20:1","Cristal:0, 20:1",,sun-cristal-20,SUN-EN-CR20,Couleur:color:0,Pointure:select:1,Cristal:0,0,20:1,1,,,,,,https://cata.meduse.co/enfants/sandales/sun/cristal/sandales-enfant-sun-cristal-cote.jpg,1,,,,,15,Sun,,sun-cristal-20,Couleur,Pointure,Cristal,10,20,3,1,12,,,,,,Sandales enfant,Enfant,Sandale,sun enfant,sun,cristal,20,,,,sunenfant
19,Sun,"Couleur:color:0, Pointure:select:1","Color:color:0, Size:select:1","Cristal:0, 21:1","Cristal:0, 21:1",,sun-cristal-21,SUN-EN-CR21,Couleur:color:0,Pointure:select:1,Cristal:0,0,21:1,1,,,,,,https://cata.meduse.co/enfants/sandales/sun/cristal/sandales-enfant-sun-cristal-cote.jpg,1,,,,,15,Sun,,sun-cristal-21,Couleur,Pointure,Cristal,10,21,4,1,12,,,,,,Sandales enfant,Enfant,Sandale,sun enfant,sun,cristal,21,,,,sunenfant
19,Sun,"Couleur:color:0, Pointure:select:1","Color:color:0, Size:select:1","Cristal:0, 22:1","Cristal:0, 22:1",,sun-cristal-22,SUN-EN-CR22,Couleur:color:0,Pointure:select:1,Cristal:0,0,22:1,1,,,,,,https://cata.meduse.co/enfants/sandales/sun/cristal/sandales-enfant-sun-cristal-cote.jpg,1,,,,,15,Sun,,sun-cristal-22,Couleur,Pointure,Cristal,10,22,5,1,12,,,,,,Sandales enfant,Enfant,Sandale,sun enfant,sun,cristal,22,,,,sunenfant
19,Sun,"Couleur:color:0, Pointure:select:1","Color:color:0, Size:select:1","Cristal:0, 23:1","Cristal:0, 23:1",,sun-cristal-23,SUN-EN-CR23,Couleur:color:0,Pointure:select:1,Cristal:0,0,23:1,1,,,,,,https://cata.meduse.co/enfants/sandales/sun/cristal/sandales-enfant-sun-cristal-cote.jpg,1,,,,,15,Sun,,sun-cristal-23,Couleur,Pointure,Cristal,10,23,6,1,12,,,,,,Sandales enfant,Enfant,Sandale,sun enfant,sun,cristal,23,,,,sunenfant
19,Sun,"Couleur:color:0, Pointure:select:1","Color:color:0, Size:select:1","Cristal:0, 24:1","Cristal:0, 24:1",,sun-cristal-24,SUN-EN-CR24,Couleur:color:0,Pointure:select:1,Cristal:0,0,24:1,1,,,,,,https://cata.meduse.co/enfants/sandales/sun/cristal/sandales-enfant-sun-cristal-cote.jpg,1,,,,,15,Sun,,sun-cristal-24,Couleur,Pointure,Cristal,10,24,7,1,12,,,,,,Sandales enfant,Enfant,Sandale,sun enfant,sun,cristal,24,,,,sunenfant
19,Sun,"Couleur:color:0, Pointure:select:1","Color:color:0, Size:select:1","Cristal:0, 25:1","Cristal:0, 25:1",,sun-cristal-25,SUN-EN-CR25,Couleur:color:0,Pointure:select:1,Cristal:0,0,25:1,1,,,,,,https://cata.meduse.co/enfants/sandales/sun/cristal/sandales-enfant-sun-cristal-cote.jpg,1,,,,,15,Sun,,sun-cristal-25,Couleur,Pointure,Cristal,10,25,8,1,12,,,,,,Sandales enfant,Enfant,Sandale,sun enfant,sun,cristal,25,,,,sunenfant
19,Sun,"Couleur:color:0, Pointure:select:1","Color:color:0, Size:select:1","Cristal:0, 26:1","Cristal:0, 26:1",,sun-cristal-26,SUN-EN-CR26,Couleur:color:0,Pointure:select:1,Cristal:0,0,26:1,1,,,,,,https://cata.meduse.co/enfants/sandales/sun/cristal/sandales-enfant-sun-cristal-cote.jpg,1,,,,,15,Sun,,sun-cristal-26,Couleur,Pointure,Cristal,10,26,9,1,12,,,,,,Sandales enfant,Enfant,Sandale,sun enfant,sun,cristal,26,,,,sunenfant
19,Sun,"Couleur:color:0, Pointure:select:1","Color:color:0, Size:select:1","Cristal:0, 27:1","Cristal:0, 27:1",,sun-cristal-27,SUN-EN-CR27,Couleur:color:0,Pointure:select:1,Cristal:0,0,27:1,1,,,,,,https://cata.meduse.co/enfants/sandales/sun/cristal/sandales-enfant-sun-cristal-cote.jpg,1,,,,,15,Sun,,sun-cristal-27,Couleur,Pointure,Cristal,10,27,10,1,12,,,,,,Sandales enfant,Enfant,Sandale,sun enfant,sun,cristal,27,,,,sunenfant
19,Sun,"Couleur:color:0, Pointure:select:1","Color:color:0, Size:select:1","Cristal:0, 28:1","Cristal:0, 28:1",,sun-cristal-28,SUN-EN-CR28,Couleur:color:0,Pointure:select:1,Cristal:0,3,28:1,1,,,,,,https://cata.meduse.co/enfants/sandales/sun/cristal/sandales-enfant-sun-cristal-cote.jpg,1,,,,,15,Sun,,sun-cristal-28,Couleur,Pointure,Cristal,10,28,11,1,15,,,,,,Sandales enfant,Enfant,Sandale,sun enfant,sun,cristal,28,,,,sunenfant
19,Sun,"Couleur:color:0, Pointure:select:1","Color:color:0, Size:select:1","Cristal:0, 29:1","Cristal:0, 29:1",,sun-cristal-29,SUN-EN-CR29,Couleur:color:0,Pointure:select:1,Cristal:0,3,29:1,1,,,,,,https://cata.meduse.co/enfants/sandales/sun/cristal/sandales-enfant-sun-cristal-cote.jpg,1,,,,,15,Sun,,sun-cristal-29,Couleur,Pointure,Cristal,10,29,12,1,15,,,,,,Sandales enfant,Enfant,Sandale,sun enfant,sun,cristal,29,,,,sunenfant
19,Sun,"Couleur:color:0, Pointure:select:1","Color:color:0, Size:select:1","Cristal:0, 30:1","Cristal:0, 30:1",,sun-cristal-30,SUN-EN-CR30,Couleur:color:0,Pointure:select:1,Cristal:0,3,30:1,1,,,,,,https://cata.meduse.co/enfants/sandales/sun/cristal/sandales-enfant-sun-cristal-cote.jpg,1,,,,,15,Sun,,sun-cristal-30,Couleur,Pointure,Cristal,10,30,13,1,15,,,,,,Sandales enfant,Enfant,Sandale,sun enfant,sun,cristal,30,,,,sunenfant
19,Sun,"Couleur:color:0, Pointure:select:1","Color:color:0, Size:select:1","Cristal:0, 31:1","Cristal:0, 31:1",,sun-cristal-31,SUN-EN-CR31,Couleur:color:0,Pointure:select:1,Cristal:0,3,31:1,1,,,,,,https://cata.meduse.co/enfants/sandales/sun/cristal/sandales-enfant-sun-cristal-cote.jpg,1,,,,,15,Sun,,sun-cristal-31,Couleur,Pointure,Cristal,10,31,14,1,15,,,,,,Sandales enfant,Enfant,Sandale,sun enfant,sun,cristal,31,,,,sunenfant
19,Sun,"Couleur:color:0, Pointure:select:1","Color:color:0, Size:select:1","Cristal:0, 32:1","Cristal:0, 32:1",,sun-cristal-32,SUN-EN-CR32,Couleur:color:0,Pointure:select:1,Cristal:0,3,32:1,1,,,,,,https://cata.meduse.co/enfants/sandales/sun/cristal/sandales-enfant-sun-cristal-cote.jpg,1,,,,,15,Sun,,sun-cristal-32,Couleur,Pointure,Cristal,10,32,15,1,15,,,,,,Sandales enfant,Enfant,Sandale,sun enfant,sun,cristal,32,,,,sunenfant
19,Sun,"Couleur:color:0, Pointure:select:1","Color:color:0, Size:select:1","Cristal:0, 33:1","Cristal:0, 33:1",,sun-cristal-33,SUN-EN-CR33,Couleur:color:0,Pointure:select:1,Cristal:0,3,33:1,1,,,,,,https://cata.meduse.co/enfants/sandales/sun/cristal/sandales-enfant-sun-cristal-cote.jpg,1,,,,,15,Sun,,sun-cristal-33,Couleur,Pointure,Cristal,10,33,16,1,15,,,,,,Sandales enfant,Enfant,Sandale,sun enfant,sun,cristal,33,,,,sunenfant
19,Sun,"Couleur:color:0, Pointure:select:1","Color:color:0, Size:select:1","Cristal:0, 34:1","Cristal:0, 34:1",,sun-cristal-34,SUN-EN-CR34,Couleur:color:0,Pointure:select:1,Cristal:0,3,34:1,1,,,,,,https://cata.meduse.co/enfants/sandales/sun/cristal/sandales-enfant-sun-cristal-cote.jpg,1,,,,,15,Sun,,sun-cristal-34,Couleur,Pointure,Cristal,10,34,17,1,15,,,,,,Sandales enfant,Enfant,Sandale,sun enfant,sun,cristal,34,,,,sunenfant
19,Sun,"Couleur:color:0, Pointure:select:1","Color:color:0, Size:select:1","Dor paillet:0, 18:1","Dor paillet:0, 18:1",,sun-dor-paillet-18,SUN-EN-DOPA18,Couleur:color:0,Pointure:select:1,Dor paillet:0,0,18:1,1,,,,,,https://cata.meduse.co/enfants/sandales/sun/dore-paillete/sandales-enfant-sun-dore-paillete-cote.jpg,1,,,,,15,Sun,,sun-dor-paillet-18,Couleur,Pointure,Dor paillet,11,18,1,1,12,,,,,,Sandales enfant,Enfant,Sandale,sun enfant,sun,dor,paillet,18,,,sunenfant
19,Sun,"Couleur:color:0, Pointure:select:1","Color:color:0, Size:select:1","Dor paillet:0, 19:1","Dor paillet:0, 19:1",,sun-dor-paillet-19,SUN-EN-DOPA19,Couleur:color:0,Pointure:select:1,Dor paillet:0,0,19:1,1,,,,,,https://cata.meduse.co/enfants/sandales/sun/dore-paillete/sandales-enfant-sun-dore-paillete-cote.jpg,1,,,,,15,Sun,,sun-dor-paillet-19,Couleur,Pointure,Dor paillet,11,19,2,1,12,,,,,,Sandales enfant,Enfant,Sandale,sun enfant,sun,dor,paillet,19,,,sunenfant
19,Sun,"Couleur:color:0, Pointure:select:1","Color:color:0, Size:select:1","Dor paillet:0, 20:1","Dor paillet:0, 20:1",,sun-dor-paillet-20,SUN-EN-DOPA20,Couleur:color:0,Pointure:select:1,Dor paillet:0,0,20:1,1,,,,,,https://cata.meduse.co/enfants/sandales/sun/dore-paillete/sandales-enfant-sun-dore-paillete-cote.jpg,1,,,,,15,Sun,,sun-dor-paillet-20,Couleur,Pointure,Dor paillet,11,20,3,1,12,,,,,,Sandales enfant,Enfant,Sandale,sun enfant,sun,dor,paillet,20,,,sunenfant
19,Sun,"Couleur:color:0, Pointure:select:1","Color:color:0, Size:select:1","Dor paillet:0, 21:1","Dor paillet:0, 21:1",,sun-dor-paillet-21,SUN-EN-DOPA21,Couleur:color:0,Pointure:select:1,Dor paillet:0,0,21:1,1,,,,,,https://cata.meduse.co/enfants/sandales/sun/dore-paillete/sandales-enfant-sun-dore-paillete-cote.jpg,1,,,,,15,Sun,,sun-dor-paillet-21,Couleur,Pointure,Dor paillet,11,21,4,1,12,,,,,,Sandales enfant,Enfant,Sandale,sun enfant,sun,dor,paillet,21,,,sunenfant
19,Sun,"Couleur:color:0, Pointure:select:1","Color:color:0, Size:select:1","Dor paillet:0, 22:1","Dor paillet:0, 22:1",,sun-dor-paillet-22,SUN-EN-DOPA22,Couleur:color:0,Pointure:select:1,Dor paillet:0,0,22:1,1,,,,,,https://cata.meduse.co/enfants/sandales/sun/dore-paillete/sandales-enfant-sun-dore-paillete-cote.jpg,1,,,,,15,Sun,,sun-dor-paillet-22,Couleur,Pointure,Dor paillet,11,22,5,1,12,,,,,,Sandales enfant,Enfant,Sandale,sun enfant,sun,dor,paillet,22,,,sunenfant
19,Sun,"Couleur:color:0, Pointure:select:1","Color:color:0, Size:select:1","Dor paillet:0, 23:1","Dor paillet:0, 23:1",,sun-dor-paillet-23,SUN-EN-DOPA23,Couleur:color:0,Pointure:select:1,Dor paillet:0,0,23:1,1,,,,,,https://cata.meduse.co/enfants/sandales/sun/dore-paillete/sandales-enfant-sun-dore-paillete-cote.jpg,1,,,,,15,Sun,,sun-dor-paillet-23,Couleur,Pointure,Dor paillet,11,23,6,1,12,,,,,,Sandales enfant,Enfant,Sandale,sun enfant,sun,dor,paillet,23,,,sunenfant
19,Sun,"Couleur:color:0, Pointure:select:1","Color:color:0, Size:select:1","Dor paillet:0, 24:1","Dor paillet:0, 24:1",,sun-dor-paillet-24,SUN-EN-DOPA24,Couleur:color:0,Pointure:select:1,Dor paillet:0,0,24:1,1,,,,,,https://cata.meduse.co/enfants/sandales/sun/dore-paillete/sandales-enfant-sun-dore-paillete-cote.jpg,1,,,,,15,Sun,,sun-dor-paillet-24,Couleur,Pointure,Dor paillet,11,24,7,1,12,,,,,,Sandales enfant,Enfant,Sandale,sun enfant,sun,dor,paillet,24,,,sunenfant
19,Sun,"Couleur:color:0, Pointure:select:1","Color:color:0, Size:select:1","Dor paillet:0, 25:1","Dor paillet:0, 25:1",,sun-dor-paillet-25,SUN-EN-DOPA25,Couleur:color:0,Pointure:select:1,Dor paillet:0,0,25:1,1,,,,,,https://cata.meduse.co/enfants/sandales/sun/dore-paillete/sandales-enfant-sun-dore-paillete-cote.jpg,1,,,,,15,Sun,,sun-dor-paillet-25,Couleur,Pointure,Dor paillet,11,25,8,1,12,,,,,,Sandales enfant,Enfant,Sandale,sun enfant,sun,dor,paillet,25,,,sunenfant
19,Sun,"Couleur:color:0, Pointure:select:1","Color:color:0, Size:select:1","Dor paillet:0, 26:1","Dor paillet:0, 26:1",,sun-dor-paillet-26,SUN-EN-DOPA26,Couleur:color:0,Pointure:select:1,Dor paillet:0,0,26:1,1,,,,,,https://cata.meduse.co/enfants/sandales/sun/dore-paillete/sandales-enfant-sun-dore-paillete-cote.jpg,1,,,,,15,Sun,,sun-dor-paillet-26,Couleur,Pointure,Dor paillet,11,26,9,1,12,,,,,,Sandales enfant,Enfant,Sandale,sun enfant,sun,dor,paillet,26,,,sunenfant
19,Sun,"Couleur:color:0, Pointure:select:1","Color:color:0, Size:select:1","Dor paillet:0, 27:1","Dor paillet:0, 27:1",,sun-dor-paillet-27,SUN-EN-DOPA27,Couleur:color:0,Pointure:select:1,Dor paillet:0,0,27:1,1,,,,,,https://cata.meduse.co/enfants/sandales/sun/dore-paillete/sandales-enfant-sun-dore-paillete-cote.jpg,1,,,,,15,Sun,,sun-dor-paillet-27,Couleur,Pointure,Dor paillet,11,27,10,1,12,,,,,,Sandales enfant,Enfant,Sandale,sun enfant,sun,dor,paillet,27,,,sunenfant
19,Sun,"Couleur:color:0, Pointure:select:1","Color:color:0, Size:select:1","Dor paillet:0, 28:1","Dor paillet:0, 28:1",,sun-dor-paillet-28,SUN-EN-DOPA28,Couleur:color:0,Pointure:select:1,Dor paillet:0,3,28:1,1,,,,,,https://cata.meduse.co/enfants/sandales/sun/dore-paillete/sandales-enfant-sun-dore-paillete-cote.jpg,1,,,,,15,Sun,,sun-dor-paillet-28,Couleur,Pointure,Dor paillet,11,28,11,1,15,,,,,,Sandales enfant,Enfant,Sandale,sun enfant,sun,dor,paillet,28,,,sunenfant
19,Sun,"Couleur:color:0, Pointure:select:1","Color:color:0, Size:select:1","Dor paillet:0, 29:1","Dor paillet:0, 29:1",,sun-dor-paillet-29,SUN-EN-DOPA29,Couleur:color:0,Pointure:select:1,Dor paillet:0,3,29:1,1,,,,,,https://cata.meduse.co/enfants/sandales/sun/dore-paillete/sandales-enfant-sun-dore-paillete-cote.jpg,1,,,,,15,Sun,,sun-dor-paillet-29,Couleur,Pointure,Dor paillet,11,29,12,1,15,,,,,,Sandales enfant,Enfant,Sandale,sun enfant,sun,dor,paillet,29,,,sunenfant
19,Sun,"Couleur:color:0, Pointure:select:1","Color:color:0, Size:select:1","Dor paillet:0, 30:1","Dor paillet:0, 30:1",,sun-dor-paillet-30,SUN-EN-DOPA30,Couleur:color:0,Pointure:select:1,Dor paillet:0,3,30:1,1,,,,,,https://cata.meduse.co/enfants/sandales/sun/dore-paillete/sandales-enfant-sun-dore-paillete-cote.jpg,1,,,,,15,Sun,,sun-dor-paillet-30,Couleur,Pointure,Dor paillet,11,30,13,1,15,,,,,,Sandales enfant,Enfant,Sandale,sun enfant,sun,dor,paillet,30,,,sunenfant
19,Sun,"Couleur:color:0, Pointure:select:1","Color:color:0, Size:select:1","Dor paillet:0, 31:1","Dor paillet:0, 31:1",,sun-dor-paillet-31,SUN-EN-DOPA31,Couleur:color:0,Pointure:select:1,Dor paillet:0,3,31:1,1,,,,,,https://cata.meduse.co/enfants/sandales/sun/dore-paillete/sandales-enfant-sun-dore-paillete-cote.jpg,1,,,,,15,Sun,,sun-dor-paillet-31,Couleur,Pointure,Dor paillet,11,31,14,1,15,,,,,,Sandales enfant,Enfant,Sandale,sun enfant,sun,dor,paillet,31,,,sunenfant
19,Sun,"Couleur:color:0, Pointure:select:1","Color:color:0, Size:select:1","Dor paillet:0, 32:1","Dor paillet:0, 32:1",,sun-dor-paillet-32,SUN-EN-DOPA32,Couleur:color:0,Pointure:select:1,Dor paillet:0,3,32:1,1,,,,,,https://cata.meduse.co/enfants/sandales/sun/dore-paillete/sandales-enfant-sun-dore-paillete-cote.jpg,1,,,,,15,Sun,,sun-dor-paillet-32,Couleur,Pointure,Dor paillet,11,32,15,1,15,,,,,,Sandales enfant,Enfant,Sandale,sun enfant,sun,dor,paillet,32,,,sunenfant
19,Sun,"Couleur:color:0, Pointure:select:1","Color:color:0, Size:select:1","Dor paillet:0, 33:1","Dor paillet:0, 33:1",,sun-dor-paillet-33,SUN-EN-DOPA33,Couleur:color:0,Pointure:select:1,Dor paillet:0,3,33:1,1,,,,,,https://cata.meduse.co/enfants/sandales/sun/dore-paillete/sandales-enfant-sun-dore-paillete-cote.jpg,1,,,,,15,Sun,,sun-dor-paillet-33,Couleur,Pointure,Dor paillet,11,33,16,1,15,,,,,,Sandales enfant,Enfant,Sandale,sun enfant,sun,dor,paillet,33,,,sunenfant
19,Sun,"Couleur:color:0, Pointure:select:1","Color:color:0, Size:select:1","Dor paillet:0, 34:1","Dor paillet:0, 34:1",,sun-dor-paillet-34,SUN-EN-DOPA34,Couleur:color:0,Pointure:select:1,Dor paillet:0,3,34:1,1,,,,,,https://cata.meduse.co/enfants/sandales/sun/dore-paillete/sandales-enfant-sun-dore-paillete-cote.jpg,1,,,,,15,Sun,,sun-dor-paillet-34,Couleur,Pointure,Dor paillet,11,34,17,1,15,,,,,,Sandales enfant,Enfant,Sandale,sun enfant,sun,dor,paillet,34,,,sunenfant
19,Sun,"Couleur:color:0, Pointure:select:1","Color:color:0, Size:select:1","Fuchsia:0, 18:1","Fuchsia:0, 18:1",,sun-fuchsia-18,SUN-EN-FU18,Couleur:color:0,Pointure:select:1,Fuchsia:0,0,18:1,1,,,,,,https://cata.meduse.co/enfants/sandales/sun/fuchsia/sandales-enfant-sun-fuchsia-cote.jpg,1,,,,,15,Sun,,sun-fuchsia-18,Couleur,Pointure,Fuchsia,12,18,1,1,12,,,,,,Sandales enfant,Enfant,Sandale,sun enfant,sun,fuchsia,18,,,,sunenfant
19,Sun,"Couleur:color:0, Pointure:select:1","Color:color:0, Size:select:1","Fuchsia:0, 19:1","Fuchsia:0, 19:1",,sun-fuchsia-19,SUN-EN-FU19,Couleur:color:0,Pointure:select:1,Fuchsia:0,0,19:1,1,,,,,,https://cata.meduse.co/enfants/sandales/sun/fuchsia/sandales-enfant-sun-fuchsia-cote.jpg,1,,,,,15,Sun,,sun-fuchsia-19,Couleur,Pointure,Fuchsia,12,19,2,1,12,,,,,,Sandales enfant,Enfant,Sandale,sun enfant,sun,fuchsia,19,,,,sunenfant
19,Sun,"Couleur:color:0, Pointure:select:1","Color:color:0, Size:select:1","Fuchsia:0, 20:1","Fuchsia:0, 20:1",,sun-fuchsia-20,SUN-EN-FU20,Couleur:color:0,Pointure:select:1,Fuchsia:0,0,20:1,1,,,,,,https://cata.meduse.co/enfants/sandales/sun/fuchsia/sandales-enfant-sun-fuchsia-cote.jpg,1,,,,,15,Sun,,sun-fuchsia-20,Couleur,Pointure,Fuchsia,12,20,3,1,12,,,,,,Sandales enfant,Enfant,Sandale,sun enfant,sun,fuchsia,20,,,,sunenfant
19,Sun,"Couleur:color:0, Pointure:select:1","Color:color:0, Size:select:1","Fuchsia:0, 21:1","Fuchsia:0, 21:1",,sun-fuchsia-21,SUN-EN-FU21,Couleur:color:0,Pointure:select:1,Fuchsia:0,0,21:1,1,,,,,,https://cata.meduse.co/enfants/sandales/sun/fuchsia/sandales-enfant-sun-fuchsia-cote.jpg,1,,,,,15,Sun,,sun-fuchsia-21,Couleur,Pointure,Fuchsia,12,21,4,1,12,,,,,,Sandales enfant,Enfant,Sandale,sun enfant,sun,fuchsia,21,,,,sunenfant
19,Sun,"Couleur:color:0, Pointure:select:1","Color:color:0, Size:select:1","Fuchsia:0, 22:1","Fuchsia:0, 22:1",,sun-fuchsia-22,SUN-EN-FU22,Couleur:color:0,Pointure:select:1,Fuchsia:0,0,22:1,1,,,,,,https://cata.meduse.co/enfants/sandales/sun/fuchsia/sandales-enfant-sun-fuchsia-cote.jpg,1,,,,,15,Sun,,sun-fuchsia-22,Couleur,Pointure,Fuchsia,12,22,5,1,12,,,,,,Sandales enfant,Enfant,Sandale,sun enfant,sun,fuchsia,22,,,,sunenfant
19,Sun,"Couleur:color:0, Pointure:select:1","Color:color:0, Size:select:1","Fuchsia:0, 23:1","Fuchsia:0, 23:1",,sun-fuchsia-23,SUN-EN-FU23,Couleur:color:0,Pointure:select:1,Fuchsia:0,0,23:1,1,,,,,,https://cata.meduse.co/enfants/sandales/sun/fuchsia/sandales-enfant-sun-fuchsia-cote.jpg,1,,,,,15,Sun,,sun-fuchsia-23,Couleur,Pointure,Fuchsia,12,23,6,1,12,,,,,,Sandales enfant,Enfant,Sandale,sun enfant,sun,fuchsia,23,,,,sunenfant
19,Sun,"Couleur:color:0, Pointure:select:1","Color:color:0, Size:select:1","Fuchsia:0, 24:1","Fuchsia:0, 24:1",,sun-fuchsia-24,SUN-EN-FU24,Couleur:color:0,Pointure:select:1,Fuchsia:0,0,24:1,1,,,,,,https://cata.meduse.co/enfants/sandales/sun/fuchsia/sandales-enfant-sun-fuchsia-cote.jpg,1,,,,,15,Sun,,sun-fuchsia-24,Couleur,Pointure,Fuchsia,12,24,7,1,12,,,,,,Sandales enfant,Enfant,Sandale,sun enfant,sun,fuchsia,24,,,,sunenfant
19,Sun,"Couleur:color:0, Pointure:select:1","Color:color:0, Size:select:1","Fuchsia:0, 25:1","Fuchsia:0, 25:1",,sun-fuchsia-25,SUN-EN-FU25,Couleur:color:0,Pointure:select:1,Fuchsia:0,0,25:1,1,,,,,,https://cata.meduse.co/enfants/sandales/sun/fuchsia/sandales-enfant-sun-fuchsia-cote.jpg,1,,,,,15,Sun,,sun-fuchsia-25,Couleur,Pointure,Fuchsia,12,25,8,1,12,,,,,,Sandales enfant,Enfant,Sandale,sun enfant,sun,fuchsia,25,,,,sunenfant
19,Sun,"Couleur:color:0, Pointure:select:1","Color:color:0, Size:select:1","Fuchsia:0, 26:1","Fuchsia:0, 26:1",,sun-fuchsia-26,SUN-EN-FU26,Couleur:color:0,Pointure:select:1,Fuchsia:0,0,26:1,1,,,,,,https://cata.meduse.co/enfants/sandales/sun/fuchsia/sandales-enfant-sun-fuchsia-cote.jpg,1,,,,,15,Sun,,sun-fuchsia-26,Couleur,Pointure,Fuchsia,12,26,9,1,12,,,,,,Sandales enfant,Enfant,Sandale,sun enfant,sun,fuchsia,26,,,,sunenfant
19,Sun,"Couleur:color:0, Pointure:select:1","Color:color:0, Size:select:1","Fuchsia:0, 27:1","Fuchsia:0, 27:1",,sun-fuchsia-27,SUN-EN-FU27,Couleur:color:0,Pointure:select:1,Fuchsia:0,0,27:1,1,,,,,,https://cata.meduse.co/enfants/sandales/sun/fuchsia/sandales-enfant-sun-fuchsia-cote.jpg,1,,,,,15,Sun,,sun-fuchsia-27,Couleur,Pointure,Fuchsia,12,27,10,1,12,,,,,,Sandales enfant,Enfant,Sandale,sun enfant,sun,fuchsia,27,,,,sunenfant
19,Sun,"Couleur:color:0, Pointure:select:1","Color:color:0, Size:select:1","Fuchsia:0, 28:1","Fuchsia:0, 28:1",,sun-fuchsia-28,SUN-EN-FU28,Couleur:color:0,Pointure:select:1,Fuchsia:0,3,28:1,1,,,,,,https://cata.meduse.co/enfants/sandales/sun/fuchsia/sandales-enfant-sun-fuchsia-cote.jpg,1,,,,,15,Sun,,sun-fuchsia-28,Couleur,Pointure,Fuchsia,12,28,11,1,15,,,,,,Sandales enfant,Enfant,Sandale,sun enfant,sun,fuchsia,28,,,,sunenfant
19,Sun,"Couleur:color:0, Pointure:select:1","Color:color:0, Size:select:1","Fuchsia:0, 29:1","Fuchsia:0, 29:1",,sun-fuchsia-29,SUN-EN-FU29,Couleur:color:0,Pointure:select:1,Fuchsia:0,3,29:1,1,,,,,,https://cata.meduse.co/enfants/sandales/sun/fuchsia/sandales-enfant-sun-fuchsia-cote.jpg,1,,,,,15,Sun,,sun-fuchsia-29,Couleur,Pointure,Fuchsia,12,29,12,1,15,,,,,,Sandales enfant,Enfant,Sandale,sun enfant,sun,fuchsia,29,,,,sunenfant
19,Sun,"Couleur:color:0, Pointure:select:1","Color:color:0, Size:select:1","Fuchsia:0, 30:1","Fuchsia:0, 30:1",,sun-fuchsia-30,SUN-EN-FU30,Couleur:color:0,Pointure:select:1,Fuchsia:0,3,30:1,1,,,,,,https://cata.meduse.co/enfants/sandales/sun/fuchsia/sandales-enfant-sun-fuchsia-cote.jpg,1,,,,,15,Sun,,sun-fuchsia-30,Couleur,Pointure,Fuchsia,12,30,13,1,15,,,,,,Sandales enfant,Enfant,Sandale,sun enfant,sun,fuchsia,30,,,,sunenfant
19,Sun,"Couleur:color:0, Pointure:select:1","Color:color:0, Size:select:1","Fuchsia:0, 31:1","Fuchsia:0, 31:1",,sun-fuchsia-31,SUN-EN-FU31,Couleur:color:0,Pointure:select:1,Fuchsia:0,3,31:1,1,,,,,,https://cata.meduse.co/enfants/sandales/sun/fuchsia/sandales-enfant-sun-fuchsia-cote.jpg,1,,,,,15,Sun,,sun-fuchsia-31,Couleur,Pointure,Fuchsia,12,31,14,1,15,,,,,,Sandales enfant,Enfant,Sandale,sun enfant,sun,fuchsia,31,,,,sunenfant
19,Sun,"Couleur:color:0, Pointure:select:1","Color:color:0, Size:select:1","Fuchsia:0, 32:1","Fuchsia:0, 32:1",,sun-fuchsia-32,SUN-EN-FU32,Couleur:color:0,Pointure:select:1,Fuchsia:0,3,32:1,1,,,,,,https://cata.meduse.co/enfants/sandales/sun/fuchsia/sandales-enfant-sun-fuchsia-cote.jpg,1,,,,,15,Sun,,sun-fuchsia-32,Couleur,Pointure,Fuchsia,12,32,15,1,15,,,,,,Sandales enfant,Enfant,Sandale,sun enfant,sun,fuchsia,32,,,,sunenfant
19,Sun,"Couleur:color:0, Pointure:select:1","Color:color:0, Size:select:1","Fuchsia:0, 33:1","Fuchsia:0, 33:1",,sun-fuchsia-33,SUN-EN-FU33,Couleur:color:0,Pointure:select:1,Fuchsia:0,3,33:1,1,,,,,,https://cata.meduse.co/enfants/sandales/sun/fuchsia/sandales-enfant-sun-fuchsia-cote.jpg,1,,,,,15,Sun,,sun-fuchsia-33,Couleur,Pointure,Fuchsia,12,33,16,1,15,,,,,,Sandales enfant,Enfant,Sandale,sun enfant,sun,fuchsia,33,,,,sunenfant
19,Sun,"Couleur:color:0, Pointure:select:1","Color:color:0, Size:select:1","Fuchsia:0, 34:1","Fuchsia:0, 34:1",,sun-fuchsia-34,SUN-EN-FU34,Couleur:color:0,Pointure:select:1,Fuchsia:0,3,34:1,1,,,,,,https://cata.meduse.co/enfants/sandales/sun/fuchsia/sandales-enfant-sun-fuchsia-cote.jpg,1,,,,,15,Sun,,sun-fuchsia-34,Couleur,Pointure,Fuchsia,12,34,17,1,15,,,,,,Sandales enfant,Enfant,Sandale,sun enfant,sun,fuchsia,34,,,,sunenfant
19,Sun,"Couleur:color:0, Pointure:select:1","Color:color:0, Size:select:1","Groseille:0, 18:1","Groseille:0, 18:1",,sun-groseille-18,SUN-EN-GR18,Couleur:color:0,Pointure:select:1,Groseille:0,0,18:1,1,,,,,,https://cata.meduse.co/enfants/sandales/sun/groseille/sandales-enfant-sun-groseille-cote.jpg,1,,,,,15,Sun,,sun-groseille-18,Couleur,Pointure,Groseille,13,18,1,1,12,,,,,,Sandales enfant,Enfant,Sandale,sun enfant,sun,groseille,18,,,,sunenfant
19,Sun,"Couleur:color:0, Pointure:select:1","Color:color:0, Size:select:1","Groseille:0, 19:1","Groseille:0, 19:1",,sun-groseille-19,SUN-EN-GR19,Couleur:color:0,Pointure:select:1,Groseille:0,0,19:1,1,,,,,,https://cata.meduse.co/enfants/sandales/sun/groseille/sandales-enfant-sun-groseille-cote.jpg,1,,,,,15,Sun,,sun-groseille-19,Couleur,Pointure,Groseille,13,19,2,1,12,,,,,,Sandales enfant,Enfant,Sandale,sun enfant,sun,groseille,19,,,,sunenfant
19,Sun,"Couleur:color:0, Pointure:select:1","Color:color:0, Size:select:1","Groseille:0, 20:1","Groseille:0, 20:1",,sun-groseille-20,SUN-EN-GR20,Couleur:color:0,Pointure:select:1,Groseille:0,0,20:1,1,,,,,,https://cata.meduse.co/enfants/sandales/sun/groseille/sandales-enfant-sun-groseille-cote.jpg,1,,,,,15,Sun,,sun-groseille-20,Couleur,Pointure,Groseille,13,20,3,1,12,,,,,,Sandales enfant,Enfant,Sandale,sun enfant,sun,groseille,20,,,,sunenfant
19,Sun,"Couleur:color:0, Pointure:select:1","Color:color:0, Size:select:1","Groseille:0, 21:1","Groseille:0, 21:1",,sun-groseille-21,SUN-EN-GR21,Couleur:color:0,Pointure:select:1,Groseille:0,0,21:1,1,,,,,,https://cata.meduse.co/enfants/sandales/sun/groseille/sandales-enfant-sun-groseille-cote.jpg,1,,,,,15,Sun,,sun-groseille-21,Couleur,Pointure,Groseille,13,21,4,1,12,,,,,,Sandales enfant,Enfant,Sandale,sun enfant,sun,groseille,21,,,,sunenfant
19,Sun,"Couleur:color:0, Pointure:select:1","Color:color:0, Size:select:1","Groseille:0, 22:1","Groseille:0, 22:1",,sun-groseille-22,SUN-EN-GR22,Couleur:color:0,Pointure:select:1,Groseille:0,0,22:1,1,,,,,,https://cata.meduse.co/enfants/sandales/sun/groseille/sandales-enfant-sun-groseille-cote.jpg,1,,,,,15,Sun,,sun-groseille-22,Couleur,Pointure,Groseille,13,22,5,1,12,,,,,,Sandales enfant,Enfant,Sandale,sun enfant,sun,groseille,22,,,,sunenfant
19,Sun,"Couleur:color:0, Pointure:select:1","Color:color:0, Size:select:1","Groseille:0, 23:1","Groseille:0, 23:1",,sun-groseille-23,SUN-EN-GR23,Couleur:color:0,Pointure:select:1,Groseille:0,0,23:1,1,,,,,,https://cata.meduse.co/enfants/sandales/sun/groseille/sandales-enfant-sun-groseille-cote.jpg,1,,,,,15,Sun,,sun-groseille-23,Couleur,Pointure,Groseille,13,23,6,1,12,,,,,,Sandales enfant,Enfant,Sandale,sun enfant,sun,groseille,23,,,,sunenfant
19,Sun,"Couleur:color:0, Pointure:select:1","Color:color:0, Size:select:1","Groseille:0, 24:1","Groseille:0, 24:1",,sun-groseille-24,SUN-EN-GR24,Couleur:color:0,Pointure:select:1,Groseille:0,0,24:1,1,,,,,,https://cata.meduse.co/enfants/sandales/sun/groseille/sandales-enfant-sun-groseille-cote.jpg,1,,,,,15,Sun,,sun-groseille-24,Couleur,Pointure,Groseille,13,24,7,1,12,,,,,,Sandales enfant,Enfant,Sandale,sun enfant,sun,groseille,24,,,,sunenfant
19,Sun,"Couleur:color:0, Pointure:select:1","Color:color:0, Size:select:1","Groseille:0, 25:1","Groseille:0, 25:1",,sun-groseille-25,SUN-EN-GR25,Couleur:color:0,Pointure:select:1,Groseille:0,0,25:1,1,,,,,,https://cata.meduse.co/enfants/sandales/sun/groseille/sandales-enfant-sun-groseille-cote.jpg,1,,,,,15,Sun,,sun-groseille-25,Couleur,Pointure,Groseille,13,25,8,1,12,,,,,,Sandales enfant,Enfant,Sandale,sun enfant,sun,groseille,25,,,,sunenfant
19,Sun,"Couleur:color:0, Pointure:select:1","Color:color:0, Size:select:1","Groseille:0, 26:1","Groseille:0, 26:1",,sun-groseille-26,SUN-EN-GR26,Couleur:color:0,Pointure:select:1,Groseille:0,0,26:1,1,,,,,,https://cata.meduse.co/enfants/sandales/sun/groseille/sandales-enfant-sun-groseille-cote.jpg,1,,,,,15,Sun,,sun-groseille-26,Couleur,Pointure,Groseille,13,26,9,1,12,,,,,,Sandales enfant,Enfant,Sandale,sun enfant,sun,groseille,26,,,,sunenfant
19,Sun,"Couleur:color:0, Pointure:select:1","Color:color:0, Size:select:1","Groseille:0, 27:1","Groseille:0, 27:1",,sun-groseille-27,SUN-EN-GR27,Couleur:color:0,Pointure:select:1,Groseille:0,0,27:1,1,,,,,,https://cata.meduse.co/enfants/sandales/sun/groseille/sandales-enfant-sun-groseille-cote.jpg,1,,,,,15,Sun,,sun-groseille-27,Couleur,Pointure,Groseille,13,27,10,1,12,,,,,,Sandales enfant,Enfant,Sandale,sun enfant,sun,groseille,27,,,,sunenfant
19,Sun,"Couleur:color:0, Pointure:select:1","Color:color:0, Size:select:1","Groseille:0, 28:1","Groseille:0, 28:1",,sun-groseille-28,SUN-EN-GR28,Couleur:color:0,Pointure:select:1,Groseille:0,3,28:1,1,,,,,,https://cata.meduse.co/enfants/sandales/sun/groseille/sandales-enfant-sun-groseille-cote.jpg,1,,,,,15,Sun,,sun-groseille-28,Couleur,Pointure,Groseille,13,28,11,1,15,,,,,,Sandales enfant,Enfant,Sandale,sun enfant,sun,groseille,28,,,,sunenfant
19,Sun,"Couleur:color:0, Pointure:select:1","Color:color:0, Size:select:1","Groseille:0, 29:1","Groseille:0, 29:1",,sun-groseille-29,SUN-EN-GR29,Couleur:color:0,Pointure:select:1,Groseille:0,3,29:1,1,,,,,,https://cata.meduse.co/enfants/sandales/sun/groseille/sandales-enfant-sun-groseille-cote.jpg,1,,,,,15,Sun,,sun-groseille-29,Couleur,Pointure,Groseille,13,29,12,1,15,,,,,,Sandales enfant,Enfant,Sandale,sun enfant,sun,groseille,29,,,,sunenfant
19,Sun,"Couleur:color:0, Pointure:select:1","Color:color:0, Size:select:1","Groseille:0, 30:1","Groseille:0, 30:1",,sun-groseille-30,SUN-EN-GR30,Couleur:color:0,Pointure:select:1,Groseille:0,3,30:1,1,,,,,,https://cata.meduse.co/enfants/sandales/sun/groseille/sandales-enfant-sun-groseille-cote.jpg,1,,,,,15,Sun,,sun-groseille-30,Couleur,Pointure,Groseille,13,30,13,1,15,,,,,,Sandales enfant,Enfant,Sandale,sun enfant,sun,groseille,30,,,,sunenfant
19,Sun,"Couleur:color:0, Pointure:select:1","Color:color:0, Size:select:1","Groseille:0, 31:1","Groseille:0, 31:1",,sun-groseille-31,SUN-EN-GR31,Couleur:color:0,Pointure:select:1,Groseille:0,3,31:1,1,,,,,,https://cata.meduse.co/enfants/sandales/sun/groseille/sandales-enfant-sun-groseille-cote.jpg,1,,,,,15,Sun,,sun-groseille-31,Couleur,Pointure,Groseille,13,31,14,1,15,,,,,,Sandales enfant,Enfant,Sandale,sun enfant,sun,groseille,31,,,,sunenfant
19,Sun,"Couleur:color:0, Pointure:select:1","Color:color:0, Size:select:1","Groseille:0, 32:1","Groseille:0, 32:1",,sun-groseille-32,SUN-EN-GR32,Couleur:color:0,Pointure:select:1,Groseille:0,3,32:1,1,,,,,,https://cata.meduse.co/enfants/sandales/sun/groseille/sandales-enfant-sun-groseille-cote.jpg,1,,,,,15,Sun,,sun-groseille-32,Couleur,Pointure,Groseille,13,32,15,1,15,,,,,,Sandales enfant,Enfant,Sandale,sun enfant,sun,groseille,32,,,,sunenfant
19,Sun,"Couleur:color:0, Pointure:select:1","Color:color:0, Size:select:1","Groseille:0, 33:1","Groseille:0, 33:1",,sun-groseille-33,SUN-EN-GR33,Couleur:color:0,Pointure:select:1,Groseille:0,3,33:1,1,,,,,,https://cata.meduse.co/enfants/sandales/sun/groseille/sandales-enfant-sun-groseille-cote.jpg,1,,,,,15,Sun,,sun-groseille-33,Couleur,Pointure,Groseille,13,33,16,1,15,,,,,,Sandales enfant,Enfant,Sandale,sun enfant,sun,groseille,33,,,,sunenfant
19,Sun,"Couleur:color:0, Pointure:select:1","Color:color:0, Size:select:1","Groseille:0, 34:1","Groseille:0, 34:1",,sun-groseille-34,SUN-EN-GR34,Couleur:color:0,Pointure:select:1,Groseille:0,3,34:1,1,,,,,,https://cata.meduse.co/enfants/sandales/sun/groseille/sandales-enfant-sun-groseille-cote.jpg,1,,,,,15,Sun,,sun-groseille-34,Couleur,Pointure,Groseille,13,34,17,1,15,,,,,,Sandales enfant,Enfant,Sandale,sun enfant,sun,groseille,34,,,,sunenfant
19,Sun,"Couleur:color:0, Pointure:select:1","Color:color:0, Size:select:1","Lagon:0, 18:1","Lagon:0, 18:1",,sun-lagon-18,SUN-EN-LA18,Couleur:color:0,Pointure:select:1,Lagon:0,0,18:1,1,,,,,,https://cata.meduse.co/enfants/sandales/sun/lagon/sandales-enfant-sun-lagon-cote.jpg,1,,,,,15,Sun,,sun-lagon-18,Couleur,Pointure,Lagon,14,18,1,1,12,,,,,,Sandales enfant,Enfant,Sandale,sun enfant,sun,lagon,18,,,,sunenfant
19,Sun,"Couleur:color:0, Pointure:select:1","Color:color:0, Size:select:1","Lagon:0, 19:1","Lagon:0, 19:1",,sun-lagon-19,SUN-EN-LA19,Couleur:color:0,Pointure:select:1,Lagon:0,0,19:1,1,,,,,,https://cata.meduse.co/enfants/sandales/sun/lagon/sandales-enfant-sun-lagon-cote.jpg,1,,,,,15,Sun,,sun-lagon-19,Couleur,Pointure,Lagon,14,19,2,1,12,,,,,,Sandales enfant,Enfant,Sandale,sun enfant,sun,lagon,19,,,,sunenfant
19,Sun,"Couleur:color:0, Pointure:select:1","Color:color:0, Size:select:1","Lagon:0, 20:1","Lagon:0, 20:1",,sun-lagon-20,SUN-EN-LA20,Couleur:color:0,Pointure:select:1,Lagon:0,0,20:1,1,,,,,,https://cata.meduse.co/enfants/sandales/sun/lagon/sandales-enfant-sun-lagon-cote.jpg,1,,,,,15,Sun,,sun-lagon-20,Couleur,Pointure,Lagon,14,20,3,1,12,,,,,,Sandales enfant,Enfant,Sandale,sun enfant,sun,lagon,20,,,,sunenfant
19,Sun,"Couleur:color:0, Pointure:select:1","Color:color:0, Size:select:1","Lagon:0, 21:1","Lagon:0, 21:1",,sun-lagon-21,SUN-EN-LA21,Couleur:color:0,Pointure:select:1,Lagon:0,0,21:1,1,,,,,,https://cata.meduse.co/enfants/sandales/sun/lagon/sandales-enfant-sun-lagon-cote.jpg,1,,,,,15,Sun,,sun-lagon-21,Couleur,Pointure,Lagon,14,21,4,1,12,,,,,,Sandales enfant,Enfant,Sandale,sun enfant,sun,lagon,21,,,,sunenfant
19,Sun,"Couleur:color:0, Pointure:select:1","Color:color:0, Size:select:1","Lagon:0, 22:1","Lagon:0, 22:1",,sun-lagon-22,SUN-EN-LA22,Couleur:color:0,Pointure:select:1,Lagon:0,0,22:1,1,,,,,,https://cata.meduse.co/enfants/sandales/sun/lagon/sandales-enfant-sun-lagon-cote.jpg,1,,,,,15,Sun,,sun-lagon-22,Couleur,Pointure,Lagon,14,22,5,1,12,,,,,,Sandales enfant,Enfant,Sandale,sun enfant,sun,lagon,22,,,,sunenfant
19,Sun,"Couleur:color:0, Pointure:select:1","Color:color:0, Size:select:1","Lagon:0, 23:1","Lagon:0, 23:1",,sun-lagon-23,SUN-EN-LA23,Couleur:color:0,Pointure:select:1,Lagon:0,0,23:1,1,,,,,,https://cata.meduse.co/enfants/sandales/sun/lagon/sandales-enfant-sun-lagon-cote.jpg,1,,,,,15,Sun,,sun-lagon-23,Couleur,Pointure,Lagon,14,23,6,1,12,,,,,,Sandales enfant,Enfant,Sandale,sun enfant,sun,lagon,23,,,,sunenfant
19,Sun,"Couleur:color:0, Pointure:select:1","Color:color:0, Size:select:1","Lagon:0, 24:1","Lagon:0, 24:1",,sun-lagon-24,SUN-EN-LA24,Couleur:color:0,Pointure:select:1,Lagon:0,0,24:1,1,,,,,,https://cata.meduse.co/enfants/sandales/sun/lagon/sandales-enfant-sun-lagon-cote.jpg,1,,,,,15,Sun,,sun-lagon-24,Couleur,Pointure,Lagon,14,24,7,1,12,,,,,,Sandales enfant,Enfant,Sandale,sun enfant,sun,lagon,24,,,,sunenfant
19,Sun,"Couleur:color:0, Pointure:select:1","Color:color:0, Size:select:1","Lagon:0, 25:1","Lagon:0, 25:1",,sun-lagon-25,SUN-EN-LA25,Couleur:color:0,Pointure:select:1,Lagon:0,0,25:1,1,,,,,,https://cata.meduse.co/enfants/sandales/sun/lagon/sandales-enfant-sun-lagon-cote.jpg,1,,,,,15,Sun,,sun-lagon-25,Couleur,Pointure,Lagon,14,25,8,1,12,,,,,,Sandales enfant,Enfant,Sandale,sun enfant,sun,lagon,25,,,,sunenfant
19,Sun,"Couleur:color:0, Pointure:select:1","Color:color:0, Size:select:1","Lagon:0, 26:1","Lagon:0, 26:1",,sun-lagon-26,SUN-EN-LA26,Couleur:color:0,Pointure:select:1,Lagon:0,0,26:1,1,,,,,,https://cata.meduse.co/enfants/sandales/sun/lagon/sandales-enfant-sun-lagon-cote.jpg,1,,,,,15,Sun,,sun-lagon-26,Couleur,Pointure,Lagon,14,26,9,1,12,,,,,,Sandales enfant,Enfant,Sandale,sun enfant,sun,lagon,26,,,,sunenfant
19,Sun,"Couleur:color:0, Pointure:select:1","Color:color:0, Size:select:1","Lagon:0, 27:1","Lagon:0, 27:1",,sun-lagon-27,SUN-EN-LA27,Couleur:color:0,Pointure:select:1,Lagon:0,0,27:1,1,,,,,,https://cata.meduse.co/enfants/sandales/sun/lagon/sandales-enfant-sun-lagon-cote.jpg,1,,,,,15,Sun,,sun-lagon-27,Couleur,Pointure,Lagon,14,27,10,1,12,,,,,,Sandales enfant,Enfant,Sandale,sun enfant,sun,lagon,27,,,,sunenfant
19,Sun,"Couleur:color:0, Pointure:select:1","Color:color:0, Size:select:1","Lagon:0, 28:1","Lagon:0, 28:1",,sun-lagon-28,SUN-EN-LA28,Couleur:color:0,Pointure:select:1,Lagon:0,3,28:1,1,,,,,,https://cata.meduse.co/enfants/sandales/sun/lagon/sandales-enfant-sun-lagon-cote.jpg,1,,,,,15,Sun,,sun-lagon-28,Couleur,Pointure,Lagon,14,28,11,1,15,,,,,,Sandales enfant,Enfant,Sandale,sun enfant,sun,lagon,28,,,,sunenfant
19,Sun,"Couleur:color:0, Pointure:select:1","Color:color:0, Size:select:1","Lagon:0, 29:1","Lagon:0, 29:1",,sun-lagon-29,SUN-EN-LA29,Couleur:color:0,Pointure:select:1,Lagon:0,3,29:1,1,,,,,,https://cata.meduse.co/enfants/sandales/sun/lagon/sandales-enfant-sun-lagon-cote.jpg,1,,,,,15,Sun,,sun-lagon-29,Couleur,Pointure,Lagon,14,29,12,1,15,,,,,,Sandales enfant,Enfant,Sandale,sun enfant,sun,lagon,29,,,,sunenfant
19,Sun,"Couleur:color:0, Pointure:select:1","Color:color:0, Size:select:1","Lagon:0, 30:1","Lagon:0, 30:1",,sun-lagon-30,SUN-EN-LA30,Couleur:color:0,Pointure:select:1,Lagon:0,3,30:1,1,,,,,,https://cata.meduse.co/enfants/sandales/sun/lagon/sandales-enfant-sun-lagon-cote.jpg,1,,,,,15,Sun,,sun-lagon-30,Couleur,Pointure,Lagon,14,30,13,1,15,,,,,,Sandales enfant,Enfant,Sandale,sun enfant,sun,lagon,30,,,,sunenfant
19,Sun,"Couleur:color:0, Pointure:select:1","Color:color:0, Size:select:1","Lagon:0, 31:1","Lagon:0, 31:1",,sun-lagon-31,SUN-EN-LA31,Couleur:color:0,Pointure:select:1,Lagon:0,3,31:1,1,,,,,,https://cata.meduse.co/enfants/sandales/sun/lagon/sandales-enfant-sun-lagon-cote.jpg,1,,,,,15,Sun,,sun-lagon-31,Couleur,Pointure,Lagon,14,31,14,1,15,,,,,,Sandales enfant,Enfant,Sandale,sun enfant,sun,lagon,31,,,,sunenfant
19,Sun,"Couleur:color:0, Pointure:select:1","Color:color:0, Size:select:1","Lagon:0, 32:1","Lagon:0, 32:1",,sun-lagon-32,SUN-EN-LA32,Couleur:color:0,Pointure:select:1,Lagon:0,3,32:1,1,,,,,,https://cata.meduse.co/enfants/sandales/sun/lagon/sandales-enfant-sun-lagon-cote.jpg,1,,,,,15,Sun,,sun-lagon-32,Couleur,Pointure,Lagon,14,32,15,1,15,,,,,,Sandales enfant,Enfant,Sandale,sun enfant,sun,lagon,32,,,,sunenfant
19,Sun,"Couleur:color:0, Pointure:select:1","Color:color:0, Size:select:1","Lagon:0, 33:1","Lagon:0, 33:1",,sun-lagon-33,SUN-EN-LA33,Couleur:color:0,Pointure:select:1,Lagon:0,3,33:1,1,,,,,,https://cata.meduse.co/enfants/sandales/sun/lagon/sandales-enfant-sun-lagon-cote.jpg,1,,,,,15,Sun,,sun-lagon-33,Couleur,Pointure,Lagon,14,33,16,1,15,,,,,,Sandales enfant,Enfant,Sandale,sun enfant,sun,lagon,33,,,,sunenfant
19,Sun,"Couleur:color:0, Pointure:select:1","Color:color:0, Size:select:1","Lagon:0, 34:1","Lagon:0, 34:1",,sun-lagon-34,SUN-EN-LA34,Couleur:color:0,Pointure:select:1,Lagon:0,3,34:1,1,,,,,,https://cata.meduse.co/enfants/sandales/sun/lagon/sandales-enfant-sun-lagon-cote.jpg,1,,,,,15,Sun,,sun-lagon-34,Couleur,Pointure,Lagon,14,34,17,1,15,,,,,,Sandales enfant,Enfant,Sandale,sun enfant,sun,lagon,34,,,,sunenfant
19,Sun,"Couleur:color:0, Pointure:select:1","Color:color:0, Size:select:1","Marine:0, 18:1","Marine:0, 18:1",,sun-marine-18,SUN-EN-MA18,Couleur:color:0,Pointure:select:1,Marine:0,0,18:1,1,,,,,,https://cata.meduse.co/enfants/sandales/sun/marine/sandales-enfant-sun-marine-cote.jpg,1,,,,,15,Sun,,sun-marine-18,Couleur,Pointure,Marine,15,18,1,1,12,,,,,,Sandales enfant,Enfant,Sandale,sun enfant,sun,marine,18,,,,sunenfant
19,Sun,"Couleur:color:0, Pointure:select:1","Color:color:0, Size:select:1","Marine:0, 19:1","Marine:0, 19:1",,sun-marine-19,SUN-EN-MA19,Couleur:color:0,Pointure:select:1,Marine:0,0,19:1,1,,,,,,https://cata.meduse.co/enfants/sandales/sun/marine/sandales-enfant-sun-marine-cote.jpg,1,,,,,15,Sun,,sun-marine-19,Couleur,Pointure,Marine,15,19,2,1,12,,,,,,Sandales enfant,Enfant,Sandale,sun enfant,sun,marine,19,,,,sunenfant
19,Sun,"Couleur:color:0, Pointure:select:1","Color:color:0, Size:select:1","Marine:0, 20:1","Marine:0, 20:1",,sun-marine-20,SUN-EN-MA20,Couleur:color:0,Pointure:select:1,Marine:0,0,20:1,1,,,,,,https://cata.meduse.co/enfants/sandales/sun/marine/sandales-enfant-sun-marine-cote.jpg,1,,,,,15,Sun,,sun-marine-20,Couleur,Pointure,Marine,15,20,3,1,12,,,,,,Sandales enfant,Enfant,Sandale,sun enfant,sun,marine,20,,,,sunenfant
19,Sun,"Couleur:color:0, Pointure:select:1","Color:color:0, Size:select:1","Marine:0, 21:1","Marine:0, 21:1",,sun-marine-21,SUN-EN-MA21,Couleur:color:0,Pointure:select:1,Marine:0,0,21:1,1,,,,,,https://cata.meduse.co/enfants/sandales/sun/marine/sandales-enfant-sun-marine-cote.jpg,1,,,,,15,Sun,,sun-marine-21,Couleur,Pointure,Marine,15,21,4,1,12,,,,,,Sandales enfant,Enfant,Sandale,sun enfant,sun,marine,21,,,,sunenfant
19,Sun,"Couleur:color:0, Pointure:select:1","Color:color:0, Size:select:1","Marine:0, 22:1","Marine:0, 22:1",,sun-marine-22,SUN-EN-MA22,Couleur:color:0,Pointure:select:1,Marine:0,0,22:1,1,,,,,,https://cata.meduse.co/enfants/sandales/sun/marine/sandales-enfant-sun-marine-cote.jpg,1,,,,,15,Sun,,sun-marine-22,Couleur,Pointure,Marine,15,22,5,1,12,,,,,,Sandales enfant,Enfant,Sandale,sun enfant,sun,marine,22,,,,sunenfant
19,Sun,"Couleur:color:0, Pointure:select:1","Color:color:0, Size:select:1","Marine:0, 23:1","Marine:0, 23:1",,sun-marine-23,SUN-EN-MA23,Couleur:color:0,Pointure:select:1,Marine:0,0,23:1,1,,,,,,https://cata.meduse.co/enfants/sandales/sun/marine/sandales-enfant-sun-marine-cote.jpg,1,,,,,15,Sun,,sun-marine-23,Couleur,Pointure,Marine,15,23,6,1,12,,,,,,Sandales enfant,Enfant,Sandale,sun enfant,sun,marine,23,,,,sunenfant
19,Sun,"Couleur:color:0, Pointure:select:1","Color:color:0, Size:select:1","Marine:0, 24:1","Marine:0, 24:1",,sun-marine-24,SUN-EN-MA24,Couleur:color:0,Pointure:select:1,Marine:0,0,24:1,1,,,,,,https://cata.meduse.co/enfants/sandales/sun/marine/sandales-enfant-sun-marine-cote.jpg,1,,,,,15,Sun,,sun-marine-24,Couleur,Pointure,Marine,15,24,7,1,12,,,,,,Sandales enfant,Enfant,Sandale,sun enfant,sun,marine,24,,,,sunenfant
19,Sun,"Couleur:color:0, Pointure:select:1","Color:color:0, Size:select:1","Marine:0, 25:1","Marine:0, 25:1",,sun-marine-25,SUN-EN-MA25,Couleur:color:0,Pointure:select:1,Marine:0,0,25:1,1,,,,,,https://cata.meduse.co/enfants/sandales/sun/marine/sandales-enfant-sun-marine-cote.jpg,1,,,,,15,Sun,,sun-marine-25,Couleur,Pointure,Marine,15,25,8,1,12,,,,,,Sandales enfant,Enfant,Sandale,sun enfant,sun,marine,25,,,,sunenfant
19,Sun,"Couleur:color:0, Pointure:select:1","Color:color:0, Size:select:1","Marine:0, 26:1","Marine:0, 26:1",,sun-marine-26,SUN-EN-MA26,Couleur:color:0,Pointure:select:1,Marine:0,0,26:1,1,,,,,,https://cata.meduse.co/enfants/sandales/sun/marine/sandales-enfant-sun-marine-cote.jpg,1,,,,,15,Sun,,sun-marine-26,Couleur,Pointure,Marine,15,26,9,1,12,,,,,,Sandales enfant,Enfant,Sandale,sun enfant,sun,marine,26,,,,sunenfant
19,Sun,"Couleur:color:0, Pointure:select:1","Color:color:0, Size:select:1","Marine:0, 27:1","Marine:0, 27:1",,sun-marine-27,SUN-EN-MA27,Couleur:color:0,Pointure:select:1,Marine:0,0,27:1,1,,,,,,https://cata.meduse.co/enfants/sandales/sun/marine/sandales-enfant-sun-marine-cote.jpg,1,,,,,15,Sun,,sun-marine-27,Couleur,Pointure,Marine,15,27,10,1,12,,,,,,Sandales enfant,Enfant,Sandale,sun enfant,sun,marine,27,,,,sunenfant
19,Sun,"Couleur:color:0, Pointure:select:1","Color:color:0, Size:select:1","Marine:0, 28:1","Marine:0, 28:1",,sun-marine-28,SUN-EN-MA28,Couleur:color:0,Pointure:select:1,Marine:0,3,28:1,1,,,,,,https://cata.meduse.co/enfants/sandales/sun/marine/sandales-enfant-sun-marine-cote.jpg,1,,,,,15,Sun,,sun-marine-28,Couleur,Pointure,Marine,15,28,11,1,15,,,,,,Sandales enfant,Enfant,Sandale,sun enfant,sun,marine,28,,,,sunenfant
19,Sun,"Couleur:color:0, Pointure:select:1","Color:color:0, Size:select:1","Marine:0, 29:1","Marine:0, 29:1",,sun-marine-29,SUN-EN-MA29,Couleur:color:0,Pointure:select:1,Marine:0,3,29:1,1,,,,,,https://cata.meduse.co/enfants/sandales/sun/marine/sandales-enfant-sun-marine-cote.jpg,1,,,,,15,Sun,,sun-marine-29,Couleur,Pointure,Marine,15,29,12,1,15,,,,,,Sandales enfant,Enfant,Sandale,sun enfant,sun,marine,29,,,,sunenfant
19,Sun,"Couleur:color:0, Pointure:select:1","Color:color:0, Size:select:1","Marine:0, 30:1","Marine:0, 30:1",,sun-marine-30,SUN-EN-MA30,Couleur:color:0,Pointure:select:1,Marine:0,3,30:1,1,,,,,,https://cata.meduse.co/enfants/sandales/sun/marine/sandales-enfant-sun-marine-cote.jpg,1,,,,,15,Sun,,sun-marine-30,Couleur,Pointure,Marine,15,30,13,1,15,,,,,,Sandales enfant,Enfant,Sandale,sun enfant,sun,marine,30,,,,sunenfant
