52,Jutam,"Couleur:color:0, Pointure:select:1","Color:color:0, Size:select:1","Fuchsia:0, 36:1","Fuchsia:0, 36:1",,jutam-fuchsia-36,JUTAM-FE-FU36,Couleur:color:0,Pointure:select:1,Fuchsia:0,0,36:1,1,,,0,,,,1,,,,,52,Jutam,,jutam-fuchsia-36,Couleur,Pointure,Fuchsia,3,36,2,1,21,,,,,,Sandales femme,Femme,Sandale,jutam femme,jutam,fuchsia,36,,,,jutamfemme
52,Jutam,"Couleur:color:0, Pointure:select:1","Color:color:0, Size:select:1","Fuchsia:0, 37:1","Fuchsia:0, 37:1",,jutam-fuchsia-37,JUTAM-FE-FU37,Couleur:color:0,Pointure:select:1,Fuchsia:0,0,37:1,1,,,0,,,,1,,,,,52,Jutam,,jutam-fuchsia-37,Couleur,Pointure,Fuchsia,3,37,3,1,21,,,,,,Sandales femme,Femme,Sandale,jutam femme,jutam,fuchsia,37,,,,jutamfemme
52,Jutam,"Couleur:color:0, Pointure:select:1","Color:color:0, Size:select:1","Fuchsia:0, 38:1","Fuchsia:0, 38:1",,jutam-fuchsia-38,JUTAM-FE-FU38,Couleur:color:0,Pointure:select:1,Fuchsia:0,0,38:1,1,,,0,,,,1,,,,,52,Jutam,,jutam-fuchsia-38,Couleur,Pointure,Fuchsia,3,38,4,1,21,,,,,,Sandales femme,Femme,Sandale,jutam femme,jutam,fuchsia,38,,,,jutamfemme
52,Jutam,"Couleur:color:0, Pointure:select:1","Color:color:0, Size:select:1","Fuchsia:0, 39:1","Fuchsia:0, 39:1",,jutam-fuchsia-39,JUTAM-FE-FU39,Couleur:color:0,Pointure:select:1,Fuchsia:0,0,39:1,1,,,0,,,,1,,,,,52,Jutam,,jutam-fuchsia-39,Couleur,Pointure,Fuchsia,3,39,5,1,21,,,,,,Sandales femme,Femme,Sandale,jutam femme,jutam,fuchsia,39,,,,jutamfemme
52,Jutam,"Couleur:color:0, Pointure:select:1","Color:color:0, Size:select:1","Fuchsia:0, 40:1","Fuchsia:0, 40:1",,jutam-fuchsia-40,JUTAM-FE-FU40,Couleur:color:0,Pointure:select:1,Fuchsia:0,0,40:1,1,,,0,,,,1,,,,,52,Jutam,,jutam-fuchsia-40,Couleur,Pointure,Fuchsia,3,40,6,1,21,,,,,,Sandales femme,Femme,Sandale,jutam femme,jutam,fuchsia,40,,,,jutamfemme
52,Jutam,"Couleur:color:0, Pointure:select:1","Color:color:0, Size:select:1","Fuchsia:0, 41:1","Fuchsia:0, 41:1",,jutam-fuchsia-41,JUTAM-FE-FU41,Couleur:color:0,Pointure:select:1,Fuchsia:0,0,41:1,1,,,0,,,,1,,,,,52,Jutam,,jutam-fuchsia-41,Couleur,Pointure,Fuchsia,3,41,7,1,21,,,,,,Sandales femme,Femme,Sandale,jutam femme,jutam,fuchsia,41,,,,jutamfemme
52,Jutam,"Couleur:color:0, Pointure:select:1","Color:color:0, Size:select:1","Marine:0, 35:1","Marine:0, 35:1",,jutam-marine-35,JUTAM-FE-MA35,Couleur:color:0,Pointure:select:1,Marine:0,0,35:1,1,,,0,,4,https://cata.meduse.co/femmes/sandales/jutam/marine/sandales-femme-jutam-marine-cote.jpg,1,,,,,52,Jutam,,jutam-marine-35,Couleur,Pointure,Marine,4,35,1,1,21,,,,,,Sandales femme,Femme,Sandale,jutam femme,jutam,marine,35,,,,jutamfemme
52,Jutam,"Couleur:color:0, Pointure:select:1","Color:color:0, Size:select:1","Marine:0, 36:1","Marine:0, 36:1",,jutam-marine-36,JUTAM-FE-MA36,Couleur:color:0,Pointure:select:1,Marine:0,0,36:1,1,,,0,,,,1,,,,,52,Jutam,,jutam-marine-36,Couleur,Pointure,Marine,4,36,2,1,21,,,,,,Sandales femme,Femme,Sandale,jutam femme,jutam,marine,36,,,,jutamfemme
52,Jutam,"Couleur:color:0, Pointure:select:1","Color:color:0, Size:select:1","Marine:0, 37:1","Marine:0, 37:1",,jutam-marine-37,JUTAM-FE-MA37,Couleur:color:0,Pointure:select:1,Marine:0,0,37:1,1,,,0,,,,1,,,,,52,Jutam,,jutam-marine-37,Couleur,Pointure,Marine,4,37,3,1,21,,,,,,Sandales femme,Femme,Sandale,jutam femme,jutam,marine,37,,,,jutamfemme
52,Jutam,"Couleur:color:0, Pointure:select:1","Color:color:0, Size:select:1","Marine:0, 38:1","Marine:0, 38:1",,jutam-marine-38,JUTAM-FE-MA38,Couleur:color:0,Pointure:select:1,Marine:0,0,38:1,1,,,0,,,,1,,,,,52,Jutam,,jutam-marine-38,Couleur,Pointure,Marine,4,38,4,1,21,,,,,,Sandales femme,Femme,Sandale,jutam femme,jutam,marine,38,,,,jutamfemme
52,Jutam,"Couleur:color:0, Pointure:select:1","Color:color:0, Size:select:1","Marine:0, 39:1","Marine:0, 39:1",,jutam-marine-39,JUTAM-FE-MA39,Couleur:color:0,Pointure:select:1,Marine:0,0,39:1,1,,,0,,,,1,,,,,52,Jutam,,jutam-marine-39,Couleur,Pointure,Marine,4,39,5,1,21,,,,,,Sandales femme,Femme,Sandale,jutam femme,jutam,marine,39,,,,jutamfemme
52,Jutam,"Couleur:color:0, Pointure:select:1","Color:color:0, Size:select:1","Marine:0, 40:1","Marine:0, 40:1",,jutam-marine-40,JUTAM-FE-MA40,Couleur:color:0,Pointure:select:1,Marine:0,0,40:1,1,,,0,,,,1,,,,,52,Jutam,,jutam-marine-40,Couleur,Pointure,Marine,4,40,6,1,21,,,,,,Sandales femme,Femme,Sandale,jutam femme,jutam,marine,40,,,,jutamfemme
52,Jutam,"Couleur:color:0, Pointure:select:1","Color:color:0, Size:select:1","Marine:0, 41:1","Marine:0, 41:1",,jutam-marine-41,JUTAM-FE-MA41,Couleur:color:0,Pointure:select:1,Marine:0,0,41:1,1,,,0,,,,1,,,,,52,Jutam,,jutam-marine-41,Couleur,Pointure,Marine,4,41,7,1,21,,,,,,Sandales femme,Femme,Sandale,jutam femme,jutam,marine,41,,,,jutamfemme
52,Jutam,"Couleur:color:0, Pointure:select:1","Color:color:0, Size:select:1","Paille:0, 35:1","Paille:0, 35:1",,jutam-paille-35,JUTAM-FE-PA35,Couleur:color:0,Pointure:select:1,Paille:0,0,35:1,1,,,0,,5,https://cata.meduse.co/femmes/sandales/jutam/paille/sandales-femme-jutam-paille-cote.jpg,1,,,,,52,Jutam,,jutam-paille-35,Couleur,Pointure,Paille,5,35,1,1,21,,,,,,Sandales femme,Femme,Sandale,jutam femme,jutam,paille,35,,,,jutamfemme
52,Jutam,"Couleur:color:0, Pointure:select:1","Color:color:0, Size:select:1","Paille:0, 36:1","Paille:0, 36:1",,jutam-paille-36,JUTAM-FE-PA36,Couleur:color:0,Pointure:select:1,Paille:0,0,36:1,1,,,0,,,,1,,,,,52,Jutam,,jutam-paille-36,Couleur,Pointure,Paille,5,36,2,1,21,,,,,,Sandales femme,Femme,Sandale,jutam femme,jutam,paille,36,,,,jutamfemme
52,Jutam,"Couleur:color:0, Pointure:select:1","Color:color:0, Size:select:1","Paille:0, 37:1","Paille:0, 37:1",,jutam-paille-37,JUTAM-FE-PA37,Couleur:color:0,Pointure:select:1,Paille:0,0,37:1,1,,,0,,,,1,,,,,52,Jutam,,jutam-paille-37,Couleur,Pointure,Paille,5,37,3,1,21,,,,,,Sandales femme,Femme,Sandale,jutam femme,jutam,paille,37,,,,jutamfemme
52,Jutam,"Couleur:color:0, Pointure:select:1","Color:color:0, Size:select:1","Paille:0, 38:1","Paille:0, 38:1",,jutam-paille-38,JUTAM-FE-PA38,Couleur:color:0,Pointure:select:1,Paille:0,0,38:1,1,,,0,,,,1,,,,,52,Jutam,,jutam-paille-38,Couleur,Pointure,Paille,5,38,4,1,21,,,,,,Sandales femme,Femme,Sandale,jutam femme,jutam,paille,38,,,,jutamfemme
52,Jutam,"Couleur:color:0, Pointure:select:1","Color:color:0, Size:select:1","Paille:0, 39:1","Paille:0, 39:1",,jutam-paille-39,JUTAM-FE-PA39,Couleur:color:0,Pointure:select:1,Paille:0,0,39:1,1,,,0,,,,1,,,,,52,Jutam,,jutam-paille-39,Couleur,Pointure,Paille,5,39,5,1,21,,,,,,Sandales femme,Femme,Sandale,jutam femme,jutam,paille,39,,,,jutamfemme
52,Jutam,"Couleur:color:0, Pointure:select:1","Color:color:0, Size:select:1","Paille:0, 40:1","Paille:0, 40:1",,jutam-paille-40,JUTAM-FE-PA40,Couleur:color:0,Pointure:select:1,Paille:0,0,40:1,1,,,0,,,,1,,,,,52,Jutam,,jutam-paille-40,Couleur,Pointure,Paille,5,40,6,1,21,,,,,,Sandales femme,Femme,Sandale,jutam femme,jutam,paille,40,,,,jutamfemme
52,Jutam,"Couleur:color:0, Pointure:select:1","Color:color:0, Size:select:1","Paille:0, 41:1","Paille:0, 41:1",,jutam-paille-41,JUTAM-FE-PA41,Couleur:color:0,Pointure:select:1,Paille:0,0,41:1,1,,,0,,,,1,,,,,52,Jutam,,jutam-paille-41,Couleur,Pointure,Paille,5,41,7,1,21,,,,,,Sandales femme,Femme,Sandale,jutam femme,jutam,paille,41,,,,jutamfemme
52,Jutam,"Couleur:color:0, Pointure:select:1","Color:color:0, Size:select:1","Saumon:0, 35:1","Saumon:0, 35:1",,jutam-saumon-35,JUTAM-FE-SA35,Couleur:color:0,Pointure:select:1,Saumon:0,0,35:1,1,,,0,,6,https://cata.meduse.co/femmes/sandales/jutam/saumon/sandales-femme-jutam-saumon-cote.jpg,1,,,,,52,Jutam,,jutam-saumon-35,Couleur,Pointure,Saumon,6,35,1,1,21,,,,,,Sandales femme,Femme,Sandale,jutam femme,jutam,saumon,35,,,,jutamfemme
52,Jutam,"Couleur:color:0, Pointure:select:1","Color:color:0, Size:select:1","Saumon:0, 36:1","Saumon:0, 36:1",,jutam-saumon-36,JUTAM-FE-SA36,Couleur:color:0,Pointure:select:1,Saumon:0,0,36:1,1,,,0,,,,1,,,,,52,Jutam,,jutam-saumon-36,Couleur,Pointure,Saumon,6,36,2,1,21,,,,,,Sandales femme,Femme,Sandale,jutam femme,jutam,saumon,36,,,,jutamfemme
52,Jutam,"Couleur:color:0, Pointure:select:1","Color:color:0, Size:select:1","Saumon:0, 37:1","Saumon:0, 37:1",,jutam-saumon-37,JUTAM-FE-SA37,Couleur:color:0,Pointure:select:1,Saumon:0,0,37:1,1,,,0,,,,1,,,,,52,Jutam,,jutam-saumon-37,Couleur,Pointure,Saumon,6,37,3,1,21,,,,,,Sandales femme,Femme,Sandale,jutam femme,jutam,saumon,37,,,,jutamfemme
52,Jutam,"Couleur:color:0, Pointure:select:1","Color:color:0, Size:select:1","Saumon:0, 38:1","Saumon:0, 38:1",,jutam-saumon-38,JUTAM-FE-SA38,Couleur:color:0,Pointure:select:1,Saumon:0,0,38:1,1,,,0,,,,1,,,,,52,Jutam,,jutam-saumon-38,Couleur,Pointure,Saumon,6,38,4,1,21,,,,,,Sandales femme,Femme,Sandale,jutam femme,jutam,saumon,38,,,,jutamfemme
52,Jutam,"Couleur:color:0, Pointure:select:1","Color:color:0, Size:select:1","Saumon:0, 39:1","Saumon:0, 39:1",,jutam-saumon-39,JUTAM-FE-SA39,Couleur:color:0,Pointure:select:1,Saumon:0,0,39:1,1,,,0,,,,1,,,,,52,Jutam,,jutam-saumon-39,Couleur,Pointure,Saumon,6,39,5,1,21,,,,,,Sandales femme,Femme,Sandale,jutam femme,jutam,saumon,39,,,,jutamfemme
52,Jutam,"Couleur:color:0, Pointure:select:1","Color:color:0, Size:select:1","Saumon:0, 40:1","Saumon:0, 40:1",,jutam-saumon-40,JUTAM-FE-SA40,Couleur:color:0,Pointure:select:1,Saumon:0,0,40:1,1,,,0,,,,1,,,,,52,Jutam,,jutam-saumon-40,Couleur,Pointure,Saumon,6,40,6,1,21,,,,,,Sandales femme,Femme,Sandale,jutam femme,jutam,saumon,40,,,,jutamfemme
52,Jutam,"Couleur:color:0, Pointure:select:1","Color:color:0, Size:select:1","Saumon:0, 41:1","Saumon:0, 41:1",,jutam-saumon-41,JUTAM-FE-SA41,Couleur:color:0,Pointure:select:1,Saumon:0,0,41:1,1,,,0,,,,1,,,,,52,Jutam,,jutam-saumon-41,Couleur,Pointure,Saumon,6,41,7,1,21,,,,,,Sandales femme,Femme,Sandale,jutam femme,jutam,saumon,41,,,,jutamfemme
52,Jutam,"Couleur:color:0, Pointure:select:1","Color:color:0, Size:select:1","Vert d'eau:0, 35:1","Vert d'eau:0, 35:1",,jutam-vert-d-eau-35,JUTAM-FE-VEDEA35,Couleur:color:0,Pointure:select:1,Vert d'eau:0,0,35:1,1,,,0,,7,https://cata.meduse.co/femmes/sandales/jutam/vert-d-eau/sandales-femme-jutam-vert-d-eau-cote.jpg,1,,,,,52,Jutam,,jutam-vert-d-eau-35,Couleur,Pointure,Vert d'eau,7,35,1,1,21,,,,,,Sandales femme,Femme,Sandale,jutam femme,jutam,vert,d,eau,35,,jutamfemme
52,Jutam,"Couleur:color:0, Pointure:select:1","Color:color:0, Size:select:1","Vert d'eau:0, 36:1","Vert d'eau:0, 36:1",,jutam-vert-d-eau-36,JUTAM-FE-VEDEA36,Couleur:color:0,Pointure:select:1,Vert d'eau:0,0,36:1,1,,,0,,,,1,,,,,52,Jutam,,jutam-vert-d-eau-36,Couleur,Pointure,Vert d'eau,7,36,2,1,21,,,,,,Sandales femme,Femme,Sandale,jutam femme,jutam,vert,d,eau,36,,jutamfemme
52,Jutam,"Couleur:color:0, Pointure:select:1","Color:color:0, Size:select:1","Vert d'eau:0, 37:1","Vert d'eau:0, 37:1",,jutam-vert-d-eau-37,JUTAM-FE-VEDEA37,Couleur:color:0,Pointure:select:1,Vert d'eau:0,0,37:1,1,,,0,,,,1,,,,,52,Jutam,,jutam-vert-d-eau-37,Couleur,Pointure,Vert d'eau,7,37,3,1,21,,,,,,Sandales femme,Femme,Sandale,jutam femme,jutam,vert,d,eau,37,,jutamfemme
52,Jutam,"Couleur:color:0, Pointure:select:1","Color:color:0, Size:select:1","Vert d'eau:0, 38:1","Vert d'eau:0, 38:1",,jutam-vert-d-eau-38,JUTAM-FE-VEDEA38,Couleur:color:0,Pointure:select:1,Vert d'eau:0,0,38:1,1,,,0,,,,1,,,,,52,Jutam,,jutam-vert-d-eau-38,Couleur,Pointure,Vert d'eau,7,38,4,1,21,,,,,,Sandales femme,Femme,Sandale,jutam femme,jutam,vert,d,eau,38,,jutamfemme
52,Jutam,"Couleur:color:0, Pointure:select:1","Color:color:0, Size:select:1","Vert d'eau:0, 39:1","Vert d'eau:0, 39:1",,jutam-vert-d-eau-39,JUTAM-FE-VEDEA39,Couleur:color:0,Pointure:select:1,Vert d'eau:0,0,39:1,1,,,0,,,,1,,,,,52,Jutam,,jutam-vert-d-eau-39,Couleur,Pointure,Vert d'eau,7,39,5,1,21,,,,,,Sandales femme,Femme,Sandale,jutam femme,jutam,vert,d,eau,39,,jutamfemme
52,Jutam,"Couleur:color:0, Pointure:select:1","Color:color:0, Size:select:1","Vert d'eau:0, 40:1","Vert d'eau:0, 40:1",,jutam-vert-d-eau-40,JUTAM-FE-VEDEA40,Couleur:color:0,Pointure:select:1,Vert d'eau:0,0,40:1,1,,,0,,,,1,,,,,52,Jutam,,jutam-vert-d-eau-40,Couleur,Pointure,Vert d'eau,7,40,6,1,21,,,,,,Sandales femme,Femme,Sandale,jutam femme,jutam,vert,d,eau,40,,jutamfemme
52,Jutam,"Couleur:color:0, Pointure:select:1","Color:color:0, Size:select:1","Vert d'eau:0, 41:1","Vert d'eau:0, 41:1",,jutam-vert-d-eau-41,JUTAM-FE-VEDEA41,Couleur:color:0,Pointure:select:1,Vert d'eau:0,0,41:1,1,,,0,,,,1,,,,,52,Jutam,,jutam-vert-d-eau-41,Couleur,Pointure,Vert d'eau,7,41,7,1,21,,,,,,Sandales femme,Femme,Sandale,jutam femme,jutam,vert,d,eau,41,,jutamfemme
54,Nikita,"Couleur:color:0, Pointure:select:1","Color:color:0, Size:select:1","Argent pailleté:0, 35:1","Argent pailleté:0, 35:1",,nikita-argent-pailleté-35,NIKITA-FE-ARPA35,Couleur:color:0,Pointure:select:1,Argent pailleté:0,0,35:1,1,,,1,,1,https://cata.meduse.co/femmes/sandales/nikita/argent-paillete/sandales-femme-nikita-argent-paillete-cote.jpg,1,,,,,54,Nikita,,nikita-argent-pailleté-35,Couleur,Pointure,Argent pailleté,1,35,1,1,30,,,,,,Sandales femme,Femme,Sandale,nikita femme,nikita,argent,pailleté,35,,,nikitafemme
54,Nikita,"Couleur:color:0, Pointure:select:1","Color:color:0, Size:select:1","Argent pailleté:0, 36:1","Argent pailleté:0, 36:1",,nikita-argent-pailleté-36,NIKITA-FE-ARPA36,Couleur:color:0,Pointure:select:1,Argent pailleté:0,0,36:1,1,,,0,,,,1,,,,,54,Nikita,,nikita-argent-pailleté-36,Couleur,Pointure,Argent pailleté,1,36,2,1,30,,,,,,Sandales femme,Femme,Sandale,nikita femme,nikita,argent,pailleté,36,,,nikitafemme
54,Nikita,"Couleur:color:0, Pointure:select:1","Color:color:0, Size:select:1","Argent pailleté:0, 37:1","Argent pailleté:0, 37:1",,nikita-argent-pailleté-37,NIKITA-FE-ARPA37,Couleur:color:0,Pointure:select:1,Argent pailleté:0,0,37:1,1,,,0,,,,1,,,,,54,Nikita,,nikita-argent-pailleté-37,Couleur,Pointure,Argent pailleté,1,37,3,1,30,,,,,,Sandales femme,Femme,Sandale,nikita femme,nikita,argent,pailleté,37,,,nikitafemme
54,Nikita,"Couleur:color:0, Pointure:select:1","Color:color:0, Size:select:1","Argent pailleté:0, 38:1","Argent pailleté:0, 38:1",,nikita-argent-pailleté-38,NIKITA-FE-ARPA38,Couleur:color:0,Pointure:select:1,Argent pailleté:0,0,38:1,1,,,0,,,,1,,,,,54,Nikita,,nikita-argent-pailleté-38,Couleur,Pointure,Argent pailleté,1,38,4,1,30,,,,,,Sandales femme,Femme,Sandale,nikita femme,nikita,argent,pailleté,38,,,nikitafemme
54,Nikita,"Couleur:color:0, Pointure:select:1","Color:color:0, Size:select:1","Argent pailleté:0, 39:1","Argent pailleté:0, 39:1",,nikita-argent-pailleté-39,NIKITA-FE-ARPA39,Couleur:color:0,Pointure:select:1,Argent pailleté:0,0,39:1,1,,,0,,,,1,,,,,54,Nikita,,nikita-argent-pailleté-39,Couleur,Pointure,Argent pailleté,1,39,5,1,30,,,,,,Sandales femme,Femme,Sandale,nikita femme,nikita,argent,pailleté,39,,,nikitafemme
54,Nikita,"Couleur:color:0, Pointure:select:1","Color:color:0, Size:select:1","Argent pailleté:0, 40:1","Argent pailleté:0, 40:1",,nikita-argent-pailleté-40,NIKITA-FE-ARPA40,Couleur:color:0,Pointure:select:1,Argent pailleté:0,0,40:1,1,,,0,,,,1,,,,,54,Nikita,,nikita-argent-pailleté-40,Couleur,Pointure,Argent pailleté,1,40,6,1,30,,,,,,Sandales femme,Femme,Sandale,nikita femme,nikita,argent,pailleté,40,,,nikitafemme
54,Nikita,"Couleur:color:0, Pointure:select:1","Color:color:0, Size:select:1","Argent pailleté:0, 41:1","Argent pailleté:0, 41:1",,nikita-argent-pailleté-41,NIKITA-FE-ARPA41,Couleur:color:0,Pointure:select:1,Argent pailleté:0,0,41:1,1,,,0,,,,1,,,,,54,Nikita,,nikita-argent-pailleté-41,Couleur,Pointure,Argent pailleté,1,41,7,1,30,,,,,,Sandales femme,Femme,Sandale,nikita femme,nikita,argent,pailleté,41,,,nikitafemme
54,Nikita,"Couleur:color:0, Pointure:select:1","Color:color:0, Size:select:1","Doré pailleté:0, 35:1","Doré pailleté:0, 35:1",,nikita-doré-pailleté-35,NIKITA-FE-DOPA35,Couleur:color:0,Pointure:select:1,Doré pailleté:0,0,35:1,1,,,0,,2,https://cata.meduse.co/femmes/sandales/nikita/dore-paillete/sandales-femme-nikita-dore-paillete-cote.jpg,1,,,,,54,Nikita,,nikita-doré-pailleté-35,Couleur,Pointure,Doré pailleté,2,35,1,1,30,,,,,,Sandales femme,Femme,Sandale,nikita femme,nikita,doré,pailleté,35,,,nikitafemme
54,Nikita,"Couleur:color:0, Pointure:select:1","Color:color:0, Size:select:1","Doré pailleté:0, 36:1","Doré pailleté:0, 36:1",,nikita-doré-pailleté-36,NIKITA-FE-DOPA36,Couleur:color:0,Pointure:select:1,Doré pailleté:0,0,36:1,1,,,0,,,,1,,,,,54,Nikita,,nikita-doré-pailleté-36,Couleur,Pointure,Doré pailleté,2,36,2,1,30,,,,,,Sandales femme,Femme,Sandale,nikita femme,nikita,doré,pailleté,36,,,nikitafemme
54,Nikita,"Couleur:color:0, Pointure:select:1","Color:color:0, Size:select:1","Doré pailleté:0, 37:1","Doré pailleté:0, 37:1",,nikita-doré-pailleté-37,NIKITA-FE-DOPA37,Couleur:color:0,Pointure:select:1,Doré pailleté:0,0,37:1,1,,,0,,,,1,,,,,54,Nikita,,nikita-doré-pailleté-37,Couleur,Pointure,Doré pailleté,2,37,3,1,30,,,,,,Sandales femme,Femme,Sandale,nikita femme,nikita,doré,pailleté,37,,,nikitafemme
54,Nikita,"Couleur:color:0, Pointure:select:1","Color:color:0, Size:select:1","Doré pailleté:0, 38:1","Doré pailleté:0, 38:1",,nikita-doré-pailleté-38,NIKITA-FE-DOPA38,Couleur:color:0,Pointure:select:1,Doré pailleté:0,0,38:1,1,,,0,,,,1,,,,,54,Nikita,,nikita-doré-pailleté-38,Couleur,Pointure,Doré pailleté,2,38,4,1,30,,,,,,Sandales femme,Femme,Sandale,nikita femme,nikita,doré,pailleté,38,,,nikitafemme
54,Nikita,"Couleur:color:0, Pointure:select:1","Color:color:0, Size:select:1","Doré pailleté:0, 39:1","Doré pailleté:0, 39:1",,nikita-doré-pailleté-39,NIKITA-FE-DOPA39,Couleur:color:0,Pointure:select:1,Doré pailleté:0,0,39:1,1,,,0,,,,1,,,,,54,Nikita,,nikita-doré-pailleté-39,Couleur,Pointure,Doré pailleté,2,39,5,1,30,,,,,,Sandales femme,Femme,Sandale,nikita femme,nikita,doré,pailleté,39,,,nikitafemme
54,Nikita,"Couleur:color:0, Pointure:select:1","Color:color:0, Size:select:1","Doré pailleté:0, 40:1","Doré pailleté:0, 40:1",,nikita-doré-pailleté-40,NIKITA-FE-DOPA40,Couleur:color:0,Pointure:select:1,Doré pailleté:0,0,40:1,1,,,0,,,,1,,,,,54,Nikita,,nikita-doré-pailleté-40,Couleur,Pointure,Doré pailleté,2,40,6,1,30,,,,,,Sandales femme,Femme,Sandale,nikita femme,nikita,doré,pailleté,40,,,nikitafemme
54,Nikita,"Couleur:color:0, Pointure:select:1","Color:color:0, Size:select:1","Doré pailleté:0, 41:1","Doré pailleté:0, 41:1",,nikita-doré-pailleté-41,NIKITA-FE-DOPA41,Couleur:color:0,Pointure:select:1,Doré pailleté:0,0,41:1,1,,,0,,,,1,,,,,54,Nikita,,nikita-doré-pailleté-41,Couleur,Pointure,Doré pailleté,2,41,7,1,30,,,,,,Sandales femme,Femme,Sandale,nikita femme,nikita,doré,pailleté,41,,,nikitafemme
54,Nikita,"Couleur:color:0, Pointure:select:1","Color:color:0, Size:select:1","Noir:0, 35:1","Noir:0, 35:1",,nikita-noir-35,NIKITA-FE-NO35,Couleur:color:0,Pointure:select:1,Noir:0,0,35:1,1,,,0,,3,https://cata.meduse.co/femmes/sandales/nikita/noir/sandales-femme-nikita-noir-cote.jpg,1,,,,,54,Nikita,,nikita-noir-35,Couleur,Pointure,Noir,3,35,1,1,30,,,,,,Sandales femme,Femme,Sandale,nikita femme,nikita,noir,35,,,,nikitafemme
54,Nikita,"Couleur:color:0, Pointure:select:1","Color:color:0, Size:select:1","Noir:0, 36:1","Noir:0, 36:1",,nikita-noir-36,NIKITA-FE-NO36,Couleur:color:0,Pointure:select:1,Noir:0,0,36:1,1,,,0,,,,1,,,,,54,Nikita,,nikita-noir-36,Couleur,Pointure,Noir,3,36,2,1,30,,,,,,Sandales femme,Femme,Sandale,nikita femme,nikita,noir,36,,,,nikitafemme
54,Nikita,"Couleur:color:0, Pointure:select:1","Color:color:0, Size:select:1","Noir:0, 37:1","Noir:0, 37:1",,nikita-noir-37,NIKITA-FE-NO37,Couleur:color:0,Pointure:select:1,Noir:0,0,37:1,1,,,0,,,,1,,,,,54,Nikita,,nikita-noir-37,Couleur,Pointure,Noir,3,37,3,1,30,,,,,,Sandales femme,Femme,Sandale,nikita femme,nikita,noir,37,,,,nikitafemme
54,Nikita,"Couleur:color:0, Pointure:select:1","Color:color:0, Size:select:1","Noir:0, 38:1","Noir:0, 38:1",,nikita-noir-38,NIKITA-FE-NO38,Couleur:color:0,Pointure:select:1,Noir:0,0,38:1,1,,,0,,,,1,,,,,54,Nikita,,nikita-noir-38,Couleur,Pointure,Noir,3,38,4,1,30,,,,,,Sandales femme,Femme,Sandale,nikita femme,nikita,noir,38,,,,nikitafemme
54,Nikita,"Couleur:color:0, Pointure:select:1","Color:color:0, Size:select:1","Noir:0, 39:1","Noir:0, 39:1",,nikita-noir-39,NIKITA-FE-NO39,Couleur:color:0,Pointure:select:1,Noir:0,0,39:1,1,,,0,,,,1,,,,,54,Nikita,,nikita-noir-39,Couleur,Pointure,Noir,3,39,5,1,30,,,,,,Sandales femme,Femme,Sandale,nikita femme,nikita,noir,39,,,,nikitafemme
54,Nikita,"Couleur:color:0, Pointure:select:1","Color:color:0, Size:select:1","Noir:0, 40:1","Noir:0, 40:1",,nikita-noir-40,NIKITA-FE-NO40,Couleur:color:0,Pointure:select:1,Noir:0,0,40:1,1,,,0,,,,1,,,,,54,Nikita,,nikita-noir-40,Couleur,Pointure,Noir,3,40,6,1,30,,,,,,Sandales femme,Femme,Sandale,nikita femme,nikita,noir,40,,,,nikitafemme
54,Nikita,"Couleur:color:0, Pointure:select:1","Color:color:0, Size:select:1","Noir:0, 41:1","Noir:0, 41:1",,nikita-noir-41,NIKITA-FE-NO41,Couleur:color:0,Pointure:select:1,Noir:0,0,41:1,1,,,0,,,,1,,,,,54,Nikita,,nikita-noir-41,Couleur,Pointure,Noir,3,41,7,1,30,,,,,,Sandales femme,Femme,Sandale,nikita femme,nikita,noir,41,,,,nikitafemme
54,Nikita,"Couleur:color:0, Pointure:select:1","Color:color:0, Size:select:1","Saumon:0, 35:1","Saumon:0, 35:1",,nikita-saumon-35,NIKITA-FE-SA35,Couleur:color:0,Pointure:select:1,Saumon:0,0,35:1,1,,,0,,4,https://cata.meduse.co/femmes/sandales/nikita/saumon/sandales-femme-nikita-saumon-cote.jpg,1,,,,,54,Nikita,,nikita-saumon-35,Couleur,Pointure,Saumon,4,35,1,1,30,,,,,,Sandales femme,Femme,Sandale,nikita femme,nikita,saumon,35,,,,nikitafemme
54,Nikita,"Couleur:color:0, Pointure:select:1","Color:color:0, Size:select:1","Saumon:0, 36:1","Saumon:0, 36:1",,nikita-saumon-36,NIKITA-FE-SA36,Couleur:color:0,Pointure:select:1,Saumon:0,0,36:1,1,,,0,,,,1,,,,,54,Nikita,,nikita-saumon-36,Couleur,Pointure,Saumon,4,36,2,1,30,,,,,,Sandales femme,Femme,Sandale,nikita femme,nikita,saumon,36,,,,nikitafemme
54,Nikita,"Couleur:color:0, Pointure:select:1","Color:color:0, Size:select:1","Saumon:0, 37:1","Saumon:0, 37:1",,nikita-saumon-37,NIKITA-FE-SA37,Couleur:color:0,Pointure:select:1,Saumon:0,0,37:1,1,,,0,,,,1,,,,,54,Nikita,,nikita-saumon-37,Couleur,Pointure,Saumon,4,37,3,1,30,,,,,,Sandales femme,Femme,Sandale,nikita femme,nikita,saumon,37,,,,nikitafemme
54,Nikita,"Couleur:color:0, Pointure:select:1","Color:color:0, Size:select:1","Saumon:0, 38:1","Saumon:0, 38:1",,nikita-saumon-38,NIKITA-FE-SA38,Couleur:color:0,Pointure:select:1,Saumon:0,0,38:1,1,,,0,,,,1,,,,,54,Nikita,,nikita-saumon-38,Couleur,Pointure,Saumon,4,38,4,1,30,,,,,,Sandales femme,Femme,Sandale,nikita femme,nikita,saumon,38,,,,nikitafemme
54,Nikita,"Couleur:color:0, Pointure:select:1","Color:color:0, Size:select:1","Saumon:0, 39:1","Saumon:0, 39:1",,nikita-saumon-39,NIKITA-FE-SA39,Couleur:color:0,Pointure:select:1,Saumon:0,0,39:1,1,,,0,,,,1,,,,,54,Nikita,,nikita-saumon-39,Couleur,Pointure,Saumon,4,39,5,1,30,,,,,,Sandales femme,Femme,Sandale,nikita femme,nikita,saumon,39,,,,nikitafemme
54,Nikita,"Couleur:color:0, Pointure:select:1","Color:color:0, Size:select:1","Saumon:0, 40:1","Saumon:0, 40:1",,nikita-saumon-40,NIKITA-FE-SA40,Couleur:color:0,Pointure:select:1,Saumon:0,0,40:1,1,,,0,,,,1,,,,,54,Nikita,,nikita-saumon-40,Couleur,Pointure,Saumon,4,40,6,1,30,,,,,,Sandales femme,Femme,Sandale,nikita femme,nikita,saumon,40,,,,nikitafemme
54,Nikita,"Couleur:color:0, Pointure:select:1","Color:color:0, Size:select:1","Saumon:0, 41:1","Saumon:0, 41:1",,nikita-saumon-41,NIKITA-FE-SA41,Couleur:color:0,Pointure:select:1,Saumon:0,0,41:1,1,,,0,,,,1,,,,,54,Nikita,,nikita-saumon-41,Couleur,Pointure,Saumon,4,41,7,1,30,,,,,,Sandales femme,Femme,Sandale,nikita femme,nikita,saumon,41,,,,nikitafemme
54,Nikita,"Couleur:color:0, Pointure:select:1","Color:color:0, Size:select:1","Silver:0, 35:1","Silver:0, 35:1",,nikita-silver-35,NIKITA-FE-SI35,Couleur:color:0,Pointure:select:1,Silver:0,0,35:1,1,,,0,,5,https://cata.meduse.co/femmes/sandales/nikita/silver/sandales-femme-nikita-silver-cote.jpg,1,,,,,54,Nikita,,nikita-silver-35,Couleur,Pointure,Silver,5,35,1,1,30,,,,,,Sandales femme,Femme,Sandale,nikita femme,nikita,silver,35,,,,nikitafemme
54,Nikita,"Couleur:color:0, Pointure:select:1","Color:color:0, Size:select:1","Silver:0, 36:1","Silver:0, 36:1",,nikita-silver-36,NIKITA-FE-SI36,Couleur:color:0,Pointure:select:1,Silver:0,0,36:1,1,,,0,,,,1,,,,,54,Nikita,,nikita-silver-36,Couleur,Pointure,Silver,5,36,2,1,30,,,,,,Sandales femme,Femme,Sandale,nikita femme,nikita,silver,36,,,,nikitafemme
54,Nikita,"Couleur:color:0, Pointure:select:1","Color:color:0, Size:select:1","Silver:0, 37:1","Silver:0, 37:1",,nikita-silver-37,NIKITA-FE-SI37,Couleur:color:0,Pointure:select:1,Silver:0,0,37:1,1,,,0,,,,1,,,,,54,Nikita,,nikita-silver-37,Couleur,Pointure,Silver,5,37,3,1,30,,,,,,Sandales femme,Femme,Sandale,nikita femme,nikita,silver,37,,,,nikitafemme
54,Nikita,"Couleur:color:0, Pointure:select:1","Color:color:0, Size:select:1","Silver:0, 38:1","Silver:0, 38:1",,nikita-silver-38,NIKITA-FE-SI38,Couleur:color:0,Pointure:select:1,Silver:0,0,38:1,1,,,0,,,,1,,,,,54,Nikita,,nikita-silver-38,Couleur,Pointure,Silver,5,38,4,1,30,,,,,,Sandales femme,Femme,Sandale,nikita femme,nikita,silver,38,,,,nikitafemme
54,Nikita,"Couleur:color:0, Pointure:select:1","Color:color:0, Size:select:1","Silver:0, 39:1","Silver:0, 39:1",,nikita-silver-39,NIKITA-FE-SI39,Couleur:color:0,Pointure:select:1,Silver:0,0,39:1,1,,,0,,,,1,,,,,54,Nikita,,nikita-silver-39,Couleur,Pointure,Silver,5,39,5,1,30,,,,,,Sandales femme,Femme,Sandale,nikita femme,nikita,silver,39,,,,nikitafemme
54,Nikita,"Couleur:color:0, Pointure:select:1","Color:color:0, Size:select:1","Silver:0, 40:1","Silver:0, 40:1",,nikita-silver-40,NIKITA-FE-SI40,Couleur:color:0,Pointure:select:1,Silver:0,0,40:1,1,,,0,,,,1,,,,,54,Nikita,,nikita-silver-40,Couleur,Pointure,Silver,5,40,6,1,30,,,,,,Sandales femme,Femme,Sandale,nikita femme,nikita,silver,40,,,,nikitafemme
54,Nikita,"Couleur:color:0, Pointure:select:1","Color:color:0, Size:select:1","Silver:0, 41:1","Silver:0, 41:1",,nikita-silver-41,NIKITA-FE-SI41,Couleur:color:0,Pointure:select:1,Silver:0,0,41:1,1,,,0,,,,1,,,,,54,Nikita,,nikita-silver-41,Couleur,Pointure,Silver,5,41,7,1,30,,,,,,Sandales femme,Femme,Sandale,nikita femme,nikita,silver,41,,,,nikitafemme
54,Nikita,"Couleur:color:0, Pointure:select:1","Color:color:0, Size:select:1","Vert d'eau:0, 35:1","Vert d'eau:0, 35:1",,nikita-vert-d-eau-35,NIKITA-FE-VEDEA35,Couleur:color:0,Pointure:select:1,Vert d'eau:0,0,35:1,1,,,0,,6,https://cata.meduse.co/femmes/sandales/nikita/vert-d-eau/sandales-femme-nikita-vert-d-eau-cote.jpg,1,,,,,54,Nikita,,nikita-vert-d-eau-35,Couleur,Pointure,Vert d'eau,6,35,1,1,30,,,,,,Sandales femme,Femme,Sandale,nikita femme,nikita,vert,d,eau,35,,nikitafemme
54,Nikita,"Couleur:color:0, Pointure:select:1","Color:color:0, Size:select:1","Vert d'eau:0, 36:1","Vert d'eau:0, 36:1",,nikita-vert-d-eau-36,NIKITA-FE-VEDEA36,Couleur:color:0,Pointure:select:1,Vert d'eau:0,0,36:1,1,,,0,,,,1,,,,,54,Nikita,,nikita-vert-d-eau-36,Couleur,Pointure,Vert d'eau,6,36,2,1,30,,,,,,Sandales femme,Femme,Sandale,nikita femme,nikita,vert,d,eau,36,,nikitafemme
54,Nikita,"Couleur:color:0, Pointure:select:1","Color:color:0, Size:select:1","Vert d'eau:0, 37:1","Vert d'eau:0, 37:1",,nikita-vert-d-eau-37,NIKITA-FE-VEDEA37,Couleur:color:0,Pointure:select:1,Vert d'eau:0,0,37:1,1,,,0,,,,1,,,,,54,Nikita,,nikita-vert-d-eau-37,Couleur,Pointure,Vert d'eau,6,37,3,1,30,,,,,,Sandales femme,Femme,Sandale,nikita femme,nikita,vert,d,eau,37,,nikitafemme
54,Nikita,"Couleur:color:0, Pointure:select:1","Color:color:0, Size:select:1","Vert d'eau:0, 38:1","Vert d'eau:0, 38:1",,nikita-vert-d-eau-38,NIKITA-FE-VEDEA38,Couleur:color:0,Pointure:select:1,Vert d'eau:0,0,38:1,1,,,0,,,,1,,,,,54,Nikita,,nikita-vert-d-eau-38,Couleur,Pointure,Vert d'eau,6,38,4,1,30,,,,,,Sandales femme,Femme,Sandale,nikita femme,nikita,vert,d,eau,38,,nikitafemme
54,Nikita,"Couleur:color:0, Pointure:select:1","Color:color:0, Size:select:1","Vert d'eau:0, 39:1","Vert d'eau:0, 39:1",,nikita-vert-d-eau-39,NIKITA-FE-VEDEA39,Couleur:color:0,Pointure:select:1,Vert d'eau:0,0,39:1,1,,,0,,,,1,,,,,54,Nikita,,nikita-vert-d-eau-39,Couleur,Pointure,Vert d'eau,6,39,5,1,30,,,,,,Sandales femme,Femme,Sandale,nikita femme,nikita,vert,d,eau,39,,nikitafemme
54,Nikita,"Couleur:color:0, Pointure:select:1","Color:color:0, Size:select:1","Vert d'eau:0, 40:1","Vert d'eau:0, 40:1",,nikita-vert-d-eau-40,NIKITA-FE-VEDEA40,Couleur:color:0,Pointure:select:1,Vert d'eau:0,0,40:1,1,,,0,,,,1,,,,,54,Nikita,,nikita-vert-d-eau-40,Couleur,Pointure,Vert d'eau,6,40,6,1,30,,,,,,Sandales femme,Femme,Sandale,nikita femme,nikita,vert,d,eau,40,,nikitafemme
54,Nikita,"Couleur:color:0, Pointure:select:1","Color:color:0, Size:select:1","Vert d'eau:0, 41:1","Vert d'eau:0, 41:1",,nikita-vert-d-eau-41,NIKITA-FE-VEDEA41,Couleur:color:0,Pointure:select:1,Vert d'eau:0,0,41:1,1,,,0,,,,1,,,,,54,Nikita,,nikita-vert-d-eau-41,Couleur,Pointure,Vert d'eau,6,41,7,1,30,,,,,,Sandales femme,Femme,Sandale,nikita femme,nikita,vert,d,eau,41,,nikitafemme
55,Sunlight,"Couleur:color:0, Pointure:select:1","Color:color:0, Size:select:1","Bleuté:0, 18:1","Bleuté:0, 18:1",,sunlight-bleuté-18,SUNLIGHT-EN-BL18,Couleur:color:0,Pointure:select:1,Bleuté:0,0,18:1,1,,,1,,1,https://cata.meduse.co/enfants/sandales/sunlight/bleute/sandales-enfant-sunlight-bleute-cote.jpg,1,,,,,55,Sunlight,,sunlight-bleuté-18,Couleur,Pointure,Bleuté,1,18,1,1,12,,,,,,Sandales enfant,Enfant,Sandale,sunlight enfant,sunlight,bleuté,18,,,,sunlightenfant
55,Sunlight,"Couleur:color:0, Pointure:select:1","Color:color:0, Size:select:1","Bleuté:0, 19:1","Bleuté:0, 19:1",,sunlight-bleuté-19,SUNLIGHT-EN-BL19,Couleur:color:0,Pointure:select:1,Bleuté:0,0,19:1,1,,,0,,,,1,,,,,55,Sunlight,,sunlight-bleuté-19,Couleur,Pointure,Bleuté,1,19,2,1,12,,,,,,Sandales enfant,Enfant,Sandale,sunlight enfant,sunlight,bleuté,19,,,,sunlightenfant
55,Sunlight,"Couleur:color:0, Pointure:select:1","Color:color:0, Size:select:1","Bleuté:0, 20:1","Bleuté:0, 20:1",,sunlight-bleuté-20,SUNLIGHT-EN-BL20,Couleur:color:0,Pointure:select:1,Bleuté:0,0,20:1,1,,,0,,,,1,,,,,55,Sunlight,,sunlight-bleuté-20,Couleur,Pointure,Bleuté,1,20,3,1,12,,,,,,Sandales enfant,Enfant,Sandale,sunlight enfant,sunlight,bleuté,20,,,,sunlightenfant
55,Sunlight,"Couleur:color:0, Pointure:select:1","Color:color:0, Size:select:1","Bleuté:0, 21:1","Bleuté:0, 21:1",,sunlight-bleuté-21,SUNLIGHT-EN-BL21,Couleur:color:0,Pointure:select:1,Bleuté:0,0,21:1,1,,,0,,,,1,,,,,55,Sunlight,,sunlight-bleuté-21,Couleur,Pointure,Bleuté,1,21,4,1,12,,,,,,Sandales enfant,Enfant,Sandale,sunlight enfant,sunlight,bleuté,21,,,,sunlightenfant
55,Sunlight,"Couleur:color:0, Pointure:select:1","Color:color:0, Size:select:1","Bleuté:0, 22:1","Bleuté:0, 22:1",,sunlight-bleuté-22,SUNLIGHT-EN-BL22,Couleur:color:0,Pointure:select:1,Bleuté:0,0,22:1,1,,,0,,,,1,,,,,55,Sunlight,,sunlight-bleuté-22,Couleur,Pointure,Bleuté,1,22,5,1,12,,,,,,Sandales enfant,Enfant,Sandale,sunlight enfant,sunlight,bleuté,22,,,,sunlightenfant
55,Sunlight,"Couleur:color:0, Pointure:select:1","Color:color:0, Size:select:1","Bleuté:0, 23:1","Bleuté:0, 23:1",,sunlight-bleuté-23,SUNLIGHT-EN-BL23,Couleur:color:0,Pointure:select:1,Bleuté:0,0,23:1,1,,,0,,,,1,,,,,55,Sunlight,,sunlight-bleuté-23,Couleur,Pointure,Bleuté,1,23,6,1,12,,,,,,Sandales enfant,Enfant,Sandale,sunlight enfant,sunlight,bleuté,23,,,,sunlightenfant
55,Sunlight,"Couleur:color:0, Pointure:select:1","Color:color:0, Size:select:1","Bleuté:0, 24:1","Bleuté:0, 24:1",,sunlight-bleuté-24,SUNLIGHT-EN-BL24,Couleur:color:0,Pointure:select:1,Bleuté:0,3,24:1,1,,,0,,,,1,,,,,55,Sunlight,,sunlight-bleuté-24,Couleur,Pointure,Bleuté,1,24,7,1,15,,,,,,Sandales enfant,Enfant,Sandale,sunlight enfant,sunlight,bleuté,24,,,,sunlightenfant
55,Sunlight,"Couleur:color:0, Pointure:select:1","Color:color:0, Size:select:1","Bleuté:0, 25:1","Bleuté:0, 25:1",,sunlight-bleuté-25,SUNLIGHT-EN-BL25,Couleur:color:0,Pointure:select:1,Bleuté:0,3,25:1,1,,,0,,,,1,,,,,55,Sunlight,,sunlight-bleuté-25,Couleur,Pointure,Bleuté,1,25,8,1,15,,,,,,Sandales enfant,Enfant,Sandale,sunlight enfant,sunlight,bleuté,25,,,,sunlightenfant
55,Sunlight,"Couleur:color:0, Pointure:select:1","Color:color:0, Size:select:1","Bleuté:0, 26:1","Bleuté:0, 26:1",,sunlight-bleuté-26,SUNLIGHT-EN-BL26,Couleur:color:0,Pointure:select:1,Bleuté:0,3,26:1,1,,,0,,,,1,,,,,55,Sunlight,,sunlight-bleuté-26,Couleur,Pointure,Bleuté,1,26,9,1,15,,,,,,Sandales enfant,Enfant,Sandale,sunlight enfant,sunlight,bleuté,26,,,,sunlightenfant
55,Sunlight,"Couleur:color:0, Pointure:select:1","Color:color:0, Size:select:1","Bleuté:0, 27:1","Bleuté:0, 27:1",,sunlight-bleuté-27,SUNLIGHT-EN-BL27,Couleur:color:0,Pointure:select:1,Bleuté:0,3,27:1,1,,,0,,,,1,,,,,55,Sunlight,,sunlight-bleuté-27,Couleur,Pointure,Bleuté,1,27,10,1,15,,,,,,Sandales enfant,Enfant,Sandale,sunlight enfant,sunlight,bleuté,27,,,,sunlightenfant
55,Sunlight,"Couleur:color:0, Pointure:select:1","Color:color:0, Size:select:1","Bleuté:0, 28:1","Bleuté:0, 28:1",,sunlight-bleuté-28,SUNLIGHT-EN-BL28,Couleur:color:0,Pointure:select:1,Bleuté:0,6,28:1,1,,,0,,,,1,,,,,55,Sunlight,,sunlight-bleuté-28,Couleur,Pointure,Bleuté,1,28,11,1,18,,,,,,Sandales enfant,Enfant,Sandale,sunlight enfant,sunlight,bleuté,28,,,,sunlightenfant
55,Sunlight,"Couleur:color:0, Pointure:select:1","Color:color:0, Size:select:1","Bleuté:0, 29:1","Bleuté:0, 29:1",,sunlight-bleuté-29,SUNLIGHT-EN-BL29,Couleur:color:0,Pointure:select:1,Bleuté:0,6,29:1,1,,,0,,,,1,,,,,55,Sunlight,,sunlight-bleuté-29,Couleur,Pointure,Bleuté,1,29,12,1,18,,,,,,Sandales enfant,Enfant,Sandale,sunlight enfant,sunlight,bleuté,29,,,,sunlightenfant
55,Sunlight,"Couleur:color:0, Pointure:select:1","Color:color:0, Size:select:1","Bleuté:0, 30:1","Bleuté:0, 30:1",,sunlight-bleuté-30,SUNLIGHT-EN-BL30,Couleur:color:0,Pointure:select:1,Bleuté:0,6,30:1,1,,,0,,,,1,,,,,55,Sunlight,,sunlight-bleuté-30,Couleur,Pointure,Bleuté,1,30,13,1,18,,,,,,Sandales enfant,Enfant,Sandale,sunlight enfant,sunlight,bleuté,30,,,,sunlightenfant
55,Sunlight,"Couleur:color:0, Pointure:select:1","Color:color:0, Size:select:1","Bleuté:0, 31:1","Bleuté:0, 31:1",,sunlight-bleuté-31,SUNLIGHT-EN-BL31,Couleur:color:0,Pointure:select:1,Bleuté:0,6,31:1,1,,,0,,,,1,,,,,55,Sunlight,,sunlight-bleuté-31,Couleur,Pointure,Bleuté,1,31,14,1,18,,,,,,Sandales enfant,Enfant,Sandale,sunlight enfant,sunlight,bleuté,31,,,,sunlightenfant
55,Sunlight,"Couleur:color:0, Pointure:select:1","Color:color:0, Size:select:1","Bleuté:0, 32:1","Bleuté:0, 32:1",,sunlight-bleuté-32,SUNLIGHT-EN-BL32,Couleur:color:0,Pointure:select:1,Bleuté:0,6,32:1,1,,,0,,,,1,,,,,55,Sunlight,,sunlight-bleuté-32,Couleur,Pointure,Bleuté,1,32,15,1,18,,,,,,Sandales enfant,Enfant,Sandale,sunlight enfant,sunlight,bleuté,32,,,,sunlightenfant
55,Sunlight,"Couleur:color:0, Pointure:select:1","Color:color:0, Size:select:1","Bleuté:0, 33:1","Bleuté:0, 33:1",,sunlight-bleuté-33,SUNLIGHT-EN-BL33,Couleur:color:0,Pointure:select:1,Bleuté:0,6,33:1,1,,,0,,,,1,,,,,55,Sunlight,,sunlight-bleuté-33,Couleur,Pointure,Bleuté,1,33,16,1,18,,,,,,Sandales enfant,Enfant,Sandale,sunlight enfant,sunlight,bleuté,33,,,,sunlightenfant
55,Sunlight,"Couleur:color:0, Pointure:select:1","Color:color:0, Size:select:1","Bleuté:0, 34:1","Bleuté:0, 34:1",,sunlight-bleuté-34,SUNLIGHT-EN-BL34,Couleur:color:0,Pointure:select:1,Bleuté:0,6,34:1,1,,,0,,,,1,,,,,55,Sunlight,,sunlight-bleuté-34,Couleur,Pointure,Bleuté,1,34,17,1,18,,,,,,Sandales enfant,Enfant,Sandale,sunlight enfant,sunlight,bleuté,34,,,,sunlightenfant
55,Sunlight,"Couleur:color:0, Pointure:select:1","Color:color:0, Size:select:1","Corail:0, 18:1","Corail:0, 18:1",,sunlight-corail-18,SUNLIGHT-EN-CO18,Couleur:color:0,Pointure:select:1,Corail:0,0,18:1,1,,,0,,2,https://cata.meduse.co/enfants/sandales/sunlight/corail/sandales-enfant-sunlight-corail-cote.jpg,1,,,,,55,Sunlight,,sunlight-corail-18,Couleur,Pointure,Corail,2,18,1,1,12,,,,,,Sandales enfant,Enfant,Sandale,sunlight enfant,sunlight,corail,18,,,,sunlightenfant
55,Sunlight,"Couleur:color:0, Pointure:select:1","Color:color:0, Size:select:1","Corail:0, 19:1","Corail:0, 19:1",,sunlight-corail-19,SUNLIGHT-EN-CO19,Couleur:color:0,Pointure:select:1,Corail:0,0,19:1,1,,,0,,,,1,,,,,55,Sunlight,,sunlight-corail-19,Couleur,Pointure,Corail,2,19,2,1,12,,,,,,Sandales enfant,Enfant,Sandale,sunlight enfant,sunlight,corail,19,,,,sunlightenfant
55,Sunlight,"Couleur:color:0, Pointure:select:1","Color:color:0, Size:select:1","Corail:0, 20:1","Corail:0, 20:1",,sunlight-corail-20,SUNLIGHT-EN-CO20,Couleur:color:0,Pointure:select:1,Corail:0,0,20:1,1,,,0,,,,1,,,,,55,Sunlight,,sunlight-corail-20,Couleur,Pointure,Corail,2,20,3,1,12,,,,,,Sandales enfant,Enfant,Sandale,sunlight enfant,sunlight,corail,20,,,,sunlightenfant
55,Sunlight,"Couleur:color:0, Pointure:select:1","Color:color:0, Size:select:1","Corail:0, 21:1","Corail:0, 21:1",,sunlight-corail-21,SUNLIGHT-EN-CO21,Couleur:color:0,Pointure:select:1,Corail:0,0,21:1,1,,,0,,,,1,,,,,55,Sunlight,,sunlight-corail-21,Couleur,Pointure,Corail,2,21,4,1,12,,,,,,Sandales enfant,Enfant,Sandale,sunlight enfant,sunlight,corail,21,,,,sunlightenfant
55,Sunlight,"Couleur:color:0, Pointure:select:1","Color:color:0, Size:select:1","Corail:0, 22:1","Corail:0, 22:1",,sunlight-corail-22,SUNLIGHT-EN-CO22,Couleur:color:0,Pointure:select:1,Corail:0,0,22:1,1,,,0,,,,1,,,,,55,Sunlight,,sunlight-corail-22,Couleur,Pointure,Corail,2,22,5,1,12,,,,,,Sandales enfant,Enfant,Sandale,sunlight enfant,sunlight,corail,22,,,,sunlightenfant
55,Sunlight,"Couleur:color:0, Pointure:select:1","Color:color:0, Size:select:1","Corail:0, 23:1","Corail:0, 23:1",,sunlight-corail-23,SUNLIGHT-EN-CO23,Couleur:color:0,Pointure:select:1,Corail:0,0,23:1,1,,,0,,,,1,,,,,55,Sunlight,,sunlight-corail-23,Couleur,Pointure,Corail,2,23,6,1,12,,,,,,Sandales enfant,Enfant,Sandale,sunlight enfant,sunlight,corail,23,,,,sunlightenfant
55,Sunlight,"Couleur:color:0, Pointure:select:1","Color:color:0, Size:select:1","Corail:0, 24:1","Corail:0, 24:1",,sunlight-corail-24,SUNLIGHT-EN-CO24,Couleur:color:0,Pointure:select:1,Corail:0,3,24:1,1,,,0,,,,1,,,,,55,Sunlight,,sunlight-corail-24,Couleur,Pointure,Corail,2,24,7,1,15,,,,,,Sandales enfant,Enfant,Sandale,sunlight enfant,sunlight,corail,24,,,,sunlightenfant
55,Sunlight,"Couleur:color:0, Pointure:select:1","Color:color:0, Size:select:1","Corail:0, 25:1","Corail:0, 25:1",,sunlight-corail-25,SUNLIGHT-EN-CO25,Couleur:color:0,Pointure:select:1,Corail:0,3,25:1,1,,,0,,,,1,,,,,55,Sunlight,,sunlight-corail-25,Couleur,Pointure,Corail,2,25,8,1,15,,,,,,Sandales enfant,Enfant,Sandale,sunlight enfant,sunlight,corail,25,,,,sunlightenfant
55,Sunlight,"Couleur:color:0, Pointure:select:1","Color:color:0, Size:select:1","Corail:0, 26:1","Corail:0, 26:1",,sunlight-corail-26,SUNLIGHT-EN-CO26,Couleur:color:0,Pointure:select:1,Corail:0,3,26:1,1,,,0,,,,1,,,,,55,Sunlight,,sunlight-corail-26,Couleur,Pointure,Corail,2,26,9,1,15,,,,,,Sandales enfant,Enfant,Sandale,sunlight enfant,sunlight,corail,26,,,,sunlightenfant
55,Sunlight,"Couleur:color:0, Pointure:select:1","Color:color:0, Size:select:1","Corail:0, 27:1","Corail:0, 27:1",,sunlight-corail-27,SUNLIGHT-EN-CO27,Couleur:color:0,Pointure:select:1,Corail:0,3,27:1,1,,,0,,,,1,,,,,55,Sunlight,,sunlight-corail-27,Couleur,Pointure,Corail,2,27,10,1,15,,,,,,Sandales enfant,Enfant,Sandale,sunlight enfant,sunlight,corail,27,,,,sunlightenfant
55,Sunlight,"Couleur:color:0, Pointure:select:1","Color:color:0, Size:select:1","Corail:0, 28:1","Corail:0, 28:1",,sunlight-corail-28,SUNLIGHT-EN-CO28,Couleur:color:0,Pointure:select:1,Corail:0,6,28:1,1,,,0,,,,1,,,,,55,Sunlight,,sunlight-corail-28,Couleur,Pointure,Corail,2,28,11,1,18,,,,,,Sandales enfant,Enfant,Sandale,sunlight enfant,sunlight,corail,28,,,,sunlightenfant
55,Sunlight,"Couleur:color:0, Pointure:select:1","Color:color:0, Size:select:1","Corail:0, 29:1","Corail:0, 29:1",,sunlight-corail-29,SUNLIGHT-EN-CO29,Couleur:color:0,Pointure:select:1,Corail:0,6,29:1,1,,,0,,,,1,,,,,55,Sunlight,,sunlight-corail-29,Couleur,Pointure,Corail,2,29,12,1,18,,,,,,Sandales enfant,Enfant,Sandale,sunlight enfant,sunlight,corail,29,,,,sunlightenfant
55,Sunlight,"Couleur:color:0, Pointure:select:1","Color:color:0, Size:select:1","Corail:0, 30:1","Corail:0, 30:1",,sunlight-corail-30,SUNLIGHT-EN-CO30,Couleur:color:0,Pointure:select:1,Corail:0,6,30:1,1,,,0,,,,1,,,,,55,Sunlight,,sunlight-corail-30,Couleur,Pointure,Corail,2,30,13,1,18,,,,,,Sandales enfant,Enfant,Sandale,sunlight enfant,sunlight,corail,30,,,,sunlightenfant
55,Sunlight,"Couleur:color:0, Pointure:select:1","Color:color:0, Size:select:1","Corail:0, 31:1","Corail:0, 31:1",,sunlight-corail-31,SUNLIGHT-EN-CO31,Couleur:color:0,Pointure:select:1,Corail:0,6,31:1,1,,,0,,,,1,,,,,55,Sunlight,,sunlight-corail-31,Couleur,Pointure,Corail,2,31,14,1,18,,,,,,Sandales enfant,Enfant,Sandale,sunlight enfant,sunlight,corail,31,,,,sunlightenfant
55,Sunlight,"Couleur:color:0, Pointure:select:1","Color:color:0, Size:select:1","Corail:0, 32:1","Corail:0, 32:1",,sunlight-corail-32,SUNLIGHT-EN-CO32,Couleur:color:0,Pointure:select:1,Corail:0,6,32:1,1,,,0,,,,1,,,,,55,Sunlight,,sunlight-corail-32,Couleur,Pointure,Corail,2,32,15,1,18,,,,,,Sandales enfant,Enfant,Sandale,sunlight enfant,sunlight,corail,32,,,,sunlightenfant
55,Sunlight,"Couleur:color:0, Pointure:select:1","Color:color:0, Size:select:1","Corail:0, 33:1","Corail:0, 33:1",,sunlight-corail-33,SUNLIGHT-EN-CO33,Couleur:color:0,Pointure:select:1,Corail:0,6,33:1,1,,,0,,,,1,,,,,55,Sunlight,,sunlight-corail-33,Couleur,Pointure,Corail,2,33,16,1,18,,,,,,Sandales enfant,Enfant,Sandale,sunlight enfant,sunlight,corail,33,,,,sunlightenfant
55,Sunlight,"Couleur:color:0, Pointure:select:1","Color:color:0, Size:select:1","Corail:0, 34:1","Corail:0, 34:1",,sunlight-corail-34,SUNLIGHT-EN-CO34,Couleur:color:0,Pointure:select:1,Corail:0,6,34:1,1,,,0,,,,1,,,,,55,Sunlight,,sunlight-corail-34,Couleur,Pointure,Corail,2,34,17,1,18,,,,,,Sandales enfant,Enfant,Sandale,sunlight enfant,sunlight,corail,34,,,,sunlightenfant
55,Sunlight,"Couleur:color:0, Pointure:select:1","Color:color:0, Size:select:1","Vert:0, 18:1","Vert:0, 18:1",,sunlight-vert-18,SUNLIGHT-EN-VE18,Couleur:color:0,Pointure:select:1,Vert:0,0,18:1,1,,,0,,3,https://cata.meduse.co/enfants/sandales/sunlight/vert/sandales-enfant-sunlight-vert-cote.jpg,1,,,,,55,Sunlight,,sunlight-vert-18,Couleur,Pointure,Vert,3,18,1,1,12,,,,,,Sandales enfant,Enfant,Sandale,sunlight enfant,sunlight,vert,18,,,,sunlightenfant
55,Sunlight,"Couleur:color:0, Pointure:select:1","Color:color:0, Size:select:1","Vert:0, 19:1","Vert:0, 19:1",,sunlight-vert-19,SUNLIGHT-EN-VE19,Couleur:color:0,Pointure:select:1,Vert:0,0,19:1,1,,,0,,,,1,,,,,55,Sunlight,,sunlight-vert-19,Couleur,Pointure,Vert,3,19,2,1,12,,,,,,Sandales enfant,Enfant,Sandale,sunlight enfant,sunlight,vert,19,,,,sunlightenfant
55,Sunlight,"Couleur:color:0, Pointure:select:1","Color:color:0, Size:select:1","Vert:0, 20:1","Vert:0, 20:1",,sunlight-vert-20,SUNLIGHT-EN-VE20,Couleur:color:0,Pointure:select:1,Vert:0,0,20:1,1,,,0,,,,1,,,,,55,Sunlight,,sunlight-vert-20,Couleur,Pointure,Vert,3,20,3,1,12,,,,,,Sandales enfant,Enfant,Sandale,sunlight enfant,sunlight,vert,20,,,,sunlightenfant
55,Sunlight,"Couleur:color:0, Pointure:select:1","Color:color:0, Size:select:1","Vert:0, 21:1","Vert:0, 21:1",,sunlight-vert-21,SUNLIGHT-EN-VE21,Couleur:color:0,Pointure:select:1,Vert:0,0,21:1,1,,,0,,,,1,,,,,55,Sunlight,,sunlight-vert-21,Couleur,Pointure,Vert,3,21,4,1,12,,,,,,Sandales enfant,Enfant,Sandale,sunlight enfant,sunlight,vert,21,,,,sunlightenfant
55,Sunlight,"Couleur:color:0, Pointure:select:1","Color:color:0, Size:select:1","Vert:0, 22:1","Vert:0, 22:1",,sunlight-vert-22,SUNLIGHT-EN-VE22,Couleur:color:0,Pointure:select:1,Vert:0,0,22:1,1,,,0,,,,1,,,,,55,Sunlight,,sunlight-vert-22,Couleur,Pointure,Vert,3,22,5,1,12,,,,,,Sandales enfant,Enfant,Sandale,sunlight enfant,sunlight,vert,22,,,,sunlightenfant
55,Sunlight,"Couleur:color:0, Pointure:select:1","Color:color:0, Size:select:1","Vert:0, 23:1","Vert:0, 23:1",,sunlight-vert-23,SUNLIGHT-EN-VE23,Couleur:color:0,Pointure:select:1,Vert:0,0,23:1,1,,,0,,,,1,,,,,55,Sunlight,,sunlight-vert-23,Couleur,Pointure,Vert,3,23,6,1,12,,,,,,Sandales enfant,Enfant,Sandale,sunlight enfant,sunlight,vert,23,,,,sunlightenfant
55,Sunlight,"Couleur:color:0, Pointure:select:1","Color:color:0, Size:select:1","Vert:0, 24:1","Vert:0, 24:1",,sunlight-vert-24,SUNLIGHT-EN-VE24,Couleur:color:0,Pointure:select:1,Vert:0,3,24:1,1,,,0,,,,1,,,,,55,Sunlight,,sunlight-vert-24,Couleur,Pointure,Vert,3,24,7,1,15,,,,,,Sandales enfant,Enfant,Sandale,sunlight enfant,sunlight,vert,24,,,,sunlightenfant
55,Sunlight,"Couleur:color:0, Pointure:select:1","Color:color:0, Size:select:1","Vert:0, 25:1","Vert:0, 25:1",,sunlight-vert-25,SUNLIGHT-EN-VE25,Couleur:color:0,Pointure:select:1,Vert:0,3,25:1,1,,,0,,,,1,,,,,55,Sunlight,,sunlight-vert-25,Couleur,Pointure,Vert,3,25,8,1,15,,,,,,Sandales enfant,Enfant,Sandale,sunlight enfant,sunlight,vert,25,,,,sunlightenfant
55,Sunlight,"Couleur:color:0, Pointure:select:1","Color:color:0, Size:select:1","Vert:0, 26:1","Vert:0, 26:1",,sunlight-vert-26,SUNLIGHT-EN-VE26,Couleur:color:0,Pointure:select:1,Vert:0,3,26:1,1,,,0,,,,1,,,,,55,Sunlight,,sunlight-vert-26,Couleur,Pointure,Vert,3,26,9,1,15,,,,,,Sandales enfant,Enfant,Sandale,sunlight enfant,sunlight,vert,26,,,,sunlightenfant
55,Sunlight,"Couleur:color:0, Pointure:select:1","Color:color:0, Size:select:1","Vert:0, 27:1","Vert:0, 27:1",,sunlight-vert-27,SUNLIGHT-EN-VE27,Couleur:color:0,Pointure:select:1,Vert:0,3,27:1,1,,,0,,,,1,,,,,55,Sunlight,,sunlight-vert-27,Couleur,Pointure,Vert,3,27,10,1,15,,,,,,Sandales enfant,Enfant,Sandale,sunlight enfant,sunlight,vert,27,,,,sunlightenfant
55,Sunlight,"Couleur:color:0, Pointure:select:1","Color:color:0, Size:select:1","Vert:0, 28:1","Vert:0, 28:1",,sunlight-vert-28,SUNLIGHT-EN-VE28,Couleur:color:0,Pointure:select:1,Vert:0,6,28:1,1,,,0,,,,1,,,,,55,Sunlight,,sunlight-vert-28,Couleur,Pointure,Vert,3,28,11,1,18,,,,,,Sandales enfant,Enfant,Sandale,sunlight enfant,sunlight,vert,28,,,,sunlightenfant
55,Sunlight,"Couleur:color:0, Pointure:select:1","Color:color:0, Size:select:1","Vert:0, 29:1","Vert:0, 29:1",,sunlight-vert-29,SUNLIGHT-EN-VE29,Couleur:color:0,Pointure:select:1,Vert:0,6,29:1,1,,,0,,,,1,,,,,55,Sunlight,,sunlight-vert-29,Couleur,Pointure,Vert,3,29,12,1,18,,,,,,Sandales enfant,Enfant,Sandale,sunlight enfant,sunlight,vert,29,,,,sunlightenfant
55,Sunlight,"Couleur:color:0, Pointure:select:1","Color:color:0, Size:select:1","Vert:0, 30:1","Vert:0, 30:1",,sunlight-vert-30,SUNLIGHT-EN-VE30,Couleur:color:0,Pointure:select:1,Vert:0,6,30:1,1,,,0,,,,1,,,,,55,Sunlight,,sunlight-vert-30,Couleur,Pointure,Vert,3,30,13,1,18,,,,,,Sandales enfant,Enfant,Sandale,sunlight enfant,sunlight,vert,30,,,,sunlightenfant
55,Sunlight,"Couleur:color:0, Pointure:select:1","Color:color:0, Size:select:1","Vert:0, 31:1","Vert:0, 31:1",,sunlight-vert-31,SUNLIGHT-EN-VE31,Couleur:color:0,Pointure:select:1,Vert:0,6,31:1,1,,,0,,,,1,,,,,55,Sunlight,,sunlight-vert-31,Couleur,Pointure,Vert,3,31,14,1,18,,,,,,Sandales enfant,Enfant,Sandale,sunlight enfant,sunlight,vert,31,,,,sunlightenfant
55,Sunlight,"Couleur:color:0, Pointure:select:1","Color:color:0, Size:select:1","Vert:0, 32:1","Vert:0, 32:1",,sunlight-vert-32,SUNLIGHT-EN-VE32,Couleur:color:0,Pointure:select:1,Vert:0,6,32:1,1,,,0,,,,1,,,,,55,Sunlight,,sunlight-vert-32,Couleur,Pointure,Vert,3,32,15,1,18,,,,,,Sandales enfant,Enfant,Sandale,sunlight enfant,sunlight,vert,32,,,,sunlightenfant
55,Sunlight,"Couleur:color:0, Pointure:select:1","Color:color:0, Size:select:1","Vert:0, 33:1","Vert:0, 33:1",,sunlight-vert-33,SUNLIGHT-EN-VE33,Couleur:color:0,Pointure:select:1,Vert:0,6,33:1,1,,,0,,,,1,,,,,55,Sunlight,,sunlight-vert-33,Couleur,Pointure,Vert,3,33,16,1,18,,,,,,Sandales enfant,Enfant,Sandale,sunlight enfant,sunlight,vert,33,,,,sunlightenfant
55,Sunlight,"Couleur:color:0, Pointure:select:1","Color:color:0, Size:select:1","Vert:0, 34:1","Vert:0, 34:1",,sunlight-vert-34,SUNLIGHT-EN-VE34,Couleur:color:0,Pointure:select:1,Vert:0,6,34:1,1,,,0,,,,1,,,,,55,Sunlight,,sunlight-vert-34,Couleur,Pointure,Vert,3,34,17,1,18,,,,,,Sandales enfant,Enfant,Sandale,sunlight enfant,sunlight,vert,34,,,,sunlightenfant
56,Sunlight,"Couleur:color:0, Pointure:select:1","Color:color:0, Size:select:1","Bleuté:0, 35:1","Bleuté:0, 35:1",,sunlight-bleuté-35,SUNLIGHT-FE-BL35,Couleur:color:0,Pointure:select:1,Bleuté:0,9,35:1,1,,,0,,1,https://cata.meduse.co/femmes/sandales/sunlight/bleute/sandales-femme-sunlight-bleute-cote.jpg,1,,,,,55,Sunlight,,sunlight-bleuté-35,Couleur,Pointure,Bleuté,1,35,18,1,21,,,,,,Sandales femme,Femme,Sandale,sunlight femme,sunlight,bleuté,35,,,,sunlightfemme
56,Sunlight,"Couleur:color:0, Pointure:select:1","Color:color:0, Size:select:1","Bleuté:0, 36:1","Bleuté:0, 36:1",,sunlight-bleuté-36,SUNLIGHT-FE-BL36,Couleur:color:0,Pointure:select:1,Bleuté:0,9,36:1,1,,,0,,,,1,,,,,55,Sunlight,,sunlight-bleuté-36,Couleur,Pointure,Bleuté,1,36,19,1,21,,,,,,Sandales femme,Femme,Sandale,sunlight femme,sunlight,bleuté,36,,,,sunlightfemme
56,Sunlight,"Couleur:color:0, Pointure:select:1","Color:color:0, Size:select:1","Bleuté:0, 37:1","Bleuté:0, 37:1",,sunlight-bleuté-37,SUNLIGHT-FE-BL37,Couleur:color:0,Pointure:select:1,Bleuté:0,9,37:1,1,,,0,,,,1,,,,,55,Sunlight,,sunlight-bleuté-37,Couleur,Pointure,Bleuté,1,37,20,1,21,,,,,,Sandales femme,Femme,Sandale,sunlight femme,sunlight,bleuté,37,,,,sunlightfemme
56,Sunlight,"Couleur:color:0, Pointure:select:1","Color:color:0, Size:select:1","Bleuté:0, 38:1","Bleuté:0, 38:1",,sunlight-bleuté-38,SUNLIGHT-FE-BL38,Couleur:color:0,Pointure:select:1,Bleuté:0,9,38:1,1,,,0,,,,1,,,,,55,Sunlight,,sunlight-bleuté-38,Couleur,Pointure,Bleuté,1,38,21,1,21,,,,,,Sandales femme,Femme,Sandale,sunlight femme,sunlight,bleuté,38,,,,sunlightfemme
56,Sunlight,"Couleur:color:0, Pointure:select:1","Color:color:0, Size:select:1","Bleuté:0, 39:1","Bleuté:0, 39:1",,sunlight-bleuté-39,SUNLIGHT-FE-BL39,Couleur:color:0,Pointure:select:1,Bleuté:0,9,39:1,1,,,0,,,,1,,,,,55,Sunlight,,sunlight-bleuté-39,Couleur,Pointure,Bleuté,1,39,22,1,21,,,,,,Sandales femme,Femme,Sandale,sunlight femme,sunlight,bleuté,39,,,,sunlightfemme
56,Sunlight,"Couleur:color:0, Pointure:select:1","Color:color:0, Size:select:1","Bleuté:0, 40:1","Bleuté:0, 40:1",,sunlight-bleuté-40,SUNLIGHT-FE-BL40,Couleur:color:0,Pointure:select:1,Bleuté:0,9,40:1,1,,,0,,,,1,,,,,55,Sunlight,,sunlight-bleuté-40,Couleur,Pointure,Bleuté,1,40,23,1,21,,,,,,Sandales femme,Femme,Sandale,sunlight femme,sunlight,bleuté,40,,,,sunlightfemme
56,Sunlight,"Couleur:color:0, Pointure:select:1","Color:color:0, Size:select:1","Bleuté:0, 41:1","Bleuté:0, 41:1",,sunlight-bleuté-41,SUNLIGHT-FE-BL41,Couleur:color:0,Pointure:select:1,Bleuté:0,9,41:1,1,,,0,,,,1,,,,,55,Sunlight,,sunlight-bleuté-41,Couleur,Pointure,Bleuté,1,41,24,1,21,,,,,,Sandales femme,Femme,Sandale,sunlight femme,sunlight,bleuté,41,,,,sunlightfemme
56,Sunlight,"Couleur:color:0, Pointure:select:1","Color:color:0, Size:select:1","Bleuté:0, 42:1","Bleuté:0, 42:1",,sunlight-bleuté-42,SUNLIGHT-FE-BL42,Couleur:color:0,Pointure:select:1,Bleuté:0,9,42:1,1,,,0,,,,1,,,,,55,Sunlight,,sunlight-bleuté-42,Couleur,Pointure,Bleuté,1,42,25,1,21,,,,,,Sandales femme,Femme,Sandale,sunlight femme,sunlight,bleuté,42,,,,sunlightfemme
56,Sunlight,"Couleur:color:0, Pointure:select:1","Color:color:0, Size:select:1","Corail:0, 35:1","Corail:0, 35:1",,sunlight-corail-35,SUNLIGHT-FE-CO35,Couleur:color:0,Pointure:select:1,Corail:0,9,35:1,1,,,0,,2,https://cata.meduse.co/femmes/sandales/sunlight/corail/sandales-femme-sunlight-corail-cote.jpg,1,,,,,55,Sunlight,,sunlight-corail-35,Couleur,Pointure,Corail,2,35,18,1,21,,,,,,Sandales femme,Femme,Sandale,sunlight femme,sunlight,corail,35,,,,sunlightfemme
56,Sunlight,"Couleur:color:0, Pointure:select:1","Color:color:0, Size:select:1","Corail:0, 36:1","Corail:0, 36:1",,sunlight-corail-36,SUNLIGHT-FE-CO36,Couleur:color:0,Pointure:select:1,Corail:0,9,36:1,1,,,0,,,,1,,,,,55,Sunlight,,sunlight-corail-36,Couleur,Pointure,Corail,2,36,19,1,21,,,,,,Sandales femme,Femme,Sandale,sunlight femme,sunlight,corail,36,,,,sunlightfemme
56,Sunlight,"Couleur:color:0, Pointure:select:1","Color:color:0, Size:select:1","Corail:0, 37:1","Corail:0, 37:1",,sunlight-corail-37,SUNLIGHT-FE-CO37,Couleur:color:0,Pointure:select:1,Corail:0,9,37:1,1,,,0,,,,1,,,,,55,Sunlight,,sunlight-corail-37,Couleur,Pointure,Corail,2,37,20,1,21,,,,,,Sandales femme,Femme,Sandale,sunlight femme,sunlight,corail,37,,,,sunlightfemme
56,Sunlight,"Couleur:color:0, Pointure:select:1","Color:color:0, Size:select:1","Corail:0, 38:1","Corail:0, 38:1",,sunlight-corail-38,SUNLIGHT-FE-CO38,Couleur:color:0,Pointure:select:1,Corail:0,9,38:1,1,,,0,,,,1,,,,,55,Sunlight,,sunlight-corail-38,Couleur,Pointure,Corail,2,38,21,1,21,,,,,,Sandales femme,Femme,Sandale,sunlight femme,sunlight,corail,38,,,,sunlightfemme
56,Sunlight,"Couleur:color:0, Pointure:select:1","Color:color:0, Size:select:1","Corail:0, 39:1","Corail:0, 39:1",,sunlight-corail-39,SUNLIGHT-FE-CO39,Couleur:color:0,Pointure:select:1,Corail:0,9,39:1,1,,,0,,,,1,,,,,55,Sunlight,,sunlight-corail-39,Couleur,Pointure,Corail,2,39,22,1,21,,,,,,Sandales femme,Femme,Sandale,sunlight femme,sunlight,corail,39,,,,sunlightfemme
56,Sunlight,"Couleur:color:0, Pointure:select:1","Color:color:0, Size:select:1","Corail:0, 40:1","Corail:0, 40:1",,sunlight-corail-40,SUNLIGHT-FE-CO40,Couleur:color:0,Pointure:select:1,Corail:0,9,40:1,1,,,0,,,,1,,,,,55,Sunlight,,sunlight-corail-40,Couleur,Pointure,Corail,2,40,23,1,21,,,,,,Sandales femme,Femme,Sandale,sunlight femme,sunlight,corail,40,,,,sunlightfemme
56,Sunlight,"Couleur:color:0, Pointure:select:1","Color:color:0, Size:select:1","Corail:0, 41:1","Corail:0, 41:1",,sunlight-corail-41,SUNLIGHT-FE-CO41,Couleur:color:0,Pointure:select:1,Corail:0,9,41:1,1,,,0,,,,1,,,,,55,Sunlight,,sunlight-corail-41,Couleur,Pointure,Corail,2,41,24,1,21,,,,,,Sandales femme,Femme,Sandale,sunlight femme,sunlight,corail,41,,,,sunlightfemme
56,Sunlight,"Couleur:color:0, Pointure:select:1","Color:color:0, Size:select:1","Corail:0, 42:1","Corail:0, 42:1",,sunlight-corail-42,SUNLIGHT-FE-CO42,Couleur:color:0,Pointure:select:1,Corail:0,9,42:1,1,,,0,,,,1,,,,,55,Sunlight,,sunlight-corail-42,Couleur,Pointure,Corail,2,42,25,1,21,,,,,,Sandales femme,Femme,Sandale,sunlight femme,sunlight,corail,42,,,,sunlightfemme
56,Sunlight,"Couleur:color:0, Pointure:select:1","Color:color:0, Size:select:1","Vert:0, 35:1","Vert:0, 35:1",,sunlight-vert-35,SUNLIGHT-FE-VE35,Couleur:color:0,Pointure:select:1,Vert:0,9,35:1,1,,,0,,3,https://cata.meduse.co/femmes/sandales/sunlight/vert/sandales-femme-sunlight-vert-cote.jpg,1,,,,,55,Sunlight,,sunlight-vert-35,Couleur,Pointure,Vert,3,35,18,1,21,,,,,,Sandales femme,Femme,Sandale,sunlight femme,sunlight,vert,35,,,,sunlightfemme
56,Sunlight,"Couleur:color:0, Pointure:select:1","Color:color:0, Size:select:1","Vert:0, 36:1","Vert:0, 36:1",,sunlight-vert-36,SUNLIGHT-FE-VE36,Couleur:color:0,Pointure:select:1,Vert:0,9,36:1,1,,,0,,,,1,,,,,55,Sunlight,,sunlight-vert-36,Couleur,Pointure,Vert,3,36,19,1,21,,,,,,Sandales femme,Femme,Sandale,sunlight femme,sunlight,vert,36,,,,sunlightfemme
56,Sunlight,"Couleur:color:0, Pointure:select:1","Color:color:0, Size:select:1","Vert:0, 37:1","Vert:0, 37:1",,sunlight-vert-37,SUNLIGHT-FE-VE37,Couleur:color:0,Pointure:select:1,Vert:0,9,37:1,1,,,0,,,,1,,,,,55,Sunlight,,sunlight-vert-37,Couleur,Pointure,Vert,3,37,20,1,21,,,,,,Sandales femme,Femme,Sandale,sunlight femme,sunlight,vert,37,,,,sunlightfemme
56,Sunlight,"Couleur:color:0, Pointure:select:1","Color:color:0, Size:select:1","Vert:0, 38:1","Vert:0, 38:1",,sunlight-vert-38,SUNLIGHT-FE-VE38,Couleur:color:0,Pointure:select:1,Vert:0,9,38:1,1,,,0,,,,1,,,,,55,Sunlight,,sunlight-vert-38,Couleur,Pointure,Vert,3,38,21,1,21,,,,,,Sandales femme,Femme,Sandale,sunlight femme,sunlight,vert,38,,,,sunlightfemme
56,Sunlight,"Couleur:color:0, Pointure:select:1","Color:color:0, Size:select:1","Vert:0, 39:1","Vert:0, 39:1",,sunlight-vert-39,SUNLIGHT-FE-VE39,Couleur:color:0,Pointure:select:1,Vert:0,9,39:1,1,,,0,,,,1,,,,,55,Sunlight,,sunlight-vert-39,Couleur,Pointure,Vert,3,39,22,1,21,,,,,,Sandales femme,Femme,Sandale,sunlight femme,sunlight,vert,39,,,,sunlightfemme
56,Sunlight,"Couleur:color:0, Pointure:select:1","Color:color:0, Size:select:1","Vert:0, 40:1","Vert:0, 40:1",,sunlight-vert-40,SUNLIGHT-FE-VE40,Couleur:color:0,Pointure:select:1,Vert:0,9,40:1,1,,,0,,,,1,,,,,55,Sunlight,,sunlight-vert-40,Couleur,Pointure,Vert,3,40,23,1,21,,,,,,Sandales femme,Femme,Sandale,sunlight femme,sunlight,vert,40,,,,sunlightfemme
56,Sunlight,"Couleur:color:0, Pointure:select:1","Color:color:0, Size:select:1","Vert:0, 41:1","Vert:0, 41:1",,sunlight-vert-41,SUNLIGHT-FE-VE41,Couleur:color:0,Pointure:select:1,Vert:0,9,41:1,1,,,0,,,,1,,,,,55,Sunlight,,sunlight-vert-41,Couleur,Pointure,Vert,3,41,24,1,21,,,,,,Sandales femme,Femme,Sandale,sunlight femme,sunlight,vert,41,,,,sunlightfemme
57,Sunlight,"Couleur:color:0, Pointure:select:1","Color:color:0, Size:select:1","Bleuté:0, 35:1","Bleuté:0, 35:1",,sunlight-bleuté-35,SUNLIGHT-HO-BL35,Couleur:color:0,Pointure:select:1,Bleuté:0,9,35:1,1,,,0,,1,https://cata.meduse.co/hommes/sandales/sunlight/bleute/sandales-homme-sunlight-bleute-cote.jpg,1,,,,,55,Sunlight,,sunlight-bleuté-35,Couleur,Pointure,Bleuté,1,35,18,1,21,,,,,,Sandales homme,Homme,Sandale,sunlight homme,sunlight,bleuté,35,,,,sunlighthomme
57,Sunlight,"Couleur:color:0, Pointure:select:1","Color:color:0, Size:select:1","Bleuté:0, 36:1","Bleuté:0, 36:1",,sunlight-bleuté-36,SUNLIGHT-HO-BL36,Couleur:color:0,Pointure:select:1,Bleuté:0,9,36:1,1,,,0,,,,1,,,,,55,Sunlight,,sunlight-bleuté-36,Couleur,Pointure,Bleuté,1,36,19,1,21,,,,,,Sandales homme,Homme,Sandale,sunlight homme,sunlight,bleuté,36,,,,sunlighthomme
57,Sunlight,"Couleur:color:0, Pointure:select:1","Color:color:0, Size:select:1","Bleuté:0, 37:1","Bleuté:0, 37:1",,sunlight-bleuté-37,SUNLIGHT-HO-BL37,Couleur:color:0,Pointure:select:1,Bleuté:0,9,37:1,1,,,0,,,,1,,,,,55,Sunlight,,sunlight-bleuté-37,Couleur,Pointure,Bleuté,1,37,20,1,21,,,,,,Sandales homme,Homme,Sandale,sunlight homme,sunlight,bleuté,37,,,,sunlighthomme
57,Sunlight,"Couleur:color:0, Pointure:select:1","Color:color:0, Size:select:1","Bleuté:0, 38:1","Bleuté:0, 38:1",,sunlight-bleuté-38,SUNLIGHT-HO-BL38,Couleur:color:0,Pointure:select:1,Bleuté:0,9,38:1,1,,,0,,,,1,,,,,55,Sunlight,,sunlight-bleuté-38,Couleur,Pointure,Bleuté,1,38,21,1,21,,,,,,Sandales homme,Homme,Sandale,sunlight homme,sunlight,bleuté,38,,,,sunlighthomme
57,Sunlight,"Couleur:color:0, Pointure:select:1","Color:color:0, Size:select:1","Bleuté:0, 39:1","Bleuté:0, 39:1",,sunlight-bleuté-39,SUNLIGHT-HO-BL39,Couleur:color:0,Pointure:select:1,Bleuté:0,9,39:1,1,,,0,,,,1,,,,,55,Sunlight,,sunlight-bleuté-39,Couleur,Pointure,Bleuté,1,39,22,1,21,,,,,,Sandales homme,Homme,Sandale,sunlight homme,sunlight,bleuté,39,,,,sunlighthomme
57,Sunlight,"Couleur:color:0, Pointure:select:1","Color:color:0, Size:select:1","Bleuté:0, 40:1","Bleuté:0, 40:1",,sunlight-bleuté-40,SUNLIGHT-HO-BL40,Couleur:color:0,Pointure:select:1,Bleuté:0,9,40:1,1,,,0,,,,1,,,,,55,Sunlight,,sunlight-bleuté-40,Couleur,Pointure,Bleuté,1,40,23,1,21,,,,,,Sandales homme,Homme,Sandale,sunlight homme,sunlight,bleuté,40,,,,sunlighthomme
57,Sunlight,"Couleur:color:0, Pointure:select:1","Color:color:0, Size:select:1","Bleuté:0, 41:1","Bleuté:0, 41:1",,sunlight-bleuté-41,SUNLIGHT-HO-BL41,Couleur:color:0,Pointure:select:1,Bleuté:0,9,41:1,1,,,0,,,,1,,,,,55,Sunlight,,sunlight-bleuté-41,Couleur,Pointure,Bleuté,1,41,24,1,21,,,,,,Sandales homme,Homme,Sandale,sunlight homme,sunlight,bleuté,41,,,,sunlighthomme
57,Sunlight,"Couleur:color:0, Pointure:select:1","Color:color:0, Size:select:1","Bleuté:0, 42:1","Bleuté:0, 42:1",,sunlight-bleuté-42,SUNLIGHT-HO-BL42,Couleur:color:0,Pointure:select:1,Bleuté:0,9,42:1,1,,,0,,,,1,,,,,55,Sunlight,,sunlight-bleuté-42,Couleur,Pointure,Bleuté,1,42,25,1,21,,,,,,Sandales homme,Homme,Sandale,sunlight homme,sunlight,bleuté,42,,,,sunlighthomme
57,Sunlight,"Couleur:color:0, Pointure:select:1","Color:color:0, Size:select:1","Corail:0, 35:1","Corail:0, 35:1",,sunlight-corail-35,SUNLIGHT-HO-CO35,Couleur:color:0,Pointure:select:1,Corail:0,9,35:1,1,,,0,,2,https://cata.meduse.co/hommes/sandales/sunlight/corail/sandales-homme-sunlight-corail-cote.jpg,1,,,,,55,Sunlight,,sunlight-corail-35,Couleur,Pointure,Corail,2,35,18,1,21,,,,,,Sandales homme,Homme,Sandale,sunlight homme,sunlight,corail,35,,,,sunlighthomme
57,Sunlight,"Couleur:color:0, Pointure:select:1","Color:color:0, Size:select:1","Corail:0, 36:1","Corail:0, 36:1",,sunlight-corail-36,SUNLIGHT-HO-CO36,Couleur:color:0,Pointure:select:1,Corail:0,9,36:1,1,,,0,,,,1,,,,,55,Sunlight,,sunlight-corail-36,Couleur,Pointure,Corail,2,36,19,1,21,,,,,,Sandales homme,Homme,Sandale,sunlight homme,sunlight,corail,36,,,,sunlighthomme
57,Sunlight,"Couleur:color:0, Pointure:select:1","Color:color:0, Size:select:1","Corail:0, 37:1","Corail:0, 37:1",,sunlight-corail-37,SUNLIGHT-HO-CO37,Couleur:color:0,Pointure:select:1,Corail:0,9,37:1,1,,,0,,,,1,,,,,55,Sunlight,,sunlight-corail-37,Couleur,Pointure,Corail,2,37,20,1,21,,,,,,Sandales homme,Homme,Sandale,sunlight homme,sunlight,corail,37,,,,sunlighthomme
57,Sunlight,"Couleur:color:0, Pointure:select:1","Color:color:0, Size:select:1","Corail:0, 38:1","Corail:0, 38:1",,sunlight-corail-38,SUNLIGHT-HO-CO38,Couleur:color:0,Pointure:select:1,Corail:0,9,38:1,1,,,0,,,,1,,,,,55,Sunlight,,sunlight-corail-38,Couleur,Pointure,Corail,2,38,21,1,21,,,,,,Sandales homme,Homme,Sandale,sunlight homme,sunlight,corail,38,,,,sunlighthomme
57,Sunlight,"Couleur:color:0, Pointure:select:1","Color:color:0, Size:select:1","Corail:0, 39:1","Corail:0, 39:1",,sunlight-corail-39,SUNLIGHT-HO-CO39,Couleur:color:0,Pointure:select:1,Corail:0,9,39:1,1,,,0,,,,1,,,,,55,Sunlight,,sunlight-corail-39,Couleur,Pointure,Corail,2,39,22,1,21,,,,,,Sandales homme,Homme,Sandale,sunlight homme,sunlight,corail,39,,,,sunlighthomme
57,Sunlight,"Couleur:color:0, Pointure:select:1","Color:color:0, Size:select:1","Corail:0, 40:1","Corail:0, 40:1",,sunlight-corail-40,SUNLIGHT-HO-CO40,Couleur:color:0,Pointure:select:1,Corail:0,9,40:1,1,,,0,,,,1,,,,,55,Sunlight,,sunlight-corail-40,Couleur,Pointure,Corail,2,40,23,1,21,,,,,,Sandales homme,Homme,Sandale,sunlight homme,sunlight,corail,40,,,,sunlighthomme
57,Sunlight,"Couleur:color:0, Pointure:select:1","Color:color:0, Size:select:1","Corail:0, 41:1","Corail:0, 41:1",,sunlight-corail-41,SUNLIGHT-HO-CO41,Couleur:color:0,Pointure:select:1,Corail:0,9,41:1,1,,,0,,,,1,,,,,55,Sunlight,,sunlight-corail-41,Couleur,Pointure,Corail,2,41,24,1,21,,,,,,Sandales homme,Homme,Sandale,sunlight homme,sunlight,corail,41,,,,sunlighthomme
57,Sunlight,"Couleur:color:0, Pointure:select:1","Color:color:0, Size:select:1","Corail:0, 42:1","Corail:0, 42:1",,sunlight-corail-42,SUNLIGHT-HO-CO42,Couleur:color:0,Pointure:select:1,Corail:0,9,42:1,1,,,0,,,,1,,,,,55,Sunlight,,sunlight-corail-42,Couleur,Pointure,Corail,2,42,25,1,21,,,,,,Sandales homme,Homme,Sandale,sunlight homme,sunlight,corail,42,,,,sunlighthomme
57,Sunlight,"Couleur:color:0, Pointure:select:1","Color:color:0, Size:select:1","Vert:0, 35:1","Vert:0, 35:1",,sunlight-vert-35,SUNLIGHT-HO-VE35,Couleur:color:0,Pointure:select:1,Vert:0,9,35:1,1,,,0,,4,https://cata.meduse.co/hommes/sandales/sunlight/vert/sandales-homme-sunlight-vert-cote.jpg,1,,,,,55,Sunlight,,sunlight-vert-35,Couleur,Pointure,Vert,3,35,18,1,21,,,,,,Sandales homme,Homme,Sandale,sunlight homme,sunlight,vert,35,,,,sunlighthomme
57,Sunlight,"Couleur:color:0, Pointure:select:1","Color:color:0, Size:select:1","Vert:0, 36:1","Vert:0, 36:1",,sunlight-vert-36,SUNLIGHT-HO-VE36,Couleur:color:0,Pointure:select:1,Vert:0,9,36:1,1,,,0,,,,1,,,,,55,Sunlight,,sunlight-vert-36,Couleur,Pointure,Vert,3,36,19,1,21,,,,,,Sandales homme,Homme,Sandale,sunlight homme,sunlight,vert,36,,,,sunlighthomme
57,Sunlight,"Couleur:color:0, Pointure:select:1","Color:color:0, Size:select:1","Vert:0, 37:1","Vert:0, 37:1",,sunlight-vert-37,SUNLIGHT-HO-VE37,Couleur:color:0,Pointure:select:1,Vert:0,9,37:1,1,,,0,,,,1,,,,,55,Sunlight,,sunlight-vert-37,Couleur,Pointure,Vert,3,37,20,1,21,,,,,,Sandales homme,Homme,Sandale,sunlight homme,sunlight,vert,37,,,,sunlighthomme
57,Sunlight,"Couleur:color:0, Pointure:select:1","Color:color:0, Size:select:1","Vert:0, 38:1","Vert:0, 38:1",,sunlight-vert-38,SUNLIGHT-HO-VE38,Couleur:color:0,Pointure:select:1,Vert:0,9,38:1,1,,,0,,,,1,,,,,55,Sunlight,,sunlight-vert-38,Couleur,Pointure,Vert,3,38,21,1,21,,,,,,Sandales homme,Homme,Sandale,sunlight homme,sunlight,vert,38,,,,sunlighthomme
57,Sunlight,"Couleur:color:0, Pointure:select:1","Color:color:0, Size:select:1","Vert:0, 39:1","Vert:0, 39:1",,sunlight-vert-39,SUNLIGHT-HO-VE39,Couleur:color:0,Pointure:select:1,Vert:0,9,39:1,1,,,0,,,,1,,,,,55,Sunlight,,sunlight-vert-39,Couleur,Pointure,Vert,3,39,22,1,21,,,,,,Sandales homme,Homme,Sandale,sunlight homme,sunlight,vert,39,,,,sunlighthomme
57,Sunlight,"Couleur:color:0, Pointure:select:1","Color:color:0, Size:select:1","Vert:0, 40:1","Vert:0, 40:1",,sunlight-vert-40,SUNLIGHT-HO-VE40,Couleur:color:0,Pointure:select:1,Vert:0,9,40:1,1,,,0,,,,1,,,,,55,Sunlight,,sunlight-vert-40,Couleur,Pointure,Vert,3,40,23,1,21,,,,,,Sandales homme,Homme,Sandale,sunlight homme,sunlight,vert,40,,,,sunlighthomme
57,Sunlight,"Couleur:color:0, Pointure:select:1","Color:color:0, Size:select:1","Vert:0, 41:1","Vert:0, 41:1",,sunlight-vert-41,SUNLIGHT-HO-VE41,Couleur:color:0,Pointure:select:1,Vert:0,9,41:1,1,,,0,,,,1,,,,,55,Sunlight,,sunlight-vert-41,Couleur,Pointure,Vert,3,41,24,1,21,,,,,,Sandales homme,Homme,Sandale,sunlight homme,sunlight,vert,41,,,,sunlighthomme
58,Jumpy,"Couleur:color:0, Pointure:select:1","Color:color:0, Size:select:1","Anthracite/Fuchsia:0, 35:1","Anthracite/Fuchsia:0, 35:1",,jumpy-anthracite-fuchsia-35,JUMPY-FE-ANFU35,Couleur:color:0,Pointure:select:1,Anthracite-Fuchsia:0,0,35:1,1,,,1,,1,https://cata.meduse.co/femmes/bottines/jumpy/anthracite-fuchsia/bottines-femme-jumpy-anthracite-fuchsia-cote.jpg,1,,,,,144,Jumpy,,jumpy-anthracite-fuchsia-35,Couleur,Pointure,Anthracite/Fuchsia,1,35,6,1,51,,,,,,Bottines femme,Femme,Bottine,jumpy femme,jumpy,anthracite,fuchsia,35,,,jumpyfemme
58,Jumpy,"Couleur:color:0, Pointure:select:1","Color:color:0, Size:select:1","Anthracite/Fuchsia:0, 36:1","Anthracite/Fuchsia:0, 36:1",,jumpy-anthracite-fuchsia-36,JUMPY-FE-ANFU36,Couleur:color:0,Pointure:select:1,Anthracite-Fuchsia:0,0,36:1,1,,,0,,,,1,,,,,144,Jumpy,,jumpy-anthracite-fuchsia-36,Couleur,Pointure,Anthracite/Fuchsia,1,36,7,1,51,,,,,,Bottines femme,Femme,Bottine,jumpy femme,jumpy,anthracite,fuchsia,36,,,jumpyfemme
58,Jumpy,"Couleur:color:0, Pointure:select:1","Color:color:0, Size:select:1","Anthracite/Fuchsia:0, 37:1","Anthracite/Fuchsia:0, 37:1",,jumpy-anthracite-fuchsia-37,JUMPY-FE-ANFU37,Couleur:color:0,Pointure:select:1,Anthracite-Fuchsia:0,0,37:1,1,,,0,,,,1,,,,,144,Jumpy,,jumpy-anthracite-fuchsia-37,Couleur,Pointure,Anthracite/Fuchsia,1,37,8,1,51,,,,,,Bottines femme,Femme,Bottine,jumpy femme,jumpy,anthracite,fuchsia,37,,,jumpyfemme
58,Jumpy,"Couleur:color:0, Pointure:select:1","Color:color:0, Size:select:1","Anthracite/Fuchsia:0, 38:1","Anthracite/Fuchsia:0, 38:1",,jumpy-anthracite-fuchsia-38,JUMPY-FE-ANFU38,Couleur:color:0,Pointure:select:1,Anthracite-Fuchsia:0,0,38:1,1,,,0,,,,1,,,,,144,Jumpy,,jumpy-anthracite-fuchsia-38,Couleur,Pointure,Anthracite/Fuchsia,1,38,9,1,51,,,,,,Bottines femme,Femme,Bottine,jumpy femme,jumpy,anthracite,fuchsia,38,,,jumpyfemme
58,Jumpy,"Couleur:color:0, Pointure:select:1","Color:color:0, Size:select:1","Anthracite/Fuchsia:0, 39:1","Anthracite/Fuchsia:0, 39:1",,jumpy-anthracite-fuchsia-39,JUMPY-FE-ANFU39,Couleur:color:0,Pointure:select:1,Anthracite-Fuchsia:0,0,39:1,1,,,0,,,,1,,,,,144,Jumpy,,jumpy-anthracite-fuchsia-39,Couleur,Pointure,Anthracite/Fuchsia,1,39,10,1,51,,,,,,Bottines femme,Femme,Bottine,jumpy femme,jumpy,anthracite,fuchsia,39,,,jumpyfemme
58,Jumpy,"Couleur:color:0, Pointure:select:1","Color:color:0, Size:select:1","Anthracite/Fuchsia:0, 40:1","Anthracite/Fuchsia:0, 40:1",,jumpy-anthracite-fuchsia-40,JUMPY-FE-ANFU40,Couleur:color:0,Pointure:select:1,Anthracite-Fuchsia:0,0,40:1,1,,,0,,,,1,,,,,144,Jumpy,,jumpy-anthracite-fuchsia-40,Couleur,Pointure,Anthracite/Fuchsia,1,40,11,1,51,,,,,,Bottines femme,Femme,Bottine,jumpy femme,jumpy,anthracite,fuchsia,40,,,jumpyfemme
58,Jumpy,"Couleur:color:0, Pointure:select:1","Color:color:0, Size:select:1","Anthracite/Fuchsia:0, 41:1","Anthracite/Fuchsia:0, 41:1",,jumpy-anthracite-fuchsia-41,JUMPY-FE-ANFU41,Couleur:color:0,Pointure:select:1,Anthracite-Fuchsia:0,0,41:1,1,,,0,,,,1,,,,,144,Jumpy,,jumpy-anthracite-fuchsia-41,Couleur,Pointure,Anthracite/Fuchsia,1,41,12,1,51,,,,,,Bottines femme,Femme,Bottine,jumpy femme,jumpy,anthracite,fuchsia,41,,,jumpyfemme
58,Jumpy,"Couleur:color:0, Pointure:select:1","Color:color:0, Size:select:1","Anthracite/Fuchsia:0, 42:1","Anthracite/Fuchsia:0, 42:1",,jumpy-anthracite-fuchsia-42,JUMPY-FE-ANFU42,Couleur:color:0,Pointure:select:1,Anthracite-Fuchsia:0,0,42:1,1,,,0,,,,1,,,,,144,Jumpy,,jumpy-anthracite-fuchsia-42,Couleur,Pointure,Anthracite/Fuchsia,1,42,13,1,51,,,,,,Bottines femme,Femme,Bottine,jumpy femme,jumpy,anthracite,fuchsia,42,,,jumpyfemme
58,Jumpy,"Couleur:color:0, Pointure:select:1","Color:color:0, Size:select:1","Bleu pastel/Crêpe:0, 35:1","Bleu pastel/Crêpe:0, 35:1",,jumpy-bleu-pastel-crêpe-35,JUMPY-FE-BLPACR35,Couleur:color:0,Pointure:select:1,Bleu pastel-Crêpe:0,0,35:1,1,,,0,,2,https://cata.meduse.co/femmes/bottines/jumpy/bleu-pastel-crepe/bottines-femme-jumpy-bleu-pastel-crepe-cote.jpg,1,,,,,144,Jumpy,,jumpy-bleu-pastel-crêpe-35,Couleur,Pointure,Bleu pastel/Crêpe,2,35,6,1,51,,,,,,Bottines femme,Femme,Bottine,jumpy femme,jumpy,bleu,pastel,crêpe,35,,jumpyfemme
58,Jumpy,"Couleur:color:0, Pointure:select:1","Color:color:0, Size:select:1","Bleu pastel/Crêpe:0, 36:1","Bleu pastel/Crêpe:0, 36:1",,jumpy-bleu-pastel-crêpe-36,JUMPY-FE-BLPACR36,Couleur:color:0,Pointure:select:1,Bleu pastel-Crêpe:0,0,36:1,1,,,0,,,,1,,,,,144,Jumpy,,jumpy-bleu-pastel-crêpe-36,Couleur,Pointure,Bleu pastel/Crêpe,2,36,7,1,51,,,,,,Bottines femme,Femme,Bottine,jumpy femme,jumpy,bleu,pastel,crêpe,36,,jumpyfemme
58,Jumpy,"Couleur:color:0, Pointure:select:1","Color:color:0, Size:select:1","Bleu pastel/Crêpe:0, 37:1","Bleu pastel/Crêpe:0, 37:1",,jumpy-bleu-pastel-crêpe-37,JUMPY-FE-BLPACR37,Couleur:color:0,Pointure:select:1,Bleu pastel-Crêpe:0,0,37:1,1,,,0,,,,1,,,,,144,Jumpy,,jumpy-bleu-pastel-crêpe-37,Couleur,Pointure,Bleu pastel/Crêpe,2,37,8,1,51,,,,,,Bottines femme,Femme,Bottine,jumpy femme,jumpy,bleu,pastel,crêpe,37,,jumpyfemme
58,Jumpy,"Couleur:color:0, Pointure:select:1","Color:color:0, Size:select:1","Bleu pastel/Crêpe:0, 38:1","Bleu pastel/Crêpe:0, 38:1",,jumpy-bleu-pastel-crêpe-38,JUMPY-FE-BLPACR38,Couleur:color:0,Pointure:select:1,Bleu pastel-Crêpe:0,0,38:1,1,,,0,,,,1,,,,,144,Jumpy,,jumpy-bleu-pastel-crêpe-38,Couleur,Pointure,Bleu pastel/Crêpe,2,38,9,1,51,,,,,,Bottines femme,Femme,Bottine,jumpy femme,jumpy,bleu,pastel,crêpe,38,,jumpyfemme
58,Jumpy,"Couleur:color:0, Pointure:select:1","Color:color:0, Size:select:1","Bleu pastel/Crêpe:0, 39:1","Bleu pastel/Crêpe:0, 39:1",,jumpy-bleu-pastel-crêpe-39,JUMPY-FE-BLPACR39,Couleur:color:0,Pointure:select:1,Bleu pastel-Crêpe:0,0,39:1,1,,,0,,,,1,,,,,144,Jumpy,,jumpy-bleu-pastel-crêpe-39,Couleur,Pointure,Bleu pastel/Crêpe,2,39,10,1,51,,,,,,Bottines femme,Femme,Bottine,jumpy femme,jumpy,bleu,pastel,crêpe,39,,jumpyfemme
58,Jumpy,"Couleur:color:0, Pointure:select:1","Color:color:0, Size:select:1","Bleu pastel/Crêpe:0, 40:1","Bleu pastel/Crêpe:0, 40:1",,jumpy-bleu-pastel-crêpe-40,JUMPY-FE-BLPACR40,Couleur:color:0,Pointure:select:1,Bleu pastel-Crêpe:0,0,40:1,1,,,0,,,,1,,,,,144,Jumpy,,jumpy-bleu-pastel-crêpe-40,Couleur,Pointure,Bleu pastel/Crêpe,2,40,11,1,51,,,,,,Bottines femme,Femme,Bottine,jumpy femme,jumpy,bleu,pastel,crêpe,40,,jumpyfemme
58,Jumpy,"Couleur:color:0, Pointure:select:1","Color:color:0, Size:select:1","Bleu pastel/Crêpe:0, 41:1","Bleu pastel/Crêpe:0, 41:1",,jumpy-bleu-pastel-crêpe-41,JUMPY-FE-BLPACR41,Couleur:color:0,Pointure:select:1,Bleu pastel-Crêpe:0,0,41:1,1,,,0,,,,1,,,,,144,Jumpy,,jumpy-bleu-pastel-crêpe-41,Couleur,Pointure,Bleu pastel/Crêpe,2,41,12,1,51,,,,,,Bottines femme,Femme,Bottine,jumpy femme,jumpy,bleu,pastel,crêpe,41,,jumpyfemme
58,Jumpy,"Couleur:color:0, Pointure:select:1","Color:color:0, Size:select:1","Bleu pastel/Crêpe:0, 42:1","Bleu pastel/Crêpe:0, 42:1",,jumpy-bleu-pastel-crêpe-42,JUMPY-FE-BLPACR42,Couleur:color:0,Pointure:select:1,Bleu pastel-Crêpe:0,0,42:1,1,,,0,,,,1,,,,,144,Jumpy,,jumpy-bleu-pastel-crêpe-42,Couleur,Pointure,Bleu pastel/Crêpe,2,42,13,1,51,,,,,,Bottines femme,Femme,Bottine,jumpy femme,jumpy,bleu,pastel,crêpe,42,,jumpyfemme
58,Jumpy,"Couleur:color:0, Pointure:select:1","Color:color:0, Size:select:1","Marine/Blanc:0, 35:1","Marine/Blanc:0, 35:1",,jumpy-marine-blanc-35,JUMPY-FE-MABL35,Couleur:color:0,Pointure:select:1,Marine-Blanc:0,0,35:1,1,,,0,,3,https://cata.meduse.co/femmes/bottines/jumpy/marine-blanc/bottines-femme-jumpy-marine-blanc-cote.jpg,1,,,,,144,Jumpy,,jumpy-marine-blanc-35,Couleur,Pointure,Marine/Blanc,3,35,6,1,51,,,,,,Bottines femme,Femme,Bottine,jumpy femme,jumpy,marine,blanc,35,,,jumpyfemme
58,Jumpy,"Couleur:color:0, Pointure:select:1","Color:color:0, Size:select:1","Marine/Blanc:0, 36:1","Marine/Blanc:0, 36:1",,jumpy-marine-blanc-36,JUMPY-FE-MABL36,Couleur:color:0,Pointure:select:1,Marine-Blanc:0,0,36:1,1,,,0,,,,1,,,,,144,Jumpy,,jumpy-marine-blanc-36,Couleur,Pointure,Marine/Blanc,3,36,7,1,51,,,,,,Bottines femme,Femme,Bottine,jumpy femme,jumpy,marine,blanc,36,,,jumpyfemme
58,Jumpy,"Couleur:color:0, Pointure:select:1","Color:color:0, Size:select:1","Marine/Blanc:0, 37:1","Marine/Blanc:0, 37:1",,jumpy-marine-blanc-37,JUMPY-FE-MABL37,Couleur:color:0,Pointure:select:1,Marine-Blanc:0,0,37:1,1,,,0,,,,1,,,,,144,Jumpy,,jumpy-marine-blanc-37,Couleur,Pointure,Marine/Blanc,3,37,8,1,51,,,,,,Bottines femme,Femme,Bottine,jumpy femme,jumpy,marine,blanc,37,,,jumpyfemme
58,Jumpy,"Couleur:color:0, Pointure:select:1","Color:color:0, Size:select:1","Marine/Blanc:0, 38:1","Marine/Blanc:0, 38:1",,jumpy-marine-blanc-38,JUMPY-FE-MABL38,Couleur:color:0,Pointure:select:1,Marine-Blanc:0,0,38:1,1,,,0,,,,1,,,,,144,Jumpy,,jumpy-marine-blanc-38,Couleur,Pointure,Marine/Blanc,3,38,9,1,51,,,,,,Bottines femme,Femme,Bottine,jumpy femme,jumpy,marine,blanc,38,,,jumpyfemme
58,Jumpy,"Couleur:color:0, Pointure:select:1","Color:color:0, Size:select:1","Marine/Blanc:0, 39:1","Marine/Blanc:0, 39:1",,jumpy-marine-blanc-39,JUMPY-FE-MABL39,Couleur:color:0,Pointure:select:1,Marine-Blanc:0,0,39:1,1,,,0,,,,1,,,,,144,Jumpy,,jumpy-marine-blanc-39,Couleur,Pointure,Marine/Blanc,3,39,10,1,51,,,,,,Bottines femme,Femme,Bottine,jumpy femme,jumpy,marine,blanc,39,,,jumpyfemme
58,Jumpy,"Couleur:color:0, Pointure:select:1","Color:color:0, Size:select:1","Marine/Blanc:0, 40:1","Marine/Blanc:0, 40:1",,jumpy-marine-blanc-40,JUMPY-FE-MABL40,Couleur:color:0,Pointure:select:1,Marine-Blanc:0,0,40:1,1,,,0,,,,1,,,,,144,Jumpy,,jumpy-marine-blanc-40,Couleur,Pointure,Marine/Blanc,3,40,11,1,51,,,,,,Bottines femme,Femme,Bottine,jumpy femme,jumpy,marine,blanc,40,,,jumpyfemme
58,Jumpy,"Couleur:color:0, Pointure:select:1","Color:color:0, Size:select:1","Marine/Blanc:0, 41:1","Marine/Blanc:0, 41:1",,jumpy-marine-blanc-41,JUMPY-FE-MABL41,Couleur:color:0,Pointure:select:1,Marine-Blanc:0,0,41:1,1,,,0,,,,1,,,,,144,Jumpy,,jumpy-marine-blanc-41,Couleur,Pointure,Marine/Blanc,3,41,12,1,51,,,,,,Bottines femme,Femme,Bottine,jumpy femme,jumpy,marine,blanc,41,,,jumpyfemme
58,Jumpy,"Couleur:color:0, Pointure:select:1","Color:color:0, Size:select:1","Marine/Blanc:0, 42:1","Marine/Blanc:0, 42:1",,jumpy-marine-blanc-42,JUMPY-FE-MABL42,Couleur:color:0,Pointure:select:1,Marine-Blanc:0,0,42:1,1,,,0,,,,1,,,,,144,Jumpy,,jumpy-marine-blanc-42,Couleur,Pointure,Marine/Blanc,3,42,13,1,51,,,,,,Bottines femme,Femme,Bottine,jumpy femme,jumpy,marine,blanc,42,,,jumpyfemme
58,Jumpy,"Couleur:color:0, Pointure:select:1","Color:color:0, Size:select:1","Marine/Bleu:0, 35:1","Marine/Bleu:0, 35:1",,jumpy-marine-bleu-35,JUMPY-FE-MABL35,Couleur:color:0,Pointure:select:1,Marine-Bleu:0,0,35:1,1,,,0,,4,https://cata.meduse.co/femmes/bottines/jumpy/marine-bleu/bottines-femme-jumpy-marine-bleu-cote.jpg,1,,,,,144,Jumpy,,jumpy-marine-bleu-35,Couleur,Pointure,Marine/Bleu,4,35,6,1,51,,,,,,Bottines femme,Femme,Bottine,jumpy femme,jumpy,marine,bleu,35,,,jumpyfemme
58,Jumpy,"Couleur:color:0, Pointure:select:1","Color:color:0, Size:select:1","Marine/Bleu:0, 36:1","Marine/Bleu:0, 36:1",,jumpy-marine-bleu-36,JUMPY-FE-MABL36,Couleur:color:0,Pointure:select:1,Marine-Bleu:0,0,36:1,1,,,0,,,,1,,,,,144,Jumpy,,jumpy-marine-bleu-36,Couleur,Pointure,Marine/Bleu,4,36,7,1,51,,,,,,Bottines femme,Femme,Bottine,jumpy femme,jumpy,marine,bleu,36,,,jumpyfemme
58,Jumpy,"Couleur:color:0, Pointure:select:1","Color:color:0, Size:select:1","Marine/Bleu:0, 37:1","Marine/Bleu:0, 37:1",,jumpy-marine-bleu-37,JUMPY-FE-MABL37,Couleur:color:0,Pointure:select:1,Marine-Bleu:0,0,37:1,1,,,0,,,,1,,,,,144,Jumpy,,jumpy-marine-bleu-37,Couleur,Pointure,Marine/Bleu,4,37,8,1,51,,,,,,Bottines femme,Femme,Bottine,jumpy femme,jumpy,marine,bleu,37,,,jumpyfemme
