107,Bora,"Couleur:color:0, Pointure:select:1","Color:color:0, Size:select:1","Bleu pastel:0, 36:1","Bleu pastel:0, 36:1",,bora-bleu-pastel-36,BORA-FE-BLPA36,Couleur:color:0,Pointure:select:1,Bleu pastel:0,0,36:1,1,,,,,,https://cata.meduse.co/femmes/sandales/bora/bleu-pastel/sandales-femme-bora-bleu-pastel-cote.jpg,1,,,,,107,Bora,,bora-bleu-pastel-36,Couleur,Pointure,Bleu pastel,3,36,1,1,54,,,,,,Sandales femme,Femme,Sandale,bora femme,bora,bleu,pastel,36,,,borafemme
107,Bora,"Couleur:color:0, Pointure:select:1","Color:color:0, Size:select:1","Bleu pastel:0, 37:1","Bleu pastel:0, 37:1",,bora-bleu-pastel-37,BORA-FE-BLPA37,Couleur:color:0,Pointure:select:1,Bleu pastel:0,0,37:1,1,,,,,,https://cata.meduse.co/femmes/sandales/bora/bleu-pastel/sandales-femme-bora-bleu-pastel-cote.jpg,1,,,,,107,Bora,,bora-bleu-pastel-37,Couleur,Pointure,Bleu pastel,3,37,2,1,54,,,,,,Sandales femme,Femme,Sandale,bora femme,bora,bleu,pastel,37,,,borafemme
107,Bora,"Couleur:color:0, Pointure:select:1","Color:color:0, Size:select:1","Bleu pastel:0, 38:1","Bleu pastel:0, 38:1",,bora-bleu-pastel-38,BORA-FE-BLPA38,Couleur:color:0,Pointure:select:1,Bleu pastel:0,0,38:1,1,,,,,,https://cata.meduse.co/femmes/sandales/bora/bleu-pastel/sandales-femme-bora-bleu-pastel-cote.jpg,1,,,,,107,Bora,,bora-bleu-pastel-38,Couleur,Pointure,Bleu pastel,3,38,3,1,54,,,,,,Sandales femme,Femme,Sandale,bora femme,bora,bleu,pastel,38,,,borafemme
107,Bora,"Couleur:color:0, Pointure:select:1","Color:color:0, Size:select:1","Bleu pastel:0, 39:1","Bleu pastel:0, 39:1",,bora-bleu-pastel-39,BORA-FE-BLPA39,Couleur:color:0,Pointure:select:1,Bleu pastel:0,0,39:1,1,,,,,,https://cata.meduse.co/femmes/sandales/bora/bleu-pastel/sandales-femme-bora-bleu-pastel-cote.jpg,1,,,,,107,Bora,,bora-bleu-pastel-39,Couleur,Pointure,Bleu pastel,3,39,4,1,54,,,,,,Sandales femme,Femme,Sandale,bora femme,bora,bleu,pastel,39,,,borafemme
107,Bora,"Couleur:color:0, Pointure:select:1","Color:color:0, Size:select:1","Bleu pastel:0, 40:1","Bleu pastel:0, 40:1",,bora-bleu-pastel-40,BORA-FE-BLPA40,Couleur:color:0,Pointure:select:1,Bleu pastel:0,0,40:1,1,,,,,,https://cata.meduse.co/femmes/sandales/bora/bleu-pastel/sandales-femme-bora-bleu-pastel-cote.jpg,1,,,,,107,Bora,,bora-bleu-pastel-40,Couleur,Pointure,Bleu pastel,3,40,5,1,54,,,,,,Sandales femme,Femme,Sandale,bora femme,bora,bleu,pastel,40,,,borafemme
107,Bora,"Couleur:color:0, Pointure:select:1","Color:color:0, Size:select:1","Bleu pastel:0, 41:1","Bleu pastel:0, 41:1",,bora-bleu-pastel-41,BORA-FE-BLPA41,Couleur:color:0,Pointure:select:1,Bleu pastel:0,0,41:1,1,,,,,,https://cata.meduse.co/femmes/sandales/bora/bleu-pastel/sandales-femme-bora-bleu-pastel-cote.jpg,1,,,,,107,Bora,,bora-bleu-pastel-41,Couleur,Pointure,Bleu pastel,3,41,6,1,54,,,,,,Sandales femme,Femme,Sandale,bora femme,bora,bleu,pastel,41,,,borafemme
107,Bora,"Couleur:color:0, Pointure:select:1","Color:color:0, Size:select:1","Canari:0, 36:1","Canari:0, 36:1",,bora-canari-36,BORA-FE-CA36,Couleur:color:0,Pointure:select:1,Canari:0,0,36:1,1,,,,,,https://cata.meduse.co/femmes/sandales/bora/canari/sandales-femme-bora-canari-cote.jpg,1,,,,,107,Bora,,bora-canari-36,Couleur,Pointure,Canari,4,36,1,1,54,,,,,,Sandales femme,Femme,Sandale,bora femme,bora,canari,36,,,,borafemme
107,Bora,"Couleur:color:0, Pointure:select:1","Color:color:0, Size:select:1","Canari:0, 37:1","Canari:0, 37:1",,bora-canari-37,BORA-FE-CA37,Couleur:color:0,Pointure:select:1,Canari:0,0,37:1,1,,,,,,https://cata.meduse.co/femmes/sandales/bora/canari/sandales-femme-bora-canari-cote.jpg,1,,,,,107,Bora,,bora-canari-37,Couleur,Pointure,Canari,4,37,2,1,54,,,,,,Sandales femme,Femme,Sandale,bora femme,bora,canari,37,,,,borafemme
107,Bora,"Couleur:color:0, Pointure:select:1","Color:color:0, Size:select:1","Canari:0, 38:1","Canari:0, 38:1",,bora-canari-38,BORA-FE-CA38,Couleur:color:0,Pointure:select:1,Canari:0,0,38:1,1,,,,,,https://cata.meduse.co/femmes/sandales/bora/canari/sandales-femme-bora-canari-cote.jpg,1,,,,,107,Bora,,bora-canari-38,Couleur,Pointure,Canari,4,38,3,1,54,,,,,,Sandales femme,Femme,Sandale,bora femme,bora,canari,38,,,,borafemme
107,Bora,"Couleur:color:0, Pointure:select:1","Color:color:0, Size:select:1","Canari:0, 39:1","Canari:0, 39:1",,bora-canari-39,BORA-FE-CA39,Couleur:color:0,Pointure:select:1,Canari:0,0,39:1,1,,,,,,https://cata.meduse.co/femmes/sandales/bora/canari/sandales-femme-bora-canari-cote.jpg,1,,,,,107,Bora,,bora-canari-39,Couleur,Pointure,Canari,4,39,4,1,54,,,,,,Sandales femme,Femme,Sandale,bora femme,bora,canari,39,,,,borafemme
107,Bora,"Couleur:color:0, Pointure:select:1","Color:color:0, Size:select:1","Canari:0, 40:1","Canari:0, 40:1",,bora-canari-40,BORA-FE-CA40,Couleur:color:0,Pointure:select:1,Canari:0,0,40:1,1,,,,,,https://cata.meduse.co/femmes/sandales/bora/canari/sandales-femme-bora-canari-cote.jpg,1,,,,,107,Bora,,bora-canari-40,Couleur,Pointure,Canari,4,40,5,1,54,,,,,,Sandales femme,Femme,Sandale,bora femme,bora,canari,40,,,,borafemme
107,Bora,"Couleur:color:0, Pointure:select:1","Color:color:0, Size:select:1","Canari:0, 41:1","Canari:0, 41:1",,bora-canari-41,BORA-FE-CA41,Couleur:color:0,Pointure:select:1,Canari:0,0,41:1,1,,,,,,https://cata.meduse.co/femmes/sandales/bora/canari/sandales-femme-bora-canari-cote.jpg,1,,,,,107,Bora,,bora-canari-41,Couleur,Pointure,Canari,4,41,6,1,54,,,,,,Sandales femme,Femme,Sandale,bora femme,bora,canari,41,,,,borafemme
107,Bora,"Couleur:color:0, Pointure:select:1","Color:color:0, Size:select:1","Carmin:0, 36:1","Carmin:0, 36:1",,bora-carmin-36,BORA-FE-CA36,Couleur:color:0,Pointure:select:1,Carmin:0,0,36:1,1,,,,,,https://cata.meduse.co/femmes/sandales/bora/carmin/sandales-femme-bora-carmin-cote.jpg,1,,,,,107,Bora,,bora-carmin-36,Couleur,Pointure,Carmin,5,36,1,1,54,,,,,,Sandales femme,Femme,Sandale,bora femme,bora,carmin,36,,,,borafemme
107,Bora,"Couleur:color:0, Pointure:select:1","Color:color:0, Size:select:1","Carmin:0, 37:1","Carmin:0, 37:1",,bora-carmin-37,BORA-FE-CA37,Couleur:color:0,Pointure:select:1,Carmin:0,0,37:1,1,,,,,,https://cata.meduse.co/femmes/sandales/bora/carmin/sandales-femme-bora-carmin-cote.jpg,1,,,,,107,Bora,,bora-carmin-37,Couleur,Pointure,Carmin,5,37,2,1,54,,,,,,Sandales femme,Femme,Sandale,bora femme,bora,carmin,37,,,,borafemme
107,Bora,"Couleur:color:0, Pointure:select:1","Color:color:0, Size:select:1","Carmin:0, 38:1","Carmin:0, 38:1",,bora-carmin-38,BORA-FE-CA38,Couleur:color:0,Pointure:select:1,Carmin:0,0,38:1,1,,,,,,https://cata.meduse.co/femmes/sandales/bora/carmin/sandales-femme-bora-carmin-cote.jpg,1,,,,,107,Bora,,bora-carmin-38,Couleur,Pointure,Carmin,5,38,3,1,54,,,,,,Sandales femme,Femme,Sandale,bora femme,bora,carmin,38,,,,borafemme
107,Bora,"Couleur:color:0, Pointure:select:1","Color:color:0, Size:select:1","Carmin:0, 39:1","Carmin:0, 39:1",,bora-carmin-39,BORA-FE-CA39,Couleur:color:0,Pointure:select:1,Carmin:0,0,39:1,1,,,,,,https://cata.meduse.co/femmes/sandales/bora/carmin/sandales-femme-bora-carmin-cote.jpg,1,,,,,107,Bora,,bora-carmin-39,Couleur,Pointure,Carmin,5,39,4,1,54,,,,,,Sandales femme,Femme,Sandale,bora femme,bora,carmin,39,,,,borafemme
107,Bora,"Couleur:color:0, Pointure:select:1","Color:color:0, Size:select:1","Carmin:0, 40:1","Carmin:0, 40:1",,bora-carmin-40,BORA-FE-CA40,Couleur:color:0,Pointure:select:1,Carmin:0,0,40:1,1,,,,,,https://cata.meduse.co/femmes/sandales/bora/carmin/sandales-femme-bora-carmin-cote.jpg,1,,,,,107,Bora,,bora-carmin-40,Couleur,Pointure,Carmin,5,40,5,1,54,,,,,,Sandales femme,Femme,Sandale,bora femme,bora,carmin,40,,,,borafemme
107,Bora,"Couleur:color:0, Pointure:select:1","Color:color:0, Size:select:1","Carmin:0, 41:1","Carmin:0, 41:1",,bora-carmin-41,BORA-FE-CA41,Couleur:color:0,Pointure:select:1,Carmin:0,0,41:1,1,,,,,,https://cata.meduse.co/femmes/sandales/bora/carmin/sandales-femme-bora-carmin-cote.jpg,1,,,,,107,Bora,,bora-carmin-41,Couleur,Pointure,Carmin,5,41,6,1,54,,,,,,Sandales femme,Femme,Sandale,bora femme,bora,carmin,41,,,,borafemme
107,Bora,"Couleur:color:0, Pointure:select:1","Color:color:0, Size:select:1","Fuchsia:0, 36:1","Fuchsia:0, 36:1",,bora-fuchsia-36,BORA-FE-FU36,Couleur:color:0,Pointure:select:1,Fuchsia:0,0,36:1,1,,,,,,https://cata.meduse.co/femmes/sandales/bora/fuchsia/sandales-femme-bora-fuchsia-cote.jpg,1,,,,,107,Bora,,bora-fuchsia-36,Couleur,Pointure,Fuchsia,6,36,1,1,54,,,,,,Sandales femme,Femme,Sandale,bora femme,bora,fuchsia,36,,,,borafemme
107,Bora,"Couleur:color:0, Pointure:select:1","Color:color:0, Size:select:1","Fuchsia:0, 37:1","Fuchsia:0, 37:1",,bora-fuchsia-37,BORA-FE-FU37,Couleur:color:0,Pointure:select:1,Fuchsia:0,0,37:1,1,,,,,,https://cata.meduse.co/femmes/sandales/bora/fuchsia/sandales-femme-bora-fuchsia-cote.jpg,1,,,,,107,Bora,,bora-fuchsia-37,Couleur,Pointure,Fuchsia,6,37,2,1,54,,,,,,Sandales femme,Femme,Sandale,bora femme,bora,fuchsia,37,,,,borafemme
107,Bora,"Couleur:color:0, Pointure:select:1","Color:color:0, Size:select:1","Fuchsia:0, 38:1","Fuchsia:0, 38:1",,bora-fuchsia-38,BORA-FE-FU38,Couleur:color:0,Pointure:select:1,Fuchsia:0,0,38:1,1,,,,,,https://cata.meduse.co/femmes/sandales/bora/fuchsia/sandales-femme-bora-fuchsia-cote.jpg,1,,,,,107,Bora,,bora-fuchsia-38,Couleur,Pointure,Fuchsia,6,38,3,1,54,,,,,,Sandales femme,Femme,Sandale,bora femme,bora,fuchsia,38,,,,borafemme
107,Bora,"Couleur:color:0, Pointure:select:1","Color:color:0, Size:select:1","Fuchsia:0, 39:1","Fuchsia:0, 39:1",,bora-fuchsia-39,BORA-FE-FU39,Couleur:color:0,Pointure:select:1,Fuchsia:0,0,39:1,1,,,,,,https://cata.meduse.co/femmes/sandales/bora/fuchsia/sandales-femme-bora-fuchsia-cote.jpg,1,,,,,107,Bora,,bora-fuchsia-39,Couleur,Pointure,Fuchsia,6,39,4,1,54,,,,,,Sandales femme,Femme,Sandale,bora femme,bora,fuchsia,39,,,,borafemme
107,Bora,"Couleur:color:0, Pointure:select:1","Color:color:0, Size:select:1","Fuchsia:0, 40:1","Fuchsia:0, 40:1",,bora-fuchsia-40,BORA-FE-FU40,Couleur:color:0,Pointure:select:1,Fuchsia:0,0,40:1,1,,,,,,https://cata.meduse.co/femmes/sandales/bora/fuchsia/sandales-femme-bora-fuchsia-cote.jpg,1,,,,,107,Bora,,bora-fuchsia-40,Couleur,Pointure,Fuchsia,6,40,5,1,54,,,,,,Sandales femme,Femme,Sandale,bora femme,bora,fuchsia,40,,,,borafemme
107,Bora,"Couleur:color:0, Pointure:select:1","Color:color:0, Size:select:1","Fuchsia:0, 41:1","Fuchsia:0, 41:1",,bora-fuchsia-41,BORA-FE-FU41,Couleur:color:0,Pointure:select:1,Fuchsia:0,0,41:1,1,,,,,,https://cata.meduse.co/femmes/sandales/bora/fuchsia/sandales-femme-bora-fuchsia-cote.jpg,1,,,,,107,Bora,,bora-fuchsia-41,Couleur,Pointure,Fuchsia,6,41,6,1,54,,,,,,Sandales femme,Femme,Sandale,bora femme,bora,fuchsia,41,,,,borafemme
107,Bora,"Couleur:color:0, Pointure:select:1","Color:color:0, Size:select:1","Fuchsia/Multico:0, 36:1","Fuchsia/Multico:0, 36:1",,bora-fuchsia-multico-36,BORA-FE-FUMU36,Couleur:color:0,Pointure:select:1,Fuchsia-Multico:0,0,36:1,1,,,,,,https://cata.meduse.co/femmes/sandales/bora/fuchsia-multico/sandales-femme-bora-fuchsia-multico-cote.jpg,1,,,,,107,Bora,,bora-fuchsia-multico-36,Couleur,Pointure,Fuchsia/Multico,7,36,1,1,54,,,,,,Sandales femme,Femme,Sandale,bora femme,bora,fuchsia,multico,36,,,borafemme
107,Bora,"Couleur:color:0, Pointure:select:1","Color:color:0, Size:select:1","Fuchsia/Multico:0, 37:1","Fuchsia/Multico:0, 37:1",,bora-fuchsia-multico-37,BORA-FE-FUMU37,Couleur:color:0,Pointure:select:1,Fuchsia-Multico:0,0,37:1,1,,,,,,https://cata.meduse.co/femmes/sandales/bora/fuchsia-multico/sandales-femme-bora-fuchsia-multico-cote.jpg,1,,,,,107,Bora,,bora-fuchsia-multico-37,Couleur,Pointure,Fuchsia/Multico,7,37,2,1,54,,,,,,Sandales femme,Femme,Sandale,bora femme,bora,fuchsia,multico,37,,,borafemme
107,Bora,"Couleur:color:0, Pointure:select:1","Color:color:0, Size:select:1","Fuchsia/Multico:0, 38:1","Fuchsia/Multico:0, 38:1",,bora-fuchsia-multico-38,BORA-FE-FUMU38,Couleur:color:0,Pointure:select:1,Fuchsia-Multico:0,0,38:1,1,,,,,,https://cata.meduse.co/femmes/sandales/bora/fuchsia-multico/sandales-femme-bora-fuchsia-multico-cote.jpg,1,,,,,107,Bora,,bora-fuchsia-multico-38,Couleur,Pointure,Fuchsia/Multico,7,38,3,1,54,,,,,,Sandales femme,Femme,Sandale,bora femme,bora,fuchsia,multico,38,,,borafemme
107,Bora,"Couleur:color:0, Pointure:select:1","Color:color:0, Size:select:1","Fuchsia/Multico:0, 39:1","Fuchsia/Multico:0, 39:1",,bora-fuchsia-multico-39,BORA-FE-FUMU39,Couleur:color:0,Pointure:select:1,Fuchsia-Multico:0,0,39:1,1,,,,,,https://cata.meduse.co/femmes/sandales/bora/fuchsia-multico/sandales-femme-bora-fuchsia-multico-cote.jpg,1,,,,,107,Bora,,bora-fuchsia-multico-39,Couleur,Pointure,Fuchsia/Multico,7,39,4,1,54,,,,,,Sandales femme,Femme,Sandale,bora femme,bora,fuchsia,multico,39,,,borafemme
107,Bora,"Couleur:color:0, Pointure:select:1","Color:color:0, Size:select:1","Fuchsia/Multico:0, 40:1","Fuchsia/Multico:0, 40:1",,bora-fuchsia-multico-40,BORA-FE-FUMU40,Couleur:color:0,Pointure:select:1,Fuchsia-Multico:0,0,40:1,1,,,,,,https://cata.meduse.co/femmes/sandales/bora/fuchsia-multico/sandales-femme-bora-fuchsia-multico-cote.jpg,1,,,,,107,Bora,,bora-fuchsia-multico-40,Couleur,Pointure,Fuchsia/Multico,7,40,5,1,54,,,,,,Sandales femme,Femme,Sandale,bora femme,bora,fuchsia,multico,40,,,borafemme
107,Bora,"Couleur:color:0, Pointure:select:1","Color:color:0, Size:select:1","Fuchsia/Multico:0, 41:1","Fuchsia/Multico:0, 41:1",,bora-fuchsia-multico-41,BORA-FE-FUMU41,Couleur:color:0,Pointure:select:1,Fuchsia-Multico:0,0,41:1,1,,,,,,https://cata.meduse.co/femmes/sandales/bora/fuchsia-multico/sandales-femme-bora-fuchsia-multico-cote.jpg,1,,,,,107,Bora,,bora-fuchsia-multico-41,Couleur,Pointure,Fuchsia/Multico,7,41,6,1,54,,,,,,Sandales femme,Femme,Sandale,bora femme,bora,fuchsia,multico,41,,,borafemme
107,Bora,"Couleur:color:0, Pointure:select:1","Color:color:0, Size:select:1","Hologramme/Noir:0, 36:1","Hologramme/Noir:0, 36:1",,bora-hologramme-noir-36,BORA-FE-HONO36,Couleur:color:0,Pointure:select:1,Hologramme-Noir:0,0,36:1,1,,,,,,https://cata.meduse.co/femmes/sandales/bora/hologramme-noir/sandales-femme-bora-hologramme-noir-cote.jpg,1,,,,,107,Bora,,bora-hologramme-noir-36,Couleur,Pointure,Hologramme/Noir,8,36,1,1,54,,,,,,Sandales femme,Femme,Sandale,bora femme,bora,hologramme,noir,36,,,borafemme
107,Bora,"Couleur:color:0, Pointure:select:1","Color:color:0, Size:select:1","Hologramme/Noir:0, 37:1","Hologramme/Noir:0, 37:1",,bora-hologramme-noir-37,BORA-FE-HONO37,Couleur:color:0,Pointure:select:1,Hologramme-Noir:0,0,37:1,1,,,,,,https://cata.meduse.co/femmes/sandales/bora/hologramme-noir/sandales-femme-bora-hologramme-noir-cote.jpg,1,,,,,107,Bora,,bora-hologramme-noir-37,Couleur,Pointure,Hologramme/Noir,8,37,2,1,54,,,,,,Sandales femme,Femme,Sandale,bora femme,bora,hologramme,noir,37,,,borafemme
107,Bora,"Couleur:color:0, Pointure:select:1","Color:color:0, Size:select:1","Hologramme/Noir:0, 38:1","Hologramme/Noir:0, 38:1",,bora-hologramme-noir-38,BORA-FE-HONO38,Couleur:color:0,Pointure:select:1,Hologramme-Noir:0,0,38:1,1,,,,,,https://cata.meduse.co/femmes/sandales/bora/hologramme-noir/sandales-femme-bora-hologramme-noir-cote.jpg,1,,,,,107,Bora,,bora-hologramme-noir-38,Couleur,Pointure,Hologramme/Noir,8,38,3,1,54,,,,,,Sandales femme,Femme,Sandale,bora femme,bora,hologramme,noir,38,,,borafemme
107,Bora,"Couleur:color:0, Pointure:select:1","Color:color:0, Size:select:1","Hologramme/Noir:0, 39:1","Hologramme/Noir:0, 39:1",,bora-hologramme-noir-39,BORA-FE-HONO39,Couleur:color:0,Pointure:select:1,Hologramme-Noir:0,0,39:1,1,,,,,,https://cata.meduse.co/femmes/sandales/bora/hologramme-noir/sandales-femme-bora-hologramme-noir-cote.jpg,1,,,,,107,Bora,,bora-hologramme-noir-39,Couleur,Pointure,Hologramme/Noir,8,39,4,1,54,,,,,,Sandales femme,Femme,Sandale,bora femme,bora,hologramme,noir,39,,,borafemme
107,Bora,"Couleur:color:0, Pointure:select:1","Color:color:0, Size:select:1","Hologramme/Noir:0, 40:1","Hologramme/Noir:0, 40:1",,bora-hologramme-noir-40,BORA-FE-HONO40,Couleur:color:0,Pointure:select:1,Hologramme-Noir:0,0,40:1,1,,,,,,https://cata.meduse.co/femmes/sandales/bora/hologramme-noir/sandales-femme-bora-hologramme-noir-cote.jpg,1,,,,,107,Bora,,bora-hologramme-noir-40,Couleur,Pointure,Hologramme/Noir,8,40,5,1,54,,,,,,Sandales femme,Femme,Sandale,bora femme,bora,hologramme,noir,40,,,borafemme
107,Bora,"Couleur:color:0, Pointure:select:1","Color:color:0, Size:select:1","Hologramme/Noir:0, 41:1","Hologramme/Noir:0, 41:1",,bora-hologramme-noir-41,BORA-FE-HONO41,Couleur:color:0,Pointure:select:1,Hologramme-Noir:0,0,41:1,1,,,,,,https://cata.meduse.co/femmes/sandales/bora/hologramme-noir/sandales-femme-bora-hologramme-noir-cote.jpg,1,,,,,107,Bora,,bora-hologramme-noir-41,Couleur,Pointure,Hologramme/Noir,8,41,6,1,54,,,,,,Sandales femme,Femme,Sandale,bora femme,bora,hologramme,noir,41,,,borafemme
107,Bora,"Couleur:color:0, Pointure:select:1","Color:color:0, Size:select:1","Lagon:0, 36:1","Lagon:0, 36:1",,bora-lagon-36,BORA-FE-LA36,Couleur:color:0,Pointure:select:1,Lagon:0,0,36:1,1,,,,,,https://cata.meduse.co/femmes/sandales/bora/lagon/sandales-femme-bora-lagon-cote.jpg,1,,,,,107,Bora,,bora-lagon-36,Couleur,Pointure,Lagon,9,36,1,1,54,,,,,,Sandales femme,Femme,Sandale,bora femme,bora,lagon,36,,,,borafemme
107,Bora,"Couleur:color:0, Pointure:select:1","Color:color:0, Size:select:1","Lagon:0, 37:1","Lagon:0, 37:1",,bora-lagon-37,BORA-FE-LA37,Couleur:color:0,Pointure:select:1,Lagon:0,0,37:1,1,,,,,,https://cata.meduse.co/femmes/sandales/bora/lagon/sandales-femme-bora-lagon-cote.jpg,1,,,,,107,Bora,,bora-lagon-37,Couleur,Pointure,Lagon,9,37,2,1,54,,,,,,Sandales femme,Femme,Sandale,bora femme,bora,lagon,37,,,,borafemme
107,Bora,"Couleur:color:0, Pointure:select:1","Color:color:0, Size:select:1","Lagon:0, 38:1","Lagon:0, 38:1",,bora-lagon-38,BORA-FE-LA38,Couleur:color:0,Pointure:select:1,Lagon:0,0,38:1,1,,,,,,https://cata.meduse.co/femmes/sandales/bora/lagon/sandales-femme-bora-lagon-cote.jpg,1,,,,,107,Bora,,bora-lagon-38,Couleur,Pointure,Lagon,9,38,3,1,54,,,,,,Sandales femme,Femme,Sandale,bora femme,bora,lagon,38,,,,borafemme
107,Bora,"Couleur:color:0, Pointure:select:1","Color:color:0, Size:select:1","Lagon:0, 39:1","Lagon:0, 39:1",,bora-lagon-39,BORA-FE-LA39,Couleur:color:0,Pointure:select:1,Lagon:0,0,39:1,1,,,,,,https://cata.meduse.co/femmes/sandales/bora/lagon/sandales-femme-bora-lagon-cote.jpg,1,,,,,107,Bora,,bora-lagon-39,Couleur,Pointure,Lagon,9,39,4,1,54,,,,,,Sandales femme,Femme,Sandale,bora femme,bora,lagon,39,,,,borafemme
107,Bora,"Couleur:color:0, Pointure:select:1","Color:color:0, Size:select:1","Lagon:0, 40:1","Lagon:0, 40:1",,bora-lagon-40,BORA-FE-LA40,Couleur:color:0,Pointure:select:1,Lagon:0,0,40:1,1,,,,,,https://cata.meduse.co/femmes/sandales/bora/lagon/sandales-femme-bora-lagon-cote.jpg,1,,,,,107,Bora,,bora-lagon-40,Couleur,Pointure,Lagon,9,40,5,1,54,,,,,,Sandales femme,Femme,Sandale,bora femme,bora,lagon,40,,,,borafemme
107,Bora,"Couleur:color:0, Pointure:select:1","Color:color:0, Size:select:1","Lagon:0, 41:1","Lagon:0, 41:1",,bora-lagon-41,BORA-FE-LA41,Couleur:color:0,Pointure:select:1,Lagon:0,0,41:1,1,,,,,,https://cata.meduse.co/femmes/sandales/bora/lagon/sandales-femme-bora-lagon-cote.jpg,1,,,,,107,Bora,,bora-lagon-41,Couleur,Pointure,Lagon,9,41,6,1,54,,,,,,Sandales femme,Femme,Sandale,bora femme,bora,lagon,41,,,,borafemme
107,Bora,"Couleur:color:0, Pointure:select:1","Color:color:0, Size:select:1","Noir:0, 36:1","Noir:0, 36:1",,bora-noir-36,BORA-FE-NO36,Couleur:color:0,Pointure:select:1,Noir:0,0,36:1,1,,,,,,https://cata.meduse.co/femmes/sandales/bora/noir/sandales-femme-bora-noir-cote.jpg,1,,,,,107,Bora,,bora-noir-36,Couleur,Pointure,Noir,10,36,1,1,54,,,,,,Sandales femme,Femme,Sandale,bora femme,bora,noir,36,,,,borafemme
107,Bora,"Couleur:color:0, Pointure:select:1","Color:color:0, Size:select:1","Noir:0, 37:1","Noir:0, 37:1",,bora-noir-37,BORA-FE-NO37,Couleur:color:0,Pointure:select:1,Noir:0,0,37:1,1,,,,,,https://cata.meduse.co/femmes/sandales/bora/noir/sandales-femme-bora-noir-cote.jpg,1,,,,,107,Bora,,bora-noir-37,Couleur,Pointure,Noir,10,37,2,1,54,,,,,,Sandales femme,Femme,Sandale,bora femme,bora,noir,37,,,,borafemme
107,Bora,"Couleur:color:0, Pointure:select:1","Color:color:0, Size:select:1","Noir:0, 38:1","Noir:0, 38:1",,bora-noir-38,BORA-FE-NO38,Couleur:color:0,Pointure:select:1,Noir:0,0,38:1,1,,,,,,https://cata.meduse.co/femmes/sandales/bora/noir/sandales-femme-bora-noir-cote.jpg,1,,,,,107,Bora,,bora-noir-38,Couleur,Pointure,Noir,10,38,3,1,54,,,,,,Sandales femme,Femme,Sandale,bora femme,bora,noir,38,,,,borafemme
107,Bora,"Couleur:color:0, Pointure:select:1","Color:color:0, Size:select:1","Noir:0, 39:1","Noir:0, 39:1",,bora-noir-39,BORA-FE-NO39,Couleur:color:0,Pointure:select:1,Noir:0,0,39:1,1,,,,,,https://cata.meduse.co/femmes/sandales/bora/noir/sandales-femme-bora-noir-cote.jpg,1,,,,,107,Bora,,bora-noir-39,Couleur,Pointure,Noir,10,39,4,1,54,,,,,,Sandales femme,Femme,Sandale,bora femme,bora,noir,39,,,,borafemme
107,Bora,"Couleur:color:0, Pointure:select:1","Color:color:0, Size:select:1","Noir:0, 40:1","Noir:0, 40:1",,bora-noir-40,BORA-FE-NO40,Couleur:color:0,Pointure:select:1,Noir:0,0,40:1,1,,,,,,https://cata.meduse.co/femmes/sandales/bora/noir/sandales-femme-bora-noir-cote.jpg,1,,,,,107,Bora,,bora-noir-40,Couleur,Pointure,Noir,10,40,5,1,54,,,,,,Sandales femme,Femme,Sandale,bora femme,bora,noir,40,,,,borafemme
107,Bora,"Couleur:color:0, Pointure:select:1","Color:color:0, Size:select:1","Noir:0, 41:1","Noir:0, 41:1",,bora-noir-41,BORA-FE-NO41,Couleur:color:0,Pointure:select:1,Noir:0,0,41:1,1,,,,,,https://cata.meduse.co/femmes/sandales/bora/noir/sandales-femme-bora-noir-cote.jpg,1,,,,,107,Bora,,bora-noir-41,Couleur,Pointure,Noir,10,41,6,1,54,,,,,,Sandales femme,Femme,Sandale,bora femme,bora,noir,41,,,,borafemme
107,Bora,"Couleur:color:0, Pointure:select:1","Color:color:0, Size:select:1","Noir/Argent pailleté:0, 36:1","Noir/Argent pailleté:0, 36:1",,bora-noir-argent-pailleté-36,BORA-FE-NOARPA36,Couleur:color:0,Pointure:select:1,Noir-Argent pailleté:0,0,36:1,1,,,,,,https://cata.meduse.co/femmes/sandales/bora/noir-argent-paillete/sandales-femme-bora-noir-argent-paillete-cote.jpg,1,,,,,107,Bora,,bora-noir-argent-pailleté-36,Couleur,Pointure,Noir/Argent pailleté,11,36,1,1,54,,,,,,Sandales femme,Femme,Sandale,bora femme,bora,noir,argent,pailleté,36,,borafemme
107,Bora,"Couleur:color:0, Pointure:select:1","Color:color:0, Size:select:1","Noir/Argent pailleté:0, 37:1","Noir/Argent pailleté:0, 37:1",,bora-noir-argent-pailleté-37,BORA-FE-NOARPA37,Couleur:color:0,Pointure:select:1,Noir-Argent pailleté:0,0,37:1,1,,,,,,https://cata.meduse.co/femmes/sandales/bora/noir-argent-paillete/sandales-femme-bora-noir-argent-paillete-cote.jpg,1,,,,,107,Bora,,bora-noir-argent-pailleté-37,Couleur,Pointure,Noir/Argent pailleté,11,37,2,1,54,,,,,,Sandales femme,Femme,Sandale,bora femme,bora,noir,argent,pailleté,37,,borafemme
107,Bora,"Couleur:color:0, Pointure:select:1","Color:color:0, Size:select:1","Noir/Argent pailleté:0, 38:1","Noir/Argent pailleté:0, 38:1",,bora-noir-argent-pailleté-38,BORA-FE-NOARPA38,Couleur:color:0,Pointure:select:1,Noir-Argent pailleté:0,0,38:1,1,,,,,,https://cata.meduse.co/femmes/sandales/bora/noir-argent-paillete/sandales-femme-bora-noir-argent-paillete-cote.jpg,1,,,,,107,Bora,,bora-noir-argent-pailleté-38,Couleur,Pointure,Noir/Argent pailleté,11,38,3,1,54,,,,,,Sandales femme,Femme,Sandale,bora femme,bora,noir,argent,pailleté,38,,borafemme
107,Bora,"Couleur:color:0, Pointure:select:1","Color:color:0, Size:select:1","Noir/Argent pailleté:0, 39:1","Noir/Argent pailleté:0, 39:1",,bora-noir-argent-pailleté-39,BORA-FE-NOARPA39,Couleur:color:0,Pointure:select:1,Noir-Argent pailleté:0,0,39:1,1,,,,,,https://cata.meduse.co/femmes/sandales/bora/noir-argent-paillete/sandales-femme-bora-noir-argent-paillete-cote.jpg,1,,,,,107,Bora,,bora-noir-argent-pailleté-39,Couleur,Pointure,Noir/Argent pailleté,11,39,4,1,54,,,,,,Sandales femme,Femme,Sandale,bora femme,bora,noir,argent,pailleté,39,,borafemme
107,Bora,"Couleur:color:0, Pointure:select:1","Color:color:0, Size:select:1","Noir/Argent pailleté:0, 40:1","Noir/Argent pailleté:0, 40:1",,bora-noir-argent-pailleté-40,BORA-FE-NOARPA40,Couleur:color:0,Pointure:select:1,Noir-Argent pailleté:0,0,40:1,1,,,,,,https://cata.meduse.co/femmes/sandales/bora/noir-argent-paillete/sandales-femme-bora-noir-argent-paillete-cote.jpg,1,,,,,107,Bora,,bora-noir-argent-pailleté-40,Couleur,Pointure,Noir/Argent pailleté,11,40,5,1,54,,,,,,Sandales femme,Femme,Sandale,bora femme,bora,noir,argent,pailleté,40,,borafemme
107,Bora,"Couleur:color:0, Pointure:select:1","Color:color:0, Size:select:1","Noir/Argent pailleté:0, 41:1","Noir/Argent pailleté:0, 41:1",,bora-noir-argent-pailleté-41,BORA-FE-NOARPA41,Couleur:color:0,Pointure:select:1,Noir-Argent pailleté:0,0,41:1,1,,,,,,https://cata.meduse.co/femmes/sandales/bora/noir-argent-paillete/sandales-femme-bora-noir-argent-paillete-cote.jpg,1,,,,,107,Bora,,bora-noir-argent-pailleté-41,Couleur,Pointure,Noir/Argent pailleté,11,41,6,1,54,,,,,,Sandales femme,Femme,Sandale,bora femme,bora,noir,argent,pailleté,41,,borafemme
107,Bora,"Couleur:color:0, Pointure:select:1","Color:color:0, Size:select:1","Nuage:0, 36:1","Nuage:0, 36:1",,bora-nuage-36,BORA-FE-NU36,Couleur:color:0,Pointure:select:1,Nuage:0,0,36:1,1,,,,,,https://cata.meduse.co/femmes/sandales/bora/nuage/sandales-femme-bora-nuage-cote.jpg,1,,,,,107,Bora,,bora-nuage-36,Couleur,Pointure,Nuage,12,36,1,1,54,,,,,,Sandales femme,Femme,Sandale,bora femme,bora,nuage,36,,,,borafemme
107,Bora,"Couleur:color:0, Pointure:select:1","Color:color:0, Size:select:1","Nuage:0, 37:1","Nuage:0, 37:1",,bora-nuage-37,BORA-FE-NU37,Couleur:color:0,Pointure:select:1,Nuage:0,0,37:1,1,,,,,,https://cata.meduse.co/femmes/sandales/bora/nuage/sandales-femme-bora-nuage-cote.jpg,1,,,,,107,Bora,,bora-nuage-37,Couleur,Pointure,Nuage,12,37,2,1,54,,,,,,Sandales femme,Femme,Sandale,bora femme,bora,nuage,37,,,,borafemme
107,Bora,"Couleur:color:0, Pointure:select:1","Color:color:0, Size:select:1","Nuage:0, 38:1","Nuage:0, 38:1",,bora-nuage-38,BORA-FE-NU38,Couleur:color:0,Pointure:select:1,Nuage:0,0,38:1,1,,,,,,https://cata.meduse.co/femmes/sandales/bora/nuage/sandales-femme-bora-nuage-cote.jpg,1,,,,,107,Bora,,bora-nuage-38,Couleur,Pointure,Nuage,12,38,3,1,54,,,,,,Sandales femme,Femme,Sandale,bora femme,bora,nuage,38,,,,borafemme
107,Bora,"Couleur:color:0, Pointure:select:1","Color:color:0, Size:select:1","Nuage:0, 39:1","Nuage:0, 39:1",,bora-nuage-39,BORA-FE-NU39,Couleur:color:0,Pointure:select:1,Nuage:0,0,39:1,1,,,,,,https://cata.meduse.co/femmes/sandales/bora/nuage/sandales-femme-bora-nuage-cote.jpg,1,,,,,107,Bora,,bora-nuage-39,Couleur,Pointure,Nuage,12,39,4,1,54,,,,,,Sandales femme,Femme,Sandale,bora femme,bora,nuage,39,,,,borafemme
107,Bora,"Couleur:color:0, Pointure:select:1","Color:color:0, Size:select:1","Nuage:0, 40:1","Nuage:0, 40:1",,bora-nuage-40,BORA-FE-NU40,Couleur:color:0,Pointure:select:1,Nuage:0,0,40:1,1,,,,,,https://cata.meduse.co/femmes/sandales/bora/nuage/sandales-femme-bora-nuage-cote.jpg,1,,,,,107,Bora,,bora-nuage-40,Couleur,Pointure,Nuage,12,40,5,1,54,,,,,,Sandales femme,Femme,Sandale,bora femme,bora,nuage,40,,,,borafemme
107,Bora,"Couleur:color:0, Pointure:select:1","Color:color:0, Size:select:1","Nuage:0, 41:1","Nuage:0, 41:1",,bora-nuage-41,BORA-FE-NU41,Couleur:color:0,Pointure:select:1,Nuage:0,0,41:1,1,,,,,,https://cata.meduse.co/femmes/sandales/bora/nuage/sandales-femme-bora-nuage-cote.jpg,1,,,,,107,Bora,,bora-nuage-41,Couleur,Pointure,Nuage,12,41,6,1,54,,,,,,Sandales femme,Femme,Sandale,bora femme,bora,nuage,41,,,,borafemme
107,Bora,"Couleur:color:0, Pointure:select:1","Color:color:0, Size:select:1","Rose pastel:0, 36:1","Rose pastel:0, 36:1",,bora-rose-pastel-36,BORA-FE-ROPA36,Couleur:color:0,Pointure:select:1,Rose pastel:0,0,36:1,1,,,,,,https://cata.meduse.co/femmes/sandales/bora/rose-pastel/sandales-femme-bora-rose-pastel-cote.jpg,1,,,,,107,Bora,,bora-rose-pastel-36,Couleur,Pointure,Rose pastel,13,36,1,1,54,,,,,,Sandales femme,Femme,Sandale,bora femme,bora,rose,pastel,36,,,borafemme
107,Bora,"Couleur:color:0, Pointure:select:1","Color:color:0, Size:select:1","Rose pastel:0, 37:1","Rose pastel:0, 37:1",,bora-rose-pastel-37,BORA-FE-ROPA37,Couleur:color:0,Pointure:select:1,Rose pastel:0,0,37:1,1,,,,,,https://cata.meduse.co/femmes/sandales/bora/rose-pastel/sandales-femme-bora-rose-pastel-cote.jpg,1,,,,,107,Bora,,bora-rose-pastel-37,Couleur,Pointure,Rose pastel,13,37,2,1,54,,,,,,Sandales femme,Femme,Sandale,bora femme,bora,rose,pastel,37,,,borafemme
107,Bora,"Couleur:color:0, Pointure:select:1","Color:color:0, Size:select:1","Rose pastel:0, 38:1","Rose pastel:0, 38:1",,bora-rose-pastel-38,BORA-FE-ROPA38,Couleur:color:0,Pointure:select:1,Rose pastel:0,0,38:1,1,,,,,,https://cata.meduse.co/femmes/sandales/bora/rose-pastel/sandales-femme-bora-rose-pastel-cote.jpg,1,,,,,107,Bora,,bora-rose-pastel-38,Couleur,Pointure,Rose pastel,13,38,3,1,54,,,,,,Sandales femme,Femme,Sandale,bora femme,bora,rose,pastel,38,,,borafemme
107,Bora,"Couleur:color:0, Pointure:select:1","Color:color:0, Size:select:1","Rose pastel:0, 39:1","Rose pastel:0, 39:1",,bora-rose-pastel-39,BORA-FE-ROPA39,Couleur:color:0,Pointure:select:1,Rose pastel:0,0,39:1,1,,,,,,https://cata.meduse.co/femmes/sandales/bora/rose-pastel/sandales-femme-bora-rose-pastel-cote.jpg,1,,,,,107,Bora,,bora-rose-pastel-39,Couleur,Pointure,Rose pastel,13,39,4,1,54,,,,,,Sandales femme,Femme,Sandale,bora femme,bora,rose,pastel,39,,,borafemme
107,Bora,"Couleur:color:0, Pointure:select:1","Color:color:0, Size:select:1","Rose pastel:0, 40:1","Rose pastel:0, 40:1",,bora-rose-pastel-40,BORA-FE-ROPA40,Couleur:color:0,Pointure:select:1,Rose pastel:0,0,40:1,1,,,,,,https://cata.meduse.co/femmes/sandales/bora/rose-pastel/sandales-femme-bora-rose-pastel-cote.jpg,1,,,,,107,Bora,,bora-rose-pastel-40,Couleur,Pointure,Rose pastel,13,40,5,1,54,,,,,,Sandales femme,Femme,Sandale,bora femme,bora,rose,pastel,40,,,borafemme
107,Bora,"Couleur:color:0, Pointure:select:1","Color:color:0, Size:select:1","Rose pastel:0, 41:1","Rose pastel:0, 41:1",,bora-rose-pastel-41,BORA-FE-ROPA41,Couleur:color:0,Pointure:select:1,Rose pastel:0,0,41:1,1,,,,,,https://cata.meduse.co/femmes/sandales/bora/rose-pastel/sandales-femme-bora-rose-pastel-cote.jpg,1,,,,,107,Bora,,bora-rose-pastel-41,Couleur,Pointure,Rose pastel,13,41,6,1,54,,,,,,Sandales femme,Femme,Sandale,bora femme,bora,rose,pastel,41,,,borafemme
107,Bora,"Couleur:color:0, Pointure:select:1","Color:color:0, Size:select:1","Saumon/Multico:0, 36:1","Saumon/Multico:0, 36:1",,bora-saumon-multico-36,BORA-FE-SAMU36,Couleur:color:0,Pointure:select:1,Saumon-Multico:0,0,36:1,1,,,,,,https://cata.meduse.co/femmes/sandales/bora/saumon-multico/sandales-femme-bora-saumon-multico-cote.jpg,1,,,,,107,Bora,,bora-saumon-multico-36,Couleur,Pointure,Saumon/Multico,14,36,1,1,54,,,,,,Sandales femme,Femme,Sandale,bora femme,bora,saumon,multico,36,,,borafemme
107,Bora,"Couleur:color:0, Pointure:select:1","Color:color:0, Size:select:1","Saumon/Multico:0, 37:1","Saumon/Multico:0, 37:1",,bora-saumon-multico-37,BORA-FE-SAMU37,Couleur:color:0,Pointure:select:1,Saumon-Multico:0,0,37:1,1,,,,,,https://cata.meduse.co/femmes/sandales/bora/saumon-multico/sandales-femme-bora-saumon-multico-cote.jpg,1,,,,,107,Bora,,bora-saumon-multico-37,Couleur,Pointure,Saumon/Multico,14,37,2,1,54,,,,,,Sandales femme,Femme,Sandale,bora femme,bora,saumon,multico,37,,,borafemme
107,Bora,"Couleur:color:0, Pointure:select:1","Color:color:0, Size:select:1","Saumon/Multico:0, 38:1","Saumon/Multico:0, 38:1",,bora-saumon-multico-38,BORA-FE-SAMU38,Couleur:color:0,Pointure:select:1,Saumon-Multico:0,0,38:1,1,,,,,,https://cata.meduse.co/femmes/sandales/bora/saumon-multico/sandales-femme-bora-saumon-multico-cote.jpg,1,,,,,107,Bora,,bora-saumon-multico-38,Couleur,Pointure,Saumon/Multico,14,38,3,1,54,,,,,,Sandales femme,Femme,Sandale,bora femme,bora,saumon,multico,38,,,borafemme
107,Bora,"Couleur:color:0, Pointure:select:1","Color:color:0, Size:select:1","Saumon/Multico:0, 39:1","Saumon/Multico:0, 39:1",,bora-saumon-multico-39,BORA-FE-SAMU39,Couleur:color:0,Pointure:select:1,Saumon-Multico:0,0,39:1,1,,,,,,https://cata.meduse.co/femmes/sandales/bora/saumon-multico/sandales-femme-bora-saumon-multico-cote.jpg,1,,,,,107,Bora,,bora-saumon-multico-39,Couleur,Pointure,Saumon/Multico,14,39,4,1,54,,,,,,Sandales femme,Femme,Sandale,bora femme,bora,saumon,multico,39,,,borafemme
107,Bora,"Couleur:color:0, Pointure:select:1","Color:color:0, Size:select:1","Saumon/Multico:0, 40:1","Saumon/Multico:0, 40:1",,bora-saumon-multico-40,BORA-FE-SAMU40,Couleur:color:0,Pointure:select:1,Saumon-Multico:0,0,40:1,1,,,,,,https://cata.meduse.co/femmes/sandales/bora/saumon-multico/sandales-femme-bora-saumon-multico-cote.jpg,1,,,,,107,Bora,,bora-saumon-multico-40,Couleur,Pointure,Saumon/Multico,14,40,5,1,54,,,,,,Sandales femme,Femme,Sandale,bora femme,bora,saumon,multico,40,,,borafemme
107,Bora,"Couleur:color:0, Pointure:select:1","Color:color:0, Size:select:1","Saumon/Multico:0, 41:1","Saumon/Multico:0, 41:1",,bora-saumon-multico-41,BORA-FE-SAMU41,Couleur:color:0,Pointure:select:1,Saumon-Multico:0,0,41:1,1,,,,,,https://cata.meduse.co/femmes/sandales/bora/saumon-multico/sandales-femme-bora-saumon-multico-cote.jpg,1,,,,,107,Bora,,bora-saumon-multico-41,Couleur,Pointure,Saumon/Multico,14,41,6,1,54,,,,,,Sandales femme,Femme,Sandale,bora femme,bora,saumon,multico,41,,,borafemme
107,Bora,"Couleur:color:0, Pointure:select:1","Color:color:0, Size:select:1","Saumon pailleté:0, 36:1","Saumon pailleté:0, 36:1",,bora-saumon-pailleté-36,BORA-FE-SAPA36,Couleur:color:0,Pointure:select:1,Saumon pailleté:0,0,36:1,1,,,,,,https://cata.meduse.co/femmes/sandales/bora/saumon-paillete/sandales-femme-bora-saumon-paillete-cote.jpg,1,,,,,107,Bora,,bora-saumon-pailleté-36,Couleur,Pointure,Saumon pailleté,15,36,1,1,54,,,,,,Sandales femme,Femme,Sandale,bora femme,bora,saumon,pailleté,36,,,borafemme
107,Bora,"Couleur:color:0, Pointure:select:1","Color:color:0, Size:select:1","Saumon pailleté:0, 37:1","Saumon pailleté:0, 37:1",,bora-saumon-pailleté-37,BORA-FE-SAPA37,Couleur:color:0,Pointure:select:1,Saumon pailleté:0,0,37:1,1,,,,,,https://cata.meduse.co/femmes/sandales/bora/saumon-paillete/sandales-femme-bora-saumon-paillete-cote.jpg,1,,,,,107,Bora,,bora-saumon-pailleté-37,Couleur,Pointure,Saumon pailleté,15,37,2,1,54,,,,,,Sandales femme,Femme,Sandale,bora femme,bora,saumon,pailleté,37,,,borafemme
107,Bora,"Couleur:color:0, Pointure:select:1","Color:color:0, Size:select:1","Saumon pailleté:0, 38:1","Saumon pailleté:0, 38:1",,bora-saumon-pailleté-38,BORA-FE-SAPA38,Couleur:color:0,Pointure:select:1,Saumon pailleté:0,0,38:1,1,,,,,,https://cata.meduse.co/femmes/sandales/bora/saumon-paillete/sandales-femme-bora-saumon-paillete-cote.jpg,1,,,,,107,Bora,,bora-saumon-pailleté-38,Couleur,Pointure,Saumon pailleté,15,38,3,1,54,,,,,,Sandales femme,Femme,Sandale,bora femme,bora,saumon,pailleté,38,,,borafemme
107,Bora,"Couleur:color:0, Pointure:select:1","Color:color:0, Size:select:1","Saumon pailleté:0, 39:1","Saumon pailleté:0, 39:1",,bora-saumon-pailleté-39,BORA-FE-SAPA39,Couleur:color:0,Pointure:select:1,Saumon pailleté:0,0,39:1,1,,,,,,https://cata.meduse.co/femmes/sandales/bora/saumon-paillete/sandales-femme-bora-saumon-paillete-cote.jpg,1,,,,,107,Bora,,bora-saumon-pailleté-39,Couleur,Pointure,Saumon pailleté,15,39,4,1,54,,,,,,Sandales femme,Femme,Sandale,bora femme,bora,saumon,pailleté,39,,,borafemme
107,Bora,"Couleur:color:0, Pointure:select:1","Color:color:0, Size:select:1","Saumon pailleté:0, 40:1","Saumon pailleté:0, 40:1",,bora-saumon-pailleté-40,BORA-FE-SAPA40,Couleur:color:0,Pointure:select:1,Saumon pailleté:0,0,40:1,1,,,,,,https://cata.meduse.co/femmes/sandales/bora/saumon-paillete/sandales-femme-bora-saumon-paillete-cote.jpg,1,,,,,107,Bora,,bora-saumon-pailleté-40,Couleur,Pointure,Saumon pailleté,15,40,5,1,54,,,,,,Sandales femme,Femme,Sandale,bora femme,bora,saumon,pailleté,40,,,borafemme
107,Bora,"Couleur:color:0, Pointure:select:1","Color:color:0, Size:select:1","Saumon pailleté:0, 41:1","Saumon pailleté:0, 41:1",,bora-saumon-pailleté-41,BORA-FE-SAPA41,Couleur:color:0,Pointure:select:1,Saumon pailleté:0,0,41:1,1,,,,,,https://cata.meduse.co/femmes/sandales/bora/saumon-paillete/sandales-femme-bora-saumon-paillete-cote.jpg,1,,,,,107,Bora,,bora-saumon-pailleté-41,Couleur,Pointure,Saumon pailleté,15,41,6,1,54,,,,,,Sandales femme,Femme,Sandale,bora femme,bora,saumon,pailleté,41,,,borafemme
107,Bora,"Couleur:color:0, Pointure:select:1","Color:color:0, Size:select:1","Serpent/Beige:0, 36:1","Serpent/Beige:0, 36:1",,bora-serpent-beige-36,BORA-FE-SEBE36,Couleur:color:0,Pointure:select:1,Serpent-Beige:0,0,36:1,1,,,,,,https://cata.meduse.co/femmes/sandales/bora/serpent-beige/sandales-femme-bora-serpent-beige-cote.jpg,1,,,,,107,Bora,,bora-serpent-beige-36,Couleur,Pointure,Serpent/Beige,16,36,1,1,54,,,,,,Sandales femme,Femme,Sandale,bora femme,bora,serpent,beige,36,,,borafemme
107,Bora,"Couleur:color:0, Pointure:select:1","Color:color:0, Size:select:1","Serpent/Beige:0, 37:1","Serpent/Beige:0, 37:1",,bora-serpent-beige-37,BORA-FE-SEBE37,Couleur:color:0,Pointure:select:1,Serpent-Beige:0,0,37:1,1,,,,,,https://cata.meduse.co/femmes/sandales/bora/serpent-beige/sandales-femme-bora-serpent-beige-cote.jpg,1,,,,,107,Bora,,bora-serpent-beige-37,Couleur,Pointure,Serpent/Beige,16,37,2,1,54,,,,,,Sandales femme,Femme,Sandale,bora femme,bora,serpent,beige,37,,,borafemme
107,Bora,"Couleur:color:0, Pointure:select:1","Color:color:0, Size:select:1","Serpent/Beige:0, 38:1","Serpent/Beige:0, 38:1",,bora-serpent-beige-38,BORA-FE-SEBE38,Couleur:color:0,Pointure:select:1,Serpent-Beige:0,0,38:1,1,,,,,,https://cata.meduse.co/femmes/sandales/bora/serpent-beige/sandales-femme-bora-serpent-beige-cote.jpg,1,,,,,107,Bora,,bora-serpent-beige-38,Couleur,Pointure,Serpent/Beige,16,38,3,1,54,,,,,,Sandales femme,Femme,Sandale,bora femme,bora,serpent,beige,38,,,borafemme
107,Bora,"Couleur:color:0, Pointure:select:1","Color:color:0, Size:select:1","Serpent/Beige:0, 39:1","Serpent/Beige:0, 39:1",,bora-serpent-beige-39,BORA-FE-SEBE39,Couleur:color:0,Pointure:select:1,Serpent-Beige:0,0,39:1,1,,,,,,https://cata.meduse.co/femmes/sandales/bora/serpent-beige/sandales-femme-bora-serpent-beige-cote.jpg,1,,,,,107,Bora,,bora-serpent-beige-39,Couleur,Pointure,Serpent/Beige,16,39,4,1,54,,,,,,Sandales femme,Femme,Sandale,bora femme,bora,serpent,beige,39,,,borafemme
107,Bora,"Couleur:color:0, Pointure:select:1","Color:color:0, Size:select:1","Serpent/Beige:0, 40:1","Serpent/Beige:0, 40:1",,bora-serpent-beige-40,BORA-FE-SEBE40,Couleur:color:0,Pointure:select:1,Serpent-Beige:0,0,40:1,1,,,,,,https://cata.meduse.co/femmes/sandales/bora/serpent-beige/sandales-femme-bora-serpent-beige-cote.jpg,1,,,,,107,Bora,,bora-serpent-beige-40,Couleur,Pointure,Serpent/Beige,16,40,5,1,54,,,,,,Sandales femme,Femme,Sandale,bora femme,bora,serpent,beige,40,,,borafemme
107,Bora,"Couleur:color:0, Pointure:select:1","Color:color:0, Size:select:1","Serpent/Beige:0, 41:1","Serpent/Beige:0, 41:1",,bora-serpent-beige-41,BORA-FE-SEBE41,Couleur:color:0,Pointure:select:1,Serpent-Beige:0,0,41:1,1,,,,,,https://cata.meduse.co/femmes/sandales/bora/serpent-beige/sandales-femme-bora-serpent-beige-cote.jpg,1,,,,,107,Bora,,bora-serpent-beige-41,Couleur,Pointure,Serpent/Beige,16,41,6,1,54,,,,,,Sandales femme,Femme,Sandale,bora femme,bora,serpent,beige,41,,,borafemme
107,Bora,"Couleur:color:0, Pointure:select:1","Color:color:0, Size:select:1","Vert pastel:0, 36:1","Vert pastel:0, 36:1",,bora-vert-pastel-36,BORA-FE-VEPA36,Couleur:color:0,Pointure:select:1,Vert pastel:0,0,36:1,1,,,,,,https://cata.meduse.co/femmes/sandales/bora/vert-pastel/sandales-femme-bora-vert-pastel-cote.jpg,1,,,,,107,Bora,,bora-vert-pastel-36,Couleur,Pointure,Vert pastel,17,36,1,1,54,,,,,,Sandales femme,Femme,Sandale,bora femme,bora,vert,pastel,36,,,borafemme
107,Bora,"Couleur:color:0, Pointure:select:1","Color:color:0, Size:select:1","Vert pastel:0, 37:1","Vert pastel:0, 37:1",,bora-vert-pastel-37,BORA-FE-VEPA37,Couleur:color:0,Pointure:select:1,Vert pastel:0,0,37:1,1,,,,,,https://cata.meduse.co/femmes/sandales/bora/vert-pastel/sandales-femme-bora-vert-pastel-cote.jpg,1,,,,,107,Bora,,bora-vert-pastel-37,Couleur,Pointure,Vert pastel,17,37,2,1,54,,,,,,Sandales femme,Femme,Sandale,bora femme,bora,vert,pastel,37,,,borafemme
107,Bora,"Couleur:color:0, Pointure:select:1","Color:color:0, Size:select:1","Vert pastel:0, 38:1","Vert pastel:0, 38:1",,bora-vert-pastel-38,BORA-FE-VEPA38,Couleur:color:0,Pointure:select:1,Vert pastel:0,0,38:1,1,,,,,,https://cata.meduse.co/femmes/sandales/bora/vert-pastel/sandales-femme-bora-vert-pastel-cote.jpg,1,,,,,107,Bora,,bora-vert-pastel-38,Couleur,Pointure,Vert pastel,17,38,3,1,54,,,,,,Sandales femme,Femme,Sandale,bora femme,bora,vert,pastel,38,,,borafemme
107,Bora,"Couleur:color:0, Pointure:select:1","Color:color:0, Size:select:1","Vert pastel:0, 39:1","Vert pastel:0, 39:1",,bora-vert-pastel-39,BORA-FE-VEPA39,Couleur:color:0,Pointure:select:1,Vert pastel:0,0,39:1,1,,,,,,https://cata.meduse.co/femmes/sandales/bora/vert-pastel/sandales-femme-bora-vert-pastel-cote.jpg,1,,,,,107,Bora,,bora-vert-pastel-39,Couleur,Pointure,Vert pastel,17,39,4,1,54,,,,,,Sandales femme,Femme,Sandale,bora femme,bora,vert,pastel,39,,,borafemme
107,Bora,"Couleur:color:0, Pointure:select:1","Color:color:0, Size:select:1","Vert pastel:0, 40:1","Vert pastel:0, 40:1",,bora-vert-pastel-40,BORA-FE-VEPA40,Couleur:color:0,Pointure:select:1,Vert pastel:0,0,40:1,1,,,,,,https://cata.meduse.co/femmes/sandales/bora/vert-pastel/sandales-femme-bora-vert-pastel-cote.jpg,1,,,,,107,Bora,,bora-vert-pastel-40,Couleur,Pointure,Vert pastel,17,40,5,1,54,,,,,,Sandales femme,Femme,Sandale,bora femme,bora,vert,pastel,40,,,borafemme
107,Bora,"Couleur:color:0, Pointure:select:1","Color:color:0, Size:select:1","Vert pastel:0, 41:1","Vert pastel:0, 41:1",,bora-vert-pastel-41,BORA-FE-VEPA41,Couleur:color:0,Pointure:select:1,Vert pastel:0,0,41:1,1,,,,,,https://cata.meduse.co/femmes/sandales/bora/vert-pastel/sandales-femme-bora-vert-pastel-cote.jpg,1,,,,,107,Bora,,bora-vert-pastel-41,Couleur,Pointure,Vert pastel,17,41,6,1,54,,,,,,Sandales femme,Femme,Sandale,bora femme,bora,vert,pastel,41,,,borafemme
107,Bora,"Couleur:color:0, Pointure:select:1","Color:color:0, Size:select:1","Nude/Argent pailleté:0, 36:1","Nude/Argent pailleté:0, 36:1",,bora-nude-argent-pailleté-36,BORA-FE-NUARPA36,Couleur:color:0,Pointure:select:1,Nude-Argent pailleté:0,0,36:1,1,,,,,,https://cata.meduse.co/femmes/sandales/bora/nude-argent-paillete/sandales-femme-bora-nude-argent-paillete-cote.jpg,1,,,,,107,Bora,,bora-nude-argent-pailleté-36,Couleur,Pointure,Nude/Argent pailleté,18,36,1,1,54,,,,,,Sandales femme,Femme,Sandale,bora femme,bora,nude,argent,pailleté,36,,borafemme
107,Bora,"Couleur:color:0, Pointure:select:1","Color:color:0, Size:select:1","Nude/Argent pailleté:0, 37:1","Nude/Argent pailleté:0, 37:1",,bora-nude-argent-pailleté-37,BORA-FE-NUARPA37,Couleur:color:0,Pointure:select:1,Nude-Argent pailleté:0,0,37:1,1,,,,,,https://cata.meduse.co/femmes/sandales/bora/nude-argent-paillete/sandales-femme-bora-nude-argent-paillete-cote.jpg,1,,,,,107,Bora,,bora-nude-argent-pailleté-37,Couleur,Pointure,Nude/Argent pailleté,18,37,2,1,54,,,,,,Sandales femme,Femme,Sandale,bora femme,bora,nude,argent,pailleté,37,,borafemme
107,Bora,"Couleur:color:0, Pointure:select:1","Color:color:0, Size:select:1","Nude/Argent pailleté:0, 38:1","Nude/Argent pailleté:0, 38:1",,bora-nude-argent-pailleté-38,BORA-FE-NUARPA38,Couleur:color:0,Pointure:select:1,Nude-Argent pailleté:0,0,38:1,1,,,,,,https://cata.meduse.co/femmes/sandales/bora/nude-argent-paillete/sandales-femme-bora-nude-argent-paillete-cote.jpg,1,,,,,107,Bora,,bora-nude-argent-pailleté-38,Couleur,Pointure,Nude/Argent pailleté,18,38,3,1,54,,,,,,Sandales femme,Femme,Sandale,bora femme,bora,nude,argent,pailleté,38,,borafemme
107,Bora,"Couleur:color:0, Pointure:select:1","Color:color:0, Size:select:1","Nude/Argent pailleté:0, 39:1","Nude/Argent pailleté:0, 39:1",,bora-nude-argent-pailleté-39,BORA-FE-NUARPA39,Couleur:color:0,Pointure:select:1,Nude-Argent pailleté:0,0,39:1,1,,,,,,https://cata.meduse.co/femmes/sandales/bora/nude-argent-paillete/sandales-femme-bora-nude-argent-paillete-cote.jpg,1,,,,,107,Bora,,bora-nude-argent-pailleté-39,Couleur,Pointure,Nude/Argent pailleté,18,39,4,1,54,,,,,,Sandales femme,Femme,Sandale,bora femme,bora,nude,argent,pailleté,39,,borafemme
107,Bora,"Couleur:color:0, Pointure:select:1","Color:color:0, Size:select:1","Nude/Argent pailleté:0, 40:1","Nude/Argent pailleté:0, 40:1",,bora-nude-argent-pailleté-40,BORA-FE-NUARPA40,Couleur:color:0,Pointure:select:1,Nude-Argent pailleté:0,0,40:1,1,,,,,,https://cata.meduse.co/femmes/sandales/bora/nude-argent-paillete/sandales-femme-bora-nude-argent-paillete-cote.jpg,1,,,,,107,Bora,,bora-nude-argent-pailleté-40,Couleur,Pointure,Nude/Argent pailleté,18,40,5,1,54,,,,,,Sandales femme,Femme,Sandale,bora femme,bora,nude,argent,pailleté,40,,borafemme
107,Bora,"Couleur:color:0, Pointure:select:1","Color:color:0, Size:select:1","Nude/Argent pailleté:0, 41:1","Nude/Argent pailleté:0, 41:1",,bora-nude-argent-pailleté-41,BORA-FE-NUARPA41,Couleur:color:0,Pointure:select:1,Nude-Argent pailleté:0,0,41:1,1,,,,,,https://cata.meduse.co/femmes/sandales/bora/nude-argent-paillete/sandales-femme-bora-nude-argent-paillete-cote.jpg,1,,,,,107,Bora,,bora-nude-argent-pailleté-41,Couleur,Pointure,Nude/Argent pailleté,18,41,6,1,54,,,,,,Sandales femme,Femme,Sandale,bora femme,bora,nude,argent,pailleté,41,,borafemme
144,Jumpy,"Couleur:color:0, Pointure:select:1","Color:color:0, Size:select:1","Anthracite/Fuchsia:0, 30:1","Anthracite/Fuchsia:0, 30:1",,jumpy-anthracite-fuchsia-30,JUMPY-EN-ANFU30,Couleur:color:0,Pointure:select:1,Anthracite-Fuchsia:0,0,30:1,1,,,,,,https://cata.meduse.co/enfants/bottines/jumpy/anthracite-fuchsia/bottines-enfant-jumpy-anthracite-fuchsia-cote.jpg,1,,,,,144,Jumpy,,jumpy-anthracite-fuchsia-30,Couleur,Pointure,Anthracite/Fuchsia,1,30,1,1,51,,,,,,Bottines enfant,Enfant,Bottine,jumpy enfant,jumpy,anthracite,fuchsia,30,,,jumpyenfant
144,Jumpy,"Couleur:color:0, Pointure:select:1","Color:color:0, Size:select:1","Anthracite/Fuchsia:0, 31:1","Anthracite/Fuchsia:0, 31:1",,jumpy-anthracite-fuchsia-31,JUMPY-EN-ANFU31,Couleur:color:0,Pointure:select:1,Anthracite-Fuchsia:0,0,31:1,1,,,,,,https://cata.meduse.co/enfants/bottines/jumpy/anthracite-fuchsia/bottines-enfant-jumpy-anthracite-fuchsia-cote.jpg,1,,,,,144,Jumpy,,jumpy-anthracite-fuchsia-31,Couleur,Pointure,Anthracite/Fuchsia,1,31,2,1,51,,,,,,Bottines enfant,Enfant,Bottine,jumpy enfant,jumpy,anthracite,fuchsia,31,,,jumpyenfant
144,Jumpy,"Couleur:color:0, Pointure:select:1","Color:color:0, Size:select:1","Anthracite/Fuchsia:0, 32:1","Anthracite/Fuchsia:0, 32:1",,jumpy-anthracite-fuchsia-32,JUMPY-EN-ANFU32,Couleur:color:0,Pointure:select:1,Anthracite-Fuchsia:0,0,32:1,1,,,,,,https://cata.meduse.co/enfants/bottines/jumpy/anthracite-fuchsia/bottines-enfant-jumpy-anthracite-fuchsia-cote.jpg,1,,,,,144,Jumpy,,jumpy-anthracite-fuchsia-32,Couleur,Pointure,Anthracite/Fuchsia,1,32,3,1,51,,,,,,Bottines enfant,Enfant,Bottine,jumpy enfant,jumpy,anthracite,fuchsia,32,,,jumpyenfant
144,Jumpy,"Couleur:color:0, Pointure:select:1","Color:color:0, Size:select:1","Anthracite/Fuchsia:0, 33:1","Anthracite/Fuchsia:0, 33:1",,jumpy-anthracite-fuchsia-33,JUMPY-EN-ANFU33,Couleur:color:0,Pointure:select:1,Anthracite-Fuchsia:0,0,33:1,1,,,,,,https://cata.meduse.co/enfants/bottines/jumpy/anthracite-fuchsia/bottines-enfant-jumpy-anthracite-fuchsia-cote.jpg,1,,,,,144,Jumpy,,jumpy-anthracite-fuchsia-33,Couleur,Pointure,Anthracite/Fuchsia,1,33,4,1,51,,,,,,Bottines enfant,Enfant,Bottine,jumpy enfant,jumpy,anthracite,fuchsia,33,,,jumpyenfant
144,Jumpy,"Couleur:color:0, Pointure:select:1","Color:color:0, Size:select:1","Anthracite/Fuchsia:0, 34:1","Anthracite/Fuchsia:0, 34:1",,jumpy-anthracite-fuchsia-34,JUMPY-EN-ANFU34,Couleur:color:0,Pointure:select:1,Anthracite-Fuchsia:0,0,34:1,1,,,,,,https://cata.meduse.co/enfants/bottines/jumpy/anthracite-fuchsia/bottines-enfant-jumpy-anthracite-fuchsia-cote.jpg,1,,,,,144,Jumpy,,jumpy-anthracite-fuchsia-34,Couleur,Pointure,Anthracite/Fuchsia,1,34,5,1,51,,,,,,Bottines enfant,Enfant,Bottine,jumpy enfant,jumpy,anthracite,fuchsia,34,,,jumpyenfant
144,Jumpy,"Couleur:color:0, Pointure:select:1","Color:color:0, Size:select:1","Bleu pastel/Crêpe:0, 30:1","Bleu pastel/Crêpe:0, 30:1",,jumpy-bleu-pastel-crêpe-30,JUMPY-EN-BLPACR30,Couleur:color:0,Pointure:select:1,Bleu pastel-Crêpe:0,0,30:1,1,,,,,,https://cata.meduse.co/enfants/bottines/jumpy/bleu-pastel-crepe/bottines-enfant-jumpy-bleu-pastel-crepe-cote.jpg,1,,,,,144,Jumpy,,jumpy-bleu-pastel-crêpe-30,Couleur,Pointure,Bleu pastel/Crêpe,2,30,1,1,51,,,,,,Bottines enfant,Enfant,Bottine,jumpy enfant,jumpy,bleu,pastel,crêpe,30,,jumpyenfant
144,Jumpy,"Couleur:color:0, Pointure:select:1","Color:color:0, Size:select:1","Bleu pastel/Crêpe:0, 31:1","Bleu pastel/Crêpe:0, 31:1",,jumpy-bleu-pastel-crêpe-31,JUMPY-EN-BLPACR31,Couleur:color:0,Pointure:select:1,Bleu pastel-Crêpe:0,0,31:1,1,,,,,,https://cata.meduse.co/enfants/bottines/jumpy/bleu-pastel-crepe/bottines-enfant-jumpy-bleu-pastel-crepe-cote.jpg,1,,,,,144,Jumpy,,jumpy-bleu-pastel-crêpe-31,Couleur,Pointure,Bleu pastel/Crêpe,2,31,2,1,51,,,,,,Bottines enfant,Enfant,Bottine,jumpy enfant,jumpy,bleu,pastel,crêpe,31,,jumpyenfant
144,Jumpy,"Couleur:color:0, Pointure:select:1","Color:color:0, Size:select:1","Bleu pastel/Crêpe:0, 32:1","Bleu pastel/Crêpe:0, 32:1",,jumpy-bleu-pastel-crêpe-32,JUMPY-EN-BLPACR32,Couleur:color:0,Pointure:select:1,Bleu pastel-Crêpe:0,0,32:1,1,,,,,,https://cata.meduse.co/enfants/bottines/jumpy/bleu-pastel-crepe/bottines-enfant-jumpy-bleu-pastel-crepe-cote.jpg,1,,,,,144,Jumpy,,jumpy-bleu-pastel-crêpe-32,Couleur,Pointure,Bleu pastel/Crêpe,2,32,3,1,51,,,,,,Bottines enfant,Enfant,Bottine,jumpy enfant,jumpy,bleu,pastel,crêpe,32,,jumpyenfant
144,Jumpy,"Couleur:color:0, Pointure:select:1","Color:color:0, Size:select:1","Bleu pastel/Crêpe:0, 33:1","Bleu pastel/Crêpe:0, 33:1",,jumpy-bleu-pastel-crêpe-33,JUMPY-EN-BLPACR33,Couleur:color:0,Pointure:select:1,Bleu pastel-Crêpe:0,0,33:1,1,,,,,,https://cata.meduse.co/enfants/bottines/jumpy/bleu-pastel-crepe/bottines-enfant-jumpy-bleu-pastel-crepe-cote.jpg,1,,,,,144,Jumpy,,jumpy-bleu-pastel-crêpe-33,Couleur,Pointure,Bleu pastel/Crêpe,2,33,4,1,51,,,,,,Bottines enfant,Enfant,Bottine,jumpy enfant,jumpy,bleu,pastel,crêpe,33,,jumpyenfant
144,Jumpy,"Couleur:color:0, Pointure:select:1","Color:color:0, Size:select:1","Bleu pastel/Crêpe:0, 34:1","Bleu pastel/Crêpe:0, 34:1",,jumpy-bleu-pastel-crêpe-34,JUMPY-EN-BLPACR34,Couleur:color:0,Pointure:select:1,Bleu pastel-Crêpe:0,0,34:1,1,,,,,,https://cata.meduse.co/enfants/bottines/jumpy/bleu-pastel-crepe/bottines-enfant-jumpy-bleu-pastel-crepe-cote.jpg,1,,,,,144,Jumpy,,jumpy-bleu-pastel-crêpe-34,Couleur,Pointure,Bleu pastel/Crêpe,2,34,5,1,51,,,,,,Bottines enfant,Enfant,Bottine,jumpy enfant,jumpy,bleu,pastel,crêpe,34,,jumpyenfant
144,Jumpy,"Couleur:color:0, Pointure:select:1","Color:color:0, Size:select:1","Marine/Blanc:0, 30:1","Marine/Blanc:0, 30:1",,jumpy-marine-blanc-30,JUMPY-EN-MABL30,Couleur:color:0,Pointure:select:1,Marine-Blanc:0,0,30:1,1,,,,,,https://cata.meduse.co/enfants/bottines/jumpy/marine-blanc/bottines-enfant-jumpy-marine-blanc-cote.jpg,1,,,,,144,Jumpy,,jumpy-marine-blanc-30,Couleur,Pointure,Marine/Blanc,3,30,1,1,51,,,,,,Bottines enfant,Enfant,Bottine,jumpy enfant,jumpy,marine,blanc,30,,,jumpyenfant
144,Jumpy,"Couleur:color:0, Pointure:select:1","Color:color:0, Size:select:1","Marine/Blanc:0, 31:1","Marine/Blanc:0, 31:1",,jumpy-marine-blanc-31,JUMPY-EN-MABL31,Couleur:color:0,Pointure:select:1,Marine-Blanc:0,0,31:1,1,,,,,,https://cata.meduse.co/enfants/bottines/jumpy/marine-blanc/bottines-enfant-jumpy-marine-blanc-cote.jpg,1,,,,,144,Jumpy,,jumpy-marine-blanc-31,Couleur,Pointure,Marine/Blanc,3,31,2,1,51,,,,,,Bottines enfant,Enfant,Bottine,jumpy enfant,jumpy,marine,blanc,31,,,jumpyenfant
144,Jumpy,"Couleur:color:0, Pointure:select:1","Color:color:0, Size:select:1","Marine/Blanc:0, 32:1","Marine/Blanc:0, 32:1",,jumpy-marine-blanc-32,JUMPY-EN-MABL32,Couleur:color:0,Pointure:select:1,Marine-Blanc:0,0,32:1,1,,,,,,https://cata.meduse.co/enfants/bottines/jumpy/marine-blanc/bottines-enfant-jumpy-marine-blanc-cote.jpg,1,,,,,144,Jumpy,,jumpy-marine-blanc-32,Couleur,Pointure,Marine/Blanc,3,32,3,1,51,,,,,,Bottines enfant,Enfant,Bottine,jumpy enfant,jumpy,marine,blanc,32,,,jumpyenfant
144,Jumpy,"Couleur:color:0, Pointure:select:1","Color:color:0, Size:select:1","Marine/Blanc:0, 33:1","Marine/Blanc:0, 33:1",,jumpy-marine-blanc-33,JUMPY-EN-MABL33,Couleur:color:0,Pointure:select:1,Marine-Blanc:0,0,33:1,1,,,,,,https://cata.meduse.co/enfants/bottines/jumpy/marine-blanc/bottines-enfant-jumpy-marine-blanc-cote.jpg,1,,,,,144,Jumpy,,jumpy-marine-blanc-33,Couleur,Pointure,Marine/Blanc,3,33,4,1,51,,,,,,Bottines enfant,Enfant,Bottine,jumpy enfant,jumpy,marine,blanc,33,,,jumpyenfant
144,Jumpy,"Couleur:color:0, Pointure:select:1","Color:color:0, Size:select:1","Marine/Blanc:0, 34:1","Marine/Blanc:0, 34:1",,jumpy-marine-blanc-34,JUMPY-EN-MABL34,Couleur:color:0,Pointure:select:1,Marine-Blanc:0,0,34:1,1,,,,,,https://cata.meduse.co/enfants/bottines/jumpy/marine-blanc/bottines-enfant-jumpy-marine-blanc-cote.jpg,1,,,,,144,Jumpy,,jumpy-marine-blanc-34,Couleur,Pointure,Marine/Blanc,3,34,5,1,51,,,,,,Bottines enfant,Enfant,Bottine,jumpy enfant,jumpy,marine,blanc,34,,,jumpyenfant
144,Jumpy,"Couleur:color:0, Pointure:select:1","Color:color:0, Size:select:1","Marine/Bleu:0, 30:1","Marine/Bleu:0, 30:1",,jumpy-marine-bleu-30,JUMPY-EN-MABL30,Couleur:color:0,Pointure:select:1,Marine-Bleu:0,0,30:1,1,,,,,,https://cata.meduse.co/enfants/bottines/jumpy/marine-bleu/bottines-enfant-jumpy-marine-bleu-cote.jpg,1,,,,,144,Jumpy,,jumpy-marine-bleu-30,Couleur,Pointure,Marine/Bleu,4,30,1,1,51,,,,,,Bottines enfant,Enfant,Bottine,jumpy enfant,jumpy,marine,bleu,30,,,jumpyenfant
144,Jumpy,"Couleur:color:0, Pointure:select:1","Color:color:0, Size:select:1","Marine/Bleu:0, 31:1","Marine/Bleu:0, 31:1",,jumpy-marine-bleu-31,JUMPY-EN-MABL31,Couleur:color:0,Pointure:select:1,Marine-Bleu:0,0,31:1,1,,,,,,https://cata.meduse.co/enfants/bottines/jumpy/marine-bleu/bottines-enfant-jumpy-marine-bleu-cote.jpg,1,,,,,144,Jumpy,,jumpy-marine-bleu-31,Couleur,Pointure,Marine/Bleu,4,31,2,1,51,,,,,,Bottines enfant,Enfant,Bottine,jumpy enfant,jumpy,marine,bleu,31,,,jumpyenfant
144,Jumpy,"Couleur:color:0, Pointure:select:1","Color:color:0, Size:select:1","Marine/Bleu:0, 32:1","Marine/Bleu:0, 32:1",,jumpy-marine-bleu-32,JUMPY-EN-MABL32,Couleur:color:0,Pointure:select:1,Marine-Bleu:0,0,32:1,1,,,,,,https://cata.meduse.co/enfants/bottines/jumpy/marine-bleu/bottines-enfant-jumpy-marine-bleu-cote.jpg,1,,,,,144,Jumpy,,jumpy-marine-bleu-32,Couleur,Pointure,Marine/Bleu,4,32,3,1,51,,,,,,Bottines enfant,Enfant,Bottine,jumpy enfant,jumpy,marine,bleu,32,,,jumpyenfant
144,Jumpy,"Couleur:color:0, Pointure:select:1","Color:color:0, Size:select:1","Marine/Bleu:0, 33:1","Marine/Bleu:0, 33:1",,jumpy-marine-bleu-33,JUMPY-EN-MABL33,Couleur:color:0,Pointure:select:1,Marine-Bleu:0,0,33:1,1,,,,,,https://cata.meduse.co/enfants/bottines/jumpy/marine-bleu/bottines-enfant-jumpy-marine-bleu-cote.jpg,1,,,,,144,Jumpy,,jumpy-marine-bleu-33,Couleur,Pointure,Marine/Bleu,4,33,4,1,51,,,,,,Bottines enfant,Enfant,Bottine,jumpy enfant,jumpy,marine,bleu,33,,,jumpyenfant
144,Jumpy,"Couleur:color:0, Pointure:select:1","Color:color:0, Size:select:1","Marine/Bleu:0, 34:1","Marine/Bleu:0, 34:1",,jumpy-marine-bleu-34,JUMPY-EN-MABL34,Couleur:color:0,Pointure:select:1,Marine-Bleu:0,0,34:1,1,,,,,,https://cata.meduse.co/enfants/bottines/jumpy/marine-bleu/bottines-enfant-jumpy-marine-bleu-cote.jpg,1,,,,,144,Jumpy,,jumpy-marine-bleu-34,Couleur,Pointure,Marine/Bleu,4,34,5,1,51,,,,,,Bottines enfant,Enfant,Bottine,jumpy enfant,jumpy,marine,bleu,34,,,jumpyenfant
144,Jumpy,"Couleur:color:0, Pointure:select:1","Color:color:0, Size:select:1","Marron/Noir:0, 30:1","Marron/Noir:0, 30:1",,jumpy-marron-noir-30,JUMPY-EN-MANO30,Couleur:color:0,Pointure:select:1,Marron-Noir:0,0,30:1,1,,,,,,https://cata.meduse.co/enfants/bottines/jumpy/marron-noir/bottines-enfant-jumpy-marron-noir-cote.jpg,1,,,,,144,Jumpy,,jumpy-marron-noir-30,Couleur,Pointure,Marron/Noir,7,30,1,1,51,,,,,,Bottines enfant,Enfant,Bottine,jumpy enfant,jumpy,marron,noir,30,,,jumpyenfant
144,Jumpy,"Couleur:color:0, Pointure:select:1","Color:color:0, Size:select:1","Marron/Noir:0, 31:1","Marron/Noir:0, 31:1",,jumpy-marron-noir-31,JUMPY-EN-MANO31,Couleur:color:0,Pointure:select:1,Marron-Noir:0,0,31:1,1,,,,,,https://cata.meduse.co/enfants/bottines/jumpy/marron-noir/bottines-enfant-jumpy-marron-noir-cote.jpg,1,,,,,144,Jumpy,,jumpy-marron-noir-31,Couleur,Pointure,Marron/Noir,7,31,2,1,51,,,,,,Bottines enfant,Enfant,Bottine,jumpy enfant,jumpy,marron,noir,31,,,jumpyenfant
144,Jumpy,"Couleur:color:0, Pointure:select:1","Color:color:0, Size:select:1","Marron/Noir:0, 32:1","Marron/Noir:0, 32:1",,jumpy-marron-noir-32,JUMPY-EN-MANO32,Couleur:color:0,Pointure:select:1,Marron-Noir:0,0,32:1,1,,,,,,https://cata.meduse.co/enfants/bottines/jumpy/marron-noir/bottines-enfant-jumpy-marron-noir-cote.jpg,1,,,,,144,Jumpy,,jumpy-marron-noir-32,Couleur,Pointure,Marron/Noir,7,32,3,1,51,,,,,,Bottines enfant,Enfant,Bottine,jumpy enfant,jumpy,marron,noir,32,,,jumpyenfant
144,Jumpy,"Couleur:color:0, Pointure:select:1","Color:color:0, Size:select:1","Marron/Noir:0, 33:1","Marron/Noir:0, 33:1",,jumpy-marron-noir-33,JUMPY-EN-MANO33,Couleur:color:0,Pointure:select:1,Marron-Noir:0,0,33:1,1,,,,,,https://cata.meduse.co/enfants/bottines/jumpy/marron-noir/bottines-enfant-jumpy-marron-noir-cote.jpg,1,,,,,144,Jumpy,,jumpy-marron-noir-33,Couleur,Pointure,Marron/Noir,7,33,4,1,51,,,,,,Bottines enfant,Enfant,Bottine,jumpy enfant,jumpy,marron,noir,33,,,jumpyenfant
144,Jumpy,"Couleur:color:0, Pointure:select:1","Color:color:0, Size:select:1","Marron/Noir:0, 34:1","Marron/Noir:0, 34:1",,jumpy-marron-noir-34,JUMPY-EN-MANO34,Couleur:color:0,Pointure:select:1,Marron-Noir:0,0,34:1,1,,,,,,https://cata.meduse.co/enfants/bottines/jumpy/marron-noir/bottines-enfant-jumpy-marron-noir-cote.jpg,1,,,,,144,Jumpy,,jumpy-marron-noir-34,Couleur,Pointure,Marron/Noir,7,34,5,1,51,,,,,,Bottines enfant,Enfant,Bottine,jumpy enfant,jumpy,marron,noir,34,,,jumpyenfant
144,Jumpy,"Couleur:color:0, Pointure:select:1","Color:color:0, Size:select:1","Noir/Noir:0, 30:1","Noir/Noir:0, 30:1",,jumpy-noir-30,JUMPY-EN-NO30,Couleur:color:0,Pointure:select:1,Noir-Noir:0,0,30:1,1,,,,,,https://cata.meduse.co/enfants/bottines/jumpy/noir-noir/bottines-enfant-jumpy-noir-noir-cote.jpg,1,,,,,144,Jumpy,,jumpy-noir-30,Couleur,Pointure,Noir/Noir,9,30,1,1,51,,,,,,Bottines enfant,Enfant,Bottine,jumpy enfant,jumpy,noir,30,,,,jumpyenfant
144,Jumpy,"Couleur:color:0, Pointure:select:1","Color:color:0, Size:select:1","Noir/Noir:0, 31:1","Noir/Noir:0, 31:1",,jumpy-noir-31,JUMPY-EN-NO31,Couleur:color:0,Pointure:select:1,Noir-Noir:0,0,31:1,1,,,,,,https://cata.meduse.co/enfants/bottines/jumpy/noir-noir/bottines-enfant-jumpy-noir-noir-cote.jpg,1,,,,,144,Jumpy,,jumpy-noir-31,Couleur,Pointure,Noir/Noir,9,31,2,1,51,,,,,,Bottines enfant,Enfant,Bottine,jumpy enfant,jumpy,noir,31,,,,jumpyenfant
144,Jumpy,"Couleur:color:0, Pointure:select:1","Color:color:0, Size:select:1","Noir/Noir:0, 32:1","Noir/Noir:0, 32:1",,jumpy-noir-32,JUMPY-EN-NO32,Couleur:color:0,Pointure:select:1,Noir-Noir:0,0,32:1,1,,,,,,https://cata.meduse.co/enfants/bottines/jumpy/noir-noir/bottines-enfant-jumpy-noir-noir-cote.jpg,1,,,,,144,Jumpy,,jumpy-noir-32,Couleur,Pointure,Noir/Noir,9,32,3,1,51,,,,,,Bottines enfant,Enfant,Bottine,jumpy enfant,jumpy,noir,32,,,,jumpyenfant
144,Jumpy,"Couleur:color:0, Pointure:select:1","Color:color:0, Size:select:1","Noir/Noir:0, 33:1","Noir/Noir:0, 33:1",,jumpy-noir-33,JUMPY-EN-NO33,Couleur:color:0,Pointure:select:1,Noir-Noir:0,0,33:1,1,,,,,,https://cata.meduse.co/enfants/bottines/jumpy/noir-noir/bottines-enfant-jumpy-noir-noir-cote.jpg,1,,,,,144,Jumpy,,jumpy-noir-33,Couleur,Pointure,Noir/Noir,9,33,4,1,51,,,,,,Bottines enfant,Enfant,Bottine,jumpy enfant,jumpy,noir,33,,,,jumpyenfant
144,Jumpy,"Couleur:color:0, Pointure:select:1","Color:color:0, Size:select:1","Noir/Noir:0, 34:1","Noir/Noir:0, 34:1",,jumpy-noir-34,JUMPY-EN-NO34,Couleur:color:0,Pointure:select:1,Noir-Noir:0,0,34:1,1,,,,,,https://cata.meduse.co/enfants/bottines/jumpy/noir-noir/bottines-enfant-jumpy-noir-noir-cote.jpg,1,,,,,144,Jumpy,,jumpy-noir-34,Couleur,Pointure,Noir/Noir,9,34,5,1,51,,,,,,Bottines enfant,Enfant,Bottine,jumpy enfant,jumpy,noir,34,,,,jumpyenfant
144,Jumpy,"Couleur:color:0, Pointure:select:1","Color:color:0, Size:select:1","Noir/Rouge:0, 30:1","Noir/Rouge:0, 30:1",,jumpy-noir-rouge-30,JUMPY-EN-NORO30,Couleur:color:0,Pointure:select:1,Noir-Rouge:0,0,30:1,1,,,,,,https://cata.meduse.co/enfants/bottines/jumpy/noir-rouge/bottines-enfant-jumpy-noir-rouge-cote.jpg,1,,,,,144,Jumpy,,jumpy-noir-rouge-30,Couleur,Pointure,Noir/Rouge,12,30,1,1,51,,,,,,Bottines enfant,Enfant,Bottine,jumpy enfant,jumpy,noir,rouge,30,,,jumpyenfant
144,Jumpy,"Couleur:color:0, Pointure:select:1","Color:color:0, Size:select:1","Noir/Rouge:0, 31:1","Noir/Rouge:0, 31:1",,jumpy-noir-rouge-31,JUMPY-EN-NORO31,Couleur:color:0,Pointure:select:1,Noir-Rouge:0,0,31:1,1,,,,,,https://cata.meduse.co/enfants/bottines/jumpy/noir-rouge/bottines-enfant-jumpy-noir-rouge-cote.jpg,1,,,,,144,Jumpy,,jumpy-noir-rouge-31,Couleur,Pointure,Noir/Rouge,12,31,2,1,51,,,,,,Bottines enfant,Enfant,Bottine,jumpy enfant,jumpy,noir,rouge,31,,,jumpyenfant
144,Jumpy,"Couleur:color:0, Pointure:select:1","Color:color:0, Size:select:1","Noir/Rouge:0, 32:1","Noir/Rouge:0, 32:1",,jumpy-noir-rouge-32,JUMPY-EN-NORO32,Couleur:color:0,Pointure:select:1,Noir-Rouge:0,0,32:1,1,,,,,,https://cata.meduse.co/enfants/bottines/jumpy/noir-rouge/bottines-enfant-jumpy-noir-rouge-cote.jpg,1,,,,,144,Jumpy,,jumpy-noir-rouge-32,Couleur,Pointure,Noir/Rouge,12,32,3,1,51,,,,,,Bottines enfant,Enfant,Bottine,jumpy enfant,jumpy,noir,rouge,32,,,jumpyenfant
144,Jumpy,"Couleur:color:0, Pointure:select:1","Color:color:0, Size:select:1","Noir/Rouge:0, 33:1","Noir/Rouge:0, 33:1",,jumpy-noir-rouge-33,JUMPY-EN-NORO33,Couleur:color:0,Pointure:select:1,Noir-Rouge:0,0,33:1,1,,,,,,https://cata.meduse.co/enfants/bottines/jumpy/noir-rouge/bottines-enfant-jumpy-noir-rouge-cote.jpg,1,,,,,144,Jumpy,,jumpy-noir-rouge-33,Couleur,Pointure,Noir/Rouge,12,33,4,1,51,,,,,,Bottines enfant,Enfant,Bottine,jumpy enfant,jumpy,noir,rouge,33,,,jumpyenfant
144,Jumpy,"Couleur:color:0, Pointure:select:1","Color:color:0, Size:select:1","Noir/Rouge:0, 34:1","Noir/Rouge:0, 34:1",,jumpy-noir-rouge-34,JUMPY-EN-NORO34,Couleur:color:0,Pointure:select:1,Noir-Rouge:0,0,34:1,1,,,,,,https://cata.meduse.co/enfants/bottines/jumpy/noir-rouge/bottines-enfant-jumpy-noir-rouge-cote.jpg,1,,,,,144,Jumpy,,jumpy-noir-rouge-34,Couleur,Pointure,Noir/Rouge,12,34,5,1,51,,,,,,Bottines enfant,Enfant,Bottine,jumpy enfant,jumpy,noir,rouge,34,,,jumpyenfant
144,Jumpy,"Couleur:color:0, Pointure:select:1","Color:color:0, Size:select:1","Rose pastel/Crêpe:0, 30:1","Rose pastel/Crêpe:0, 30:1",,jumpy-rose-pastel-crêpe-30,JUMPY-EN-ROPACR30,Couleur:color:0,Pointure:select:1,Rose pastel-Crêpe:0,0,30:1,1,,,,,,https://cata.meduse.co/enfants/bottines/jumpy/rose-pastel-crepe/bottines-enfant-jumpy-rose-pastel-crepe-cote.jpg,1,,,,,144,Jumpy,,jumpy-rose-pastel-crêpe-30,Couleur,Pointure,Rose pastel/Crêpe,13,30,1,1,51,,,,,,Bottines enfant,Enfant,Bottine,jumpy enfant,jumpy,rose,pastel,crêpe,30,,jumpyenfant
144,Jumpy,"Couleur:color:0, Pointure:select:1","Color:color:0, Size:select:1","Rose pastel/Crêpe:0, 31:1","Rose pastel/Crêpe:0, 31:1",,jumpy-rose-pastel-crêpe-31,JUMPY-EN-ROPACR31,Couleur:color:0,Pointure:select:1,Rose pastel-Crêpe:0,0,31:1,1,,,,,,https://cata.meduse.co/enfants/bottines/jumpy/rose-pastel-crepe/bottines-enfant-jumpy-rose-pastel-crepe-cote.jpg,1,,,,,144,Jumpy,,jumpy-rose-pastel-crêpe-31,Couleur,Pointure,Rose pastel/Crêpe,13,31,2,1,51,,,,,,Bottines enfant,Enfant,Bottine,jumpy enfant,jumpy,rose,pastel,crêpe,31,,jumpyenfant
144,Jumpy,"Couleur:color:0, Pointure:select:1","Color:color:0, Size:select:1","Rose pastel/Crêpe:0, 32:1","Rose pastel/Crêpe:0, 32:1",,jumpy-rose-pastel-crêpe-32,JUMPY-EN-ROPACR32,Couleur:color:0,Pointure:select:1,Rose pastel-Crêpe:0,0,32:1,1,,,,,,https://cata.meduse.co/enfants/bottines/jumpy/rose-pastel-crepe/bottines-enfant-jumpy-rose-pastel-crepe-cote.jpg,1,,,,,144,Jumpy,,jumpy-rose-pastel-crêpe-32,Couleur,Pointure,Rose pastel/Crêpe,13,32,3,1,51,,,,,,Bottines enfant,Enfant,Bottine,jumpy enfant,jumpy,rose,pastel,crêpe,32,,jumpyenfant
144,Jumpy,"Couleur:color:0, Pointure:select:1","Color:color:0, Size:select:1","Rose pastel/Crêpe:0, 33:1","Rose pastel/Crêpe:0, 33:1",,jumpy-rose-pastel-crêpe-33,JUMPY-EN-ROPACR33,Couleur:color:0,Pointure:select:1,Rose pastel-Crêpe:0,0,33:1,1,,,,,,https://cata.meduse.co/enfants/bottines/jumpy/rose-pastel-crepe/bottines-enfant-jumpy-rose-pastel-crepe-cote.jpg,1,,,,,144,Jumpy,,jumpy-rose-pastel-crêpe-33,Couleur,Pointure,Rose pastel/Crêpe,13,33,4,1,51,,,,,,Bottines enfant,Enfant,Bottine,jumpy enfant,jumpy,rose,pastel,crêpe,33,,jumpyenfant
144,Jumpy,"Couleur:color:0, Pointure:select:1","Color:color:0, Size:select:1","Rose pastel/Crêpe:0, 34:1","Rose pastel/Crêpe:0, 34:1",,jumpy-rose-pastel-crêpe-34,JUMPY-EN-ROPACR34,Couleur:color:0,Pointure:select:1,Rose pastel-Crêpe:0,0,34:1,1,,,,,,https://cata.meduse.co/enfants/bottines/jumpy/rose-pastel-crepe/bottines-enfant-jumpy-rose-pastel-crepe-cote.jpg,1,,,,,144,Jumpy,,jumpy-rose-pastel-crêpe-34,Couleur,Pointure,Rose pastel/Crêpe,13,34,5,1,51,,,,,,Bottines enfant,Enfant,Bottine,jumpy enfant,jumpy,rose,pastel,crêpe,34,,jumpyenfant
144,Jumpy,"Couleur:color:0, Pointure:select:1","Color:color:0, Size:select:1","Vert pastel/Crêpe:0, 30:1","Vert pastel/Crêpe:0, 30:1",,jumpy-vert-pastel-crêpe-30,JUMPY-EN-VEPACR30,Couleur:color:0,Pointure:select:1,Vert pastel-Crêpe:0,0,30:1,1,,,,,,https://cata.meduse.co/enfants/bottines/jumpy/vert-pastel-crepe/bottines-enfant-jumpy-vert-pastel-crepe-cote.jpg,1,,,,,144,Jumpy,,jumpy-vert-pastel-crêpe-30,Couleur,Pointure,Vert pastel/Crêpe,15,30,1,1,51,,,,,,Bottines enfant,Enfant,Bottine,jumpy enfant,jumpy,vert,pastel,crêpe,30,,jumpyenfant
144,Jumpy,"Couleur:color:0, Pointure:select:1","Color:color:0, Size:select:1","Vert pastel/Crêpe:0, 31:1","Vert pastel/Crêpe:0, 31:1",,jumpy-vert-pastel-crêpe-31,JUMPY-EN-VEPACR31,Couleur:color:0,Pointure:select:1,Vert pastel-Crêpe:0,0,31:1,1,,,,,,https://cata.meduse.co/enfants/bottines/jumpy/vert-pastel-crepe/bottines-enfant-jumpy-vert-pastel-crepe-cote.jpg,1,,,,,144,Jumpy,,jumpy-vert-pastel-crêpe-31,Couleur,Pointure,Vert pastel/Crêpe,15,31,2,1,51,,,,,,Bottines enfant,Enfant,Bottine,jumpy enfant,jumpy,vert,pastel,crêpe,31,,jumpyenfant
144,Jumpy,"Couleur:color:0, Pointure:select:1","Color:color:0, Size:select:1","Vert pastel/Crêpe:0, 32:1","Vert pastel/Crêpe:0, 32:1",,jumpy-vert-pastel-crêpe-32,JUMPY-EN-VEPACR32,Couleur:color:0,Pointure:select:1,Vert pastel-Crêpe:0,0,32:1,1,,,,,,https://cata.meduse.co/enfants/bottines/jumpy/vert-pastel-crepe/bottines-enfant-jumpy-vert-pastel-crepe-cote.jpg,1,,,,,144,Jumpy,,jumpy-vert-pastel-crêpe-32,Couleur,Pointure,Vert pastel/Crêpe,15,32,3,1,51,,,,,,Bottines enfant,Enfant,Bottine,jumpy enfant,jumpy,vert,pastel,crêpe,32,,jumpyenfant
144,Jumpy,"Couleur:color:0, Pointure:select:1","Color:color:0, Size:select:1","Vert pastel/Crêpe:0, 33:1","Vert pastel/Crêpe:0, 33:1",,jumpy-vert-pastel-crêpe-33,JUMPY-EN-VEPACR33,Couleur:color:0,Pointure:select:1,Vert pastel-Crêpe:0,0,33:1,1,,,,,,https://cata.meduse.co/enfants/bottines/jumpy/vert-pastel-crepe/bottines-enfant-jumpy-vert-pastel-crepe-cote.jpg,1,,,,,144,Jumpy,,jumpy-vert-pastel-crêpe-33,Couleur,Pointure,Vert pastel/Crêpe,15,33,4,1,51,,,,,,Bottines enfant,Enfant,Bottine,jumpy enfant,jumpy,vert,pastel,crêpe,33,,jumpyenfant
144,Jumpy,"Couleur:color:0, Pointure:select:1","Color:color:0, Size:select:1","Vert pastel/Crêpe:0, 34:1","Vert pastel/Crêpe:0, 34:1",,jumpy-vert-pastel-crêpe-34,JUMPY-EN-VEPACR34,Couleur:color:0,Pointure:select:1,Vert pastel-Crêpe:0,0,34:1,1,,,,,,https://cata.meduse.co/enfants/bottines/jumpy/vert-pastel-crepe/bottines-enfant-jumpy-vert-pastel-crepe-cote.jpg,1,,,,,144,Jumpy,,jumpy-vert-pastel-crêpe-34,Couleur,Pointure,Vert pastel/Crêpe,15,34,5,1,51,,,,,,Bottines enfant,Enfant,Bottine,jumpy enfant,jumpy,vert,pastel,crêpe,34,,jumpyenfant
145,Camaro,"Couleur:color:0, Pointure:select:1","Color:color:0, Size:select:1","Bleu pastel:0, 36:1","Bleu pastel:0, 36:1",,camaro-bleu-pastel-36,CAMARO-FE-BLPA36,Couleur:color:0,Pointure:select:1,Bleu pastel:0,0,36:1,1,,,,,,https://cata.meduse.co/femmes/bottines/camaro/bleu-pastel/bottines-femme-camaro-bleu-pastel-cote.jpg,1,,,,,145,Camaro,,camaro-bleu-pastel-36,Couleur,Pointure,Bleu pastel,1,36,1,1,36,,,,,,Bottines femme,Femme,Bottine,camaro femme,camaro,bleu,pastel,36,,,camarofemme
145,Camaro,"Couleur:color:0, Pointure:select:1","Color:color:0, Size:select:1","Bleu pastel:0, 37:1","Bleu pastel:0, 37:1",,camaro-bleu-pastel-37,CAMARO-FE-BLPA37,Couleur:color:0,Pointure:select:1,Bleu pastel:0,0,37:1,1,,,,,,https://cata.meduse.co/femmes/bottines/camaro/bleu-pastel/bottines-femme-camaro-bleu-pastel-cote.jpg,1,,,,,145,Camaro,,camaro-bleu-pastel-37,Couleur,Pointure,Bleu pastel,1,37,2,1,36,,,,,,Bottines femme,Femme,Bottine,camaro femme,camaro,bleu,pastel,37,,,camarofemme
145,Camaro,"Couleur:color:0, Pointure:select:1","Color:color:0, Size:select:1","Bleu pastel:0, 38:1","Bleu pastel:0, 38:1",,camaro-bleu-pastel-38,CAMARO-FE-BLPA38,Couleur:color:0,Pointure:select:1,Bleu pastel:0,0,38:1,1,,,,,,https://cata.meduse.co/femmes/bottines/camaro/bleu-pastel/bottines-femme-camaro-bleu-pastel-cote.jpg,1,,,,,145,Camaro,,camaro-bleu-pastel-38,Couleur,Pointure,Bleu pastel,1,38,3,1,36,,,,,,Bottines femme,Femme,Bottine,camaro femme,camaro,bleu,pastel,38,,,camarofemme
145,Camaro,"Couleur:color:0, Pointure:select:1","Color:color:0, Size:select:1","Bleu pastel:0, 39:1","Bleu pastel:0, 39:1",,camaro-bleu-pastel-39,CAMARO-FE-BLPA39,Couleur:color:0,Pointure:select:1,Bleu pastel:0,0,39:1,1,,,,,,https://cata.meduse.co/femmes/bottines/camaro/bleu-pastel/bottines-femme-camaro-bleu-pastel-cote.jpg,1,,,,,145,Camaro,,camaro-bleu-pastel-39,Couleur,Pointure,Bleu pastel,1,39,4,1,36,,,,,,Bottines femme,Femme,Bottine,camaro femme,camaro,bleu,pastel,39,,,camarofemme
145,Camaro,"Couleur:color:0, Pointure:select:1","Color:color:0, Size:select:1","Bleu pastel:0, 40:1","Bleu pastel:0, 40:1",,camaro-bleu-pastel-40,CAMARO-FE-BLPA40,Couleur:color:0,Pointure:select:1,Bleu pastel:0,0,40:1,1,,,,,,https://cata.meduse.co/femmes/bottines/camaro/bleu-pastel/bottines-femme-camaro-bleu-pastel-cote.jpg,1,,,,,145,Camaro,,camaro-bleu-pastel-40,Couleur,Pointure,Bleu pastel,1,40,5,1,36,,,,,,Bottines femme,Femme,Bottine,camaro femme,camaro,bleu,pastel,40,,,camarofemme
145,Camaro,"Couleur:color:0, Pointure:select:1","Color:color:0, Size:select:1","Bleu pastel:0, 41:1","Bleu pastel:0, 41:1",,camaro-bleu-pastel-41,CAMARO-FE-BLPA41,Couleur:color:0,Pointure:select:1,Bleu pastel:0,0,41:1,1,,,,,,https://cata.meduse.co/femmes/bottines/camaro/bleu-pastel/bottines-femme-camaro-bleu-pastel-cote.jpg,1,,,,,145,Camaro,,camaro-bleu-pastel-41,Couleur,Pointure,Bleu pastel,1,41,6,1,36,,,,,,Bottines femme,Femme,Bottine,camaro femme,camaro,bleu,pastel,41,,,camarofemme
145,Camaro,"Couleur:color:0, Pointure:select:1","Color:color:0, Size:select:1","Bleu pastel:0, 42:1","Bleu pastel:0, 42:1",,camaro-bleu-pastel-42,CAMARO-FE-BLPA42,Couleur:color:0,Pointure:select:1,Bleu pastel:0,0,42:1,1,,,,,,https://cata.meduse.co/femmes/bottines/camaro/bleu-pastel/bottines-femme-camaro-bleu-pastel-cote.jpg,1,,,,,145,Camaro,,camaro-bleu-pastel-42,Couleur,Pointure,Bleu pastel,1,42,7,1,36,,,,,,Bottines femme,Femme,Bottine,camaro femme,camaro,bleu,pastel,42,,,camarofemme
145,Camaro,"Couleur:color:0, Pointure:select:1","Color:color:0, Size:select:1","Bordeaux:0, 36:1","Bordeaux:0, 36:1",,camaro-bordeaux-36,CAMARO-FE-BO36,Couleur:color:0,Pointure:select:1,Bordeaux:0,0,36:1,1,,,,,,https://cata.meduse.co/femmes/bottines/camaro/bordeaux/bottines-femme-camaro-bordeaux-cote.jpg,1,,,,,145,Camaro,,camaro-bordeaux-36,Couleur,Pointure,Bordeaux,2,36,1,1,36,,,,,,Bottines femme,Femme,Bottine,camaro femme,camaro,bordeaux,36,,,,camarofemme
145,Camaro,"Couleur:color:0, Pointure:select:1","Color:color:0, Size:select:1","Bordeaux:0, 37:1","Bordeaux:0, 37:1",,camaro-bordeaux-37,CAMARO-FE-BO37,Couleur:color:0,Pointure:select:1,Bordeaux:0,0,37:1,1,,,,,,https://cata.meduse.co/femmes/bottines/camaro/bordeaux/bottines-femme-camaro-bordeaux-cote.jpg,1,,,,,145,Camaro,,camaro-bordeaux-37,Couleur,Pointure,Bordeaux,2,37,2,1,36,,,,,,Bottines femme,Femme,Bottine,camaro femme,camaro,bordeaux,37,,,,camarofemme
145,Camaro,"Couleur:color:0, Pointure:select:1","Color:color:0, Size:select:1","Bordeaux:0, 38:1","Bordeaux:0, 38:1",,camaro-bordeaux-38,CAMARO-FE-BO38,Couleur:color:0,Pointure:select:1,Bordeaux:0,0,38:1,1,,,,,,https://cata.meduse.co/femmes/bottines/camaro/bordeaux/bottines-femme-camaro-bordeaux-cote.jpg,1,,,,,145,Camaro,,camaro-bordeaux-38,Couleur,Pointure,Bordeaux,2,38,3,1,36,,,,,,Bottines femme,Femme,Bottine,camaro femme,camaro,bordeaux,38,,,,camarofemme
145,Camaro,"Couleur:color:0, Pointure:select:1","Color:color:0, Size:select:1","Bordeaux:0, 39:1","Bordeaux:0, 39:1",,camaro-bordeaux-39,CAMARO-FE-BO39,Couleur:color:0,Pointure:select:1,Bordeaux:0,0,39:1,1,,,,,,https://cata.meduse.co/femmes/bottines/camaro/bordeaux/bottines-femme-camaro-bordeaux-cote.jpg,1,,,,,145,Camaro,,camaro-bordeaux-39,Couleur,Pointure,Bordeaux,2,39,4,1,36,,,,,,Bottines femme,Femme,Bottine,camaro femme,camaro,bordeaux,39,,,,camarofemme
145,Camaro,"Couleur:color:0, Pointure:select:1","Color:color:0, Size:select:1","Bordeaux:0, 40:1","Bordeaux:0, 40:1",,camaro-bordeaux-40,CAMARO-FE-BO40,Couleur:color:0,Pointure:select:1,Bordeaux:0,0,40:1,1,,,,,,https://cata.meduse.co/femmes/bottines/camaro/bordeaux/bottines-femme-camaro-bordeaux-cote.jpg,1,,,,,145,Camaro,,camaro-bordeaux-40,Couleur,Pointure,Bordeaux,2,40,5,1,36,,,,,,Bottines femme,Femme,Bottine,camaro femme,camaro,bordeaux,40,,,,camarofemme
145,Camaro,"Couleur:color:0, Pointure:select:1","Color:color:0, Size:select:1","Bordeaux:0, 41:1","Bordeaux:0, 41:1",,camaro-bordeaux-41,CAMARO-FE-BO41,Couleur:color:0,Pointure:select:1,Bordeaux:0,0,41:1,1,,,,,,https://cata.meduse.co/femmes/bottines/camaro/bordeaux/bottines-femme-camaro-bordeaux-cote.jpg,1,,,,,145,Camaro,,camaro-bordeaux-41,Couleur,Pointure,Bordeaux,2,41,6,1,36,,,,,,Bottines femme,Femme,Bottine,camaro femme,camaro,bordeaux,41,,,,camarofemme
145,Camaro,"Couleur:color:0, Pointure:select:1","Color:color:0, Size:select:1","Bordeaux:0, 42:1","Bordeaux:0, 42:1",,camaro-bordeaux-42,CAMARO-FE-BO42,Couleur:color:0,Pointure:select:1,Bordeaux:0,0,42:1,1,,,,,,https://cata.meduse.co/femmes/bottines/camaro/bordeaux/bottines-femme-camaro-bordeaux-cote.jpg,1,,,,,145,Camaro,,camaro-bordeaux-42,Couleur,Pointure,Bordeaux,2,42,7,1,36,,,,,,Bottines femme,Femme,Bottine,camaro femme,camaro,bordeaux,42,,,,camarofemme
145,Camaro,"Couleur:color:0, Pointure:select:1","Color:color:0, Size:select:1","Bronze:0, 36:1","Bronze:0, 36:1",,camaro-bronze-36,CAMARO-FE-BR36,Couleur:color:0,Pointure:select:1,Bronze:0,0,36:1,1,,,,,,https://cata.meduse.co/femmes/bottines/camaro/bronze/bottines-femme-camaro-bronze-cote.jpg,1,,,,,145,Camaro,,camaro-bronze-36,Couleur,Pointure,Bronze,3,36,1,1,36,,,,,,Bottines femme,Femme,Bottine,camaro femme,camaro,bronze,36,,,,camarofemme
145,Camaro,"Couleur:color:0, Pointure:select:1","Color:color:0, Size:select:1","Bronze:0, 37:1","Bronze:0, 37:1",,camaro-bronze-37,CAMARO-FE-BR37,Couleur:color:0,Pointure:select:1,Bronze:0,0,37:1,1,,,,,,https://cata.meduse.co/femmes/bottines/camaro/bronze/bottines-femme-camaro-bronze-cote.jpg,1,,,,,145,Camaro,,camaro-bronze-37,Couleur,Pointure,Bronze,3,37,2,1,36,,,,,,Bottines femme,Femme,Bottine,camaro femme,camaro,bronze,37,,,,camarofemme
145,Camaro,"Couleur:color:0, Pointure:select:1","Color:color:0, Size:select:1","Bronze:0, 38:1","Bronze:0, 38:1",,camaro-bronze-38,CAMARO-FE-BR38,Couleur:color:0,Pointure:select:1,Bronze:0,0,38:1,1,,,,,,https://cata.meduse.co/femmes/bottines/camaro/bronze/bottines-femme-camaro-bronze-cote.jpg,1,,,,,145,Camaro,,camaro-bronze-38,Couleur,Pointure,Bronze,3,38,3,1,36,,,,,,Bottines femme,Femme,Bottine,camaro femme,camaro,bronze,38,,,,camarofemme
145,Camaro,"Couleur:color:0, Pointure:select:1","Color:color:0, Size:select:1","Bronze:0, 39:1","Bronze:0, 39:1",,camaro-bronze-39,CAMARO-FE-BR39,Couleur:color:0,Pointure:select:1,Bronze:0,0,39:1,1,,,,,,https://cata.meduse.co/femmes/bottines/camaro/bronze/bottines-femme-camaro-bronze-cote.jpg,1,,,,,145,Camaro,,camaro-bronze-39,Couleur,Pointure,Bronze,3,39,4,1,36,,,,,,Bottines femme,Femme,Bottine,camaro femme,camaro,bronze,39,,,,camarofemme
145,Camaro,"Couleur:color:0, Pointure:select:1","Color:color:0, Size:select:1","Bronze:0, 40:1","Bronze:0, 40:1",,camaro-bronze-40,CAMARO-FE-BR40,Couleur:color:0,Pointure:select:1,Bronze:0,0,40:1,1,,,,,,https://cata.meduse.co/femmes/bottines/camaro/bronze/bottines-femme-camaro-bronze-cote.jpg,1,,,,,145,Camaro,,camaro-bronze-40,Couleur,Pointure,Bronze,3,40,5,1,36,,,,,,Bottines femme,Femme,Bottine,camaro femme,camaro,bronze,40,,,,camarofemme
145,Camaro,"Couleur:color:0, Pointure:select:1","Color:color:0, Size:select:1","Bronze:0, 41:1","Bronze:0, 41:1",,camaro-bronze-41,CAMARO-FE-BR41,Couleur:color:0,Pointure:select:1,Bronze:0,0,41:1,1,,,,,,https://cata.meduse.co/femmes/bottines/camaro/bronze/bottines-femme-camaro-bronze-cote.jpg,1,,,,,145,Camaro,,camaro-bronze-41,Couleur,Pointure,Bronze,3,41,6,1,36,,,,,,Bottines femme,Femme,Bottine,camaro femme,camaro,bronze,41,,,,camarofemme
145,Camaro,"Couleur:color:0, Pointure:select:1","Color:color:0, Size:select:1","Bronze:0, 42:1","Bronze:0, 42:1",,camaro-bronze-42,CAMARO-FE-BR42,Couleur:color:0,Pointure:select:1,Bronze:0,0,42:1,1,,,,,,https://cata.meduse.co/femmes/bottines/camaro/bronze/bottines-femme-camaro-bronze-cote.jpg,1,,,,,145,Camaro,,camaro-bronze-42,Couleur,Pointure,Bronze,3,42,7,1,36,,,,,,Bottines femme,Femme,Bottine,camaro femme,camaro,bronze,42,,,,camarofemme
145,Camaro,"Couleur:color:0, Pointure:select:1","Color:color:0, Size:select:1","Marine:0, 36:1","Marine:0, 36:1",,camaro-marine-36,CAMARO-FE-MA36,Couleur:color:0,Pointure:select:1,Marine:0,0,36:1,1,,,,,,https://cata.meduse.co/femmes/bottines/camaro/marine/bottines-femme-camaro-marine-cote.jpg,1,,,,,145,Camaro,,camaro-marine-36,Couleur,Pointure,Marine,4,36,1,1,36,,,,,,Bottines femme,Femme,Bottine,camaro femme,camaro,marine,36,,,,camarofemme
145,Camaro,"Couleur:color:0, Pointure:select:1","Color:color:0, Size:select:1","Marine:0, 37:1","Marine:0, 37:1",,camaro-marine-37,CAMARO-FE-MA37,Couleur:color:0,Pointure:select:1,Marine:0,0,37:1,1,,,,,,https://cata.meduse.co/femmes/bottines/camaro/marine/bottines-femme-camaro-marine-cote.jpg,1,,,,,145,Camaro,,camaro-marine-37,Couleur,Pointure,Marine,4,37,2,1,36,,,,,,Bottines femme,Femme,Bottine,camaro femme,camaro,marine,37,,,,camarofemme
145,Camaro,"Couleur:color:0, Pointure:select:1","Color:color:0, Size:select:1","Marine:0, 38:1","Marine:0, 38:1",,camaro-marine-38,CAMARO-FE-MA38,Couleur:color:0,Pointure:select:1,Marine:0,0,38:1,1,,,,,,https://cata.meduse.co/femmes/bottines/camaro/marine/bottines-femme-camaro-marine-cote.jpg,1,,,,,145,Camaro,,camaro-marine-38,Couleur,Pointure,Marine,4,38,3,1,36,,,,,,Bottines femme,Femme,Bottine,camaro femme,camaro,marine,38,,,,camarofemme
145,Camaro,"Couleur:color:0, Pointure:select:1","Color:color:0, Size:select:1","Marine:0, 39:1","Marine:0, 39:1",,camaro-marine-39,CAMARO-FE-MA39,Couleur:color:0,Pointure:select:1,Marine:0,0,39:1,1,,,,,,https://cata.meduse.co/femmes/bottines/camaro/marine/bottines-femme-camaro-marine-cote.jpg,1,,,,,145,Camaro,,camaro-marine-39,Couleur,Pointure,Marine,4,39,4,1,36,,,,,,Bottines femme,Femme,Bottine,camaro femme,camaro,marine,39,,,,camarofemme
145,Camaro,"Couleur:color:0, Pointure:select:1","Color:color:0, Size:select:1","Marine:0, 40:1","Marine:0, 40:1",,camaro-marine-40,CAMARO-FE-MA40,Couleur:color:0,Pointure:select:1,Marine:0,0,40:1,1,,,,,,https://cata.meduse.co/femmes/bottines/camaro/marine/bottines-femme-camaro-marine-cote.jpg,1,,,,,145,Camaro,,camaro-marine-40,Couleur,Pointure,Marine,4,40,5,1,36,,,,,,Bottines femme,Femme,Bottine,camaro femme,camaro,marine,40,,,,camarofemme
145,Camaro,"Couleur:color:0, Pointure:select:1","Color:color:0, Size:select:1","Marine:0, 41:1","Marine:0, 41:1",,camaro-marine-41,CAMARO-FE-MA41,Couleur:color:0,Pointure:select:1,Marine:0,0,41:1,1,,,,,,https://cata.meduse.co/femmes/bottines/camaro/marine/bottines-femme-camaro-marine-cote.jpg,1,,,,,145,Camaro,,camaro-marine-41,Couleur,Pointure,Marine,4,41,6,1,36,,,,,,Bottines femme,Femme,Bottine,camaro femme,camaro,marine,41,,,,camarofemme
145,Camaro,"Couleur:color:0, Pointure:select:1","Color:color:0, Size:select:1","Marine:0, 42:1","Marine:0, 42:1",,camaro-marine-42,CAMARO-FE-MA42,Couleur:color:0,Pointure:select:1,Marine:0,0,42:1,1,,,,,,https://cata.meduse.co/femmes/bottines/camaro/marine/bottines-femme-camaro-marine-cote.jpg,1,,,,,145,Camaro,,camaro-marine-42,Couleur,Pointure,Marine,4,42,7,1,36,,,,,,Bottines femme,Femme,Bottine,camaro femme,camaro,marine,42,,,,camarofemme
145,Camaro,"Couleur:color:0, Pointure:select:1","Color:color:0, Size:select:1","Noir:0, 36:1","Noir:0, 36:1",,camaro-noir-36,CAMARO-FE-NO36,Couleur:color:0,Pointure:select:1,Noir:0,0,36:1,1,,,,,,https://cata.meduse.co/femmes/bottines/camaro/noir/bottines-femme-camaro-noir-cote.jpg,1,,,,,145,Camaro,,camaro-noir-36,Couleur,Pointure,Noir,5,36,1,1,36,,,,,,Bottines femme,Femme,Bottine,camaro femme,camaro,noir,36,,,,camarofemme
145,Camaro,"Couleur:color:0, Pointure:select:1","Color:color:0, Size:select:1","Noir:0, 37:1","Noir:0, 37:1",,camaro-noir-37,CAMARO-FE-NO37,Couleur:color:0,Pointure:select:1,Noir:0,0,37:1,1,,,,,,https://cata.meduse.co/femmes/bottines/camaro/noir/bottines-femme-camaro-noir-cote.jpg,1,,,,,145,Camaro,,camaro-noir-37,Couleur,Pointure,Noir,5,37,2,1,36,,,,,,Bottines femme,Femme,Bottine,camaro femme,camaro,noir,37,,,,camarofemme
145,Camaro,"Couleur:color:0, Pointure:select:1","Color:color:0, Size:select:1","Noir:0, 38:1","Noir:0, 38:1",,camaro-noir-38,CAMARO-FE-NO38,Couleur:color:0,Pointure:select:1,Noir:0,0,38:1,1,,,,,,https://cata.meduse.co/femmes/bottines/camaro/noir/bottines-femme-camaro-noir-cote.jpg,1,,,,,145,Camaro,,camaro-noir-38,Couleur,Pointure,Noir,5,38,3,1,36,,,,,,Bottines femme,Femme,Bottine,camaro femme,camaro,noir,38,,,,camarofemme
145,Camaro,"Couleur:color:0, Pointure:select:1","Color:color:0, Size:select:1","Noir:0, 39:1","Noir:0, 39:1",,camaro-noir-39,CAMARO-FE-NO39,Couleur:color:0,Pointure:select:1,Noir:0,0,39:1,1,,,,,,https://cata.meduse.co/femmes/bottines/camaro/noir/bottines-femme-camaro-noir-cote.jpg,1,,,,,145,Camaro,,camaro-noir-39,Couleur,Pointure,Noir,5,39,4,1,36,,,,,,Bottines femme,Femme,Bottine,camaro femme,camaro,noir,39,,,,camarofemme
145,Camaro,"Couleur:color:0, Pointure:select:1","Color:color:0, Size:select:1","Noir:0, 40:1","Noir:0, 40:1",,camaro-noir-40,CAMARO-FE-NO40,Couleur:color:0,Pointure:select:1,Noir:0,0,40:1,1,,,,,,https://cata.meduse.co/femmes/bottines/camaro/noir/bottines-femme-camaro-noir-cote.jpg,1,,,,,145,Camaro,,camaro-noir-40,Couleur,Pointure,Noir,5,40,5,1,36,,,,,,Bottines femme,Femme,Bottine,camaro femme,camaro,noir,40,,,,camarofemme
145,Camaro,"Couleur:color:0, Pointure:select:1","Color:color:0, Size:select:1","Noir:0, 41:1","Noir:0, 41:1",,camaro-noir-41,CAMARO-FE-NO41,Couleur:color:0,Pointure:select:1,Noir:0,0,41:1,1,,,,,,https://cata.meduse.co/femmes/bottines/camaro/noir/bottines-femme-camaro-noir-cote.jpg,1,,,,,145,Camaro,,camaro-noir-41,Couleur,Pointure,Noir,5,41,6,1,36,,,,,,Bottines femme,Femme,Bottine,camaro femme,camaro,noir,41,,,,camarofemme
145,Camaro,"Couleur:color:0, Pointure:select:1","Color:color:0, Size:select:1","Noir:0, 42:1","Noir:0, 42:1",,camaro-noir-42,CAMARO-FE-NO42,Couleur:color:0,Pointure:select:1,Noir:0,0,42:1,1,,,,,,https://cata.meduse.co/femmes/bottines/camaro/noir/bottines-femme-camaro-noir-cote.jpg,1,,,,,145,Camaro,,camaro-noir-42,Couleur,Pointure,Noir,5,42,7,1,36,,,,,,Bottines femme,Femme,Bottine,camaro femme,camaro,noir,42,,,,camarofemme
145,Camaro,"Couleur:color:0, Pointure:select:1","Color:color:0, Size:select:1","Rouge foncé:0, 36:1","Rouge foncé:0, 36:1",,camaro-rouge-foncé-36,CAMARO-FE-ROFO36,Couleur:color:0,Pointure:select:1,Rouge foncé:0,0,36:1,1,,,,,,https://cata.meduse.co/femmes/bottines/camaro/rouge-fonce/bottines-femme-camaro-rouge-fonce-cote.jpg,1,,,,,145,Camaro,,camaro-rouge-foncé-36,Couleur,Pointure,Rouge foncé,6,36,1,1,36,,,,,,Bottines femme,Femme,Bottine,camaro femme,camaro,rouge,foncé,36,,,camarofemme
145,Camaro,"Couleur:color:0, Pointure:select:1","Color:color:0, Size:select:1","Rouge foncé:0, 37:1","Rouge foncé:0, 37:1",,camaro-rouge-foncé-37,CAMARO-FE-ROFO37,Couleur:color:0,Pointure:select:1,Rouge foncé:0,0,37:1,1,,,,,,https://cata.meduse.co/femmes/bottines/camaro/rouge-fonce/bottines-femme-camaro-rouge-fonce-cote.jpg,1,,,,,145,Camaro,,camaro-rouge-foncé-37,Couleur,Pointure,Rouge foncé,6,37,2,1,36,,,,,,Bottines femme,Femme,Bottine,camaro femme,camaro,rouge,foncé,37,,,camarofemme
145,Camaro,"Couleur:color:0, Pointure:select:1","Color:color:0, Size:select:1","Rouge foncé:0, 38:1","Rouge foncé:0, 38:1",,camaro-rouge-foncé-38,CAMARO-FE-ROFO38,Couleur:color:0,Pointure:select:1,Rouge foncé:0,0,38:1,1,,,,,,https://cata.meduse.co/femmes/bottines/camaro/rouge-fonce/bottines-femme-camaro-rouge-fonce-cote.jpg,1,,,,,145,Camaro,,camaro-rouge-foncé-38,Couleur,Pointure,Rouge foncé,6,38,3,1,36,,,,,,Bottines femme,Femme,Bottine,camaro femme,camaro,rouge,foncé,38,,,camarofemme
145,Camaro,"Couleur:color:0, Pointure:select:1","Color:color:0, Size:select:1","Rouge foncé:0, 39:1","Rouge foncé:0, 39:1",,camaro-rouge-foncé-39,CAMARO-FE-ROFO39,Couleur:color:0,Pointure:select:1,Rouge foncé:0,0,39:1,1,,,,,,https://cata.meduse.co/femmes/bottines/camaro/rouge-fonce/bottines-femme-camaro-rouge-fonce-cote.jpg,1,,,,,145,Camaro,,camaro-rouge-foncé-39,Couleur,Pointure,Rouge foncé,6,39,4,1,36,,,,,,Bottines femme,Femme,Bottine,camaro femme,camaro,rouge,foncé,39,,,camarofemme
145,Camaro,"Couleur:color:0, Pointure:select:1","Color:color:0, Size:select:1","Rouge foncé:0, 40:1","Rouge foncé:0, 40:1",,camaro-rouge-foncé-40,CAMARO-FE-ROFO40,Couleur:color:0,Pointure:select:1,Rouge foncé:0,0,40:1,1,,,,,,https://cata.meduse.co/femmes/bottines/camaro/rouge-fonce/bottines-femme-camaro-rouge-fonce-cote.jpg,1,,,,,145,Camaro,,camaro-rouge-foncé-40,Couleur,Pointure,Rouge foncé,6,40,5,1,36,,,,,,Bottines femme,Femme,Bottine,camaro femme,camaro,rouge,foncé,40,,,camarofemme
145,Camaro,"Couleur:color:0, Pointure:select:1","Color:color:0, Size:select:1","Rouge foncé:0, 41:1","Rouge foncé:0, 41:1",,camaro-rouge-foncé-41,CAMARO-FE-ROFO41,Couleur:color:0,Pointure:select:1,Rouge foncé:0,0,41:1,1,,,,,,https://cata.meduse.co/femmes/bottines/camaro/rouge-fonce/bottines-femme-camaro-rouge-fonce-cote.jpg,1,,,,,145,Camaro,,camaro-rouge-foncé-41,Couleur,Pointure,Rouge foncé,6,41,6,1,36,,,,,,Bottines femme,Femme,Bottine,camaro femme,camaro,rouge,foncé,41,,,camarofemme
145,Camaro,"Couleur:color:0, Pointure:select:1","Color:color:0, Size:select:1","Rouge foncé:0, 42:1","Rouge foncé:0, 42:1",,camaro-rouge-foncé-42,CAMARO-FE-ROFO42,Couleur:color:0,Pointure:select:1,Rouge foncé:0,0,42:1,1,,,,,,https://cata.meduse.co/femmes/bottines/camaro/rouge-fonce/bottines-femme-camaro-rouge-fonce-cote.jpg,1,,,,,145,Camaro,,camaro-rouge-foncé-42,Couleur,Pointure,Rouge foncé,6,42,7,1,36,,,,,,Bottines femme,Femme,Bottine,camaro femme,camaro,rouge,foncé,42,,,camarofemme
145,Camaro,"Couleur:color:0, Pointure:select:1","Color:color:0, Size:select:1","Vert pastel:0, 36:1","Vert pastel:0, 36:1",,camaro-vert-pastel-36,CAMARO-FE-VEPA36,Couleur:color:0,Pointure:select:1,Vert pastel:0,0,36:1,1,,,,,,https://cata.meduse.co/femmes/bottines/camaro/vert-pastel/bottines-femme-camaro-vert-pastel-cote.jpg,1,,,,,145,Camaro,,camaro-vert-pastel-36,Couleur,Pointure,Vert pastel,7,36,1,1,36,,,,,,Bottines femme,Femme,Bottine,camaro femme,camaro,vert,pastel,36,,,camarofemme
145,Camaro,"Couleur:color:0, Pointure:select:1","Color:color:0, Size:select:1","Vert pastel:0, 37:1","Vert pastel:0, 37:1",,camaro-vert-pastel-37,CAMARO-FE-VEPA37,Couleur:color:0,Pointure:select:1,Vert pastel:0,0,37:1,1,,,,,,https://cata.meduse.co/femmes/bottines/camaro/vert-pastel/bottines-femme-camaro-vert-pastel-cote.jpg,1,,,,,145,Camaro,,camaro-vert-pastel-37,Couleur,Pointure,Vert pastel,7,37,2,1,36,,,,,,Bottines femme,Femme,Bottine,camaro femme,camaro,vert,pastel,37,,,camarofemme
145,Camaro,"Couleur:color:0, Pointure:select:1","Color:color:0, Size:select:1","Vert pastel:0, 38:1","Vert pastel:0, 38:1",,camaro-vert-pastel-38,CAMARO-FE-VEPA38,Couleur:color:0,Pointure:select:1,Vert pastel:0,0,38:1,1,,,,,,https://cata.meduse.co/femmes/bottines/camaro/vert-pastel/bottines-femme-camaro-vert-pastel-cote.jpg,1,,,,,145,Camaro,,camaro-vert-pastel-38,Couleur,Pointure,Vert pastel,7,38,3,1,36,,,,,,Bottines femme,Femme,Bottine,camaro femme,camaro,vert,pastel,38,,,camarofemme
145,Camaro,"Couleur:color:0, Pointure:select:1","Color:color:0, Size:select:1","Vert pastel:0, 39:1","Vert pastel:0, 39:1",,camaro-vert-pastel-39,CAMARO-FE-VEPA39,Couleur:color:0,Pointure:select:1,Vert pastel:0,0,39:1,1,,,,,,https://cata.meduse.co/femmes/bottines/camaro/vert-pastel/bottines-femme-camaro-vert-pastel-cote.jpg,1,,,,,145,Camaro,,camaro-vert-pastel-39,Couleur,Pointure,Vert pastel,7,39,4,1,36,,,,,,Bottines femme,Femme,Bottine,camaro femme,camaro,vert,pastel,39,,,camarofemme
145,Camaro,"Couleur:color:0, Pointure:select:1","Color:color:0, Size:select:1","Vert pastel:0, 40:1","Vert pastel:0, 40:1",,camaro-vert-pastel-40,CAMARO-FE-VEPA40,Couleur:color:0,Pointure:select:1,Vert pastel:0,0,40:1,1,,,,,,https://cata.meduse.co/femmes/bottines/camaro/vert-pastel/bottines-femme-camaro-vert-pastel-cote.jpg,1,,,,,145,Camaro,,camaro-vert-pastel-40,Couleur,Pointure,Vert pastel,7,40,5,1,36,,,,,,Bottines femme,Femme,Bottine,camaro femme,camaro,vert,pastel,40,,,camarofemme
145,Camaro,"Couleur:color:0, Pointure:select:1","Color:color:0, Size:select:1","Vert pastel:0, 41:1","Vert pastel:0, 41:1",,camaro-vert-pastel-41,CAMARO-FE-VEPA41,Couleur:color:0,Pointure:select:1,Vert pastel:0,0,41:1,1,,,,,,https://cata.meduse.co/femmes/bottines/camaro/vert-pastel/bottines-femme-camaro-vert-pastel-cote.jpg,1,,,,,145,Camaro,,camaro-vert-pastel-41,Couleur,Pointure,Vert pastel,7,41,6,1,36,,,,,,Bottines femme,Femme,Bottine,camaro femme,camaro,vert,pastel,41,,,camarofemme
145,Camaro,"Couleur:color:0, Pointure:select:1","Color:color:0, Size:select:1","Vert pastel:0, 42:1","Vert pastel:0, 42:1",,camaro-vert-pastel-42,CAMARO-FE-VEPA42,Couleur:color:0,Pointure:select:1,Vert pastel:0,0,42:1,1,,,,,,https://cata.meduse.co/femmes/bottines/camaro/vert-pastel/bottines-femme-camaro-vert-pastel-cote.jpg,1,,,,,145,Camaro,,camaro-vert-pastel-42,Couleur,Pointure,Vert pastel,7,42,7,1,36,,,,,,Bottines femme,Femme,Bottine,camaro femme,camaro,vert,pastel,42,,,camarofemme
146,Camino,"Couleur:color:0, Pointure:select:1","Color:color:0, Size:select:1","Bronze noeud léopard/Fuchsia:0, 36:1","Bronze noeud léopard/Fuchsia:0, 36:1",,camino-bronze-noeud-léopard-fuchsia-36,CAMINO-FE-BRNOLEFU36,Couleur:color:0,Pointure:select:1,Bronze noeud léopard-Fuchsia:0,0,36:1,1,,,,,,https://cata.meduse.co/femmes/bottines/camino/bronze-noeud-leopard-fuchsia/bottines-femme-camino-bronze-noeud-leopard-fuchsia-cote.jpg,1,,,,,146,Camino,,camino-bronze-noeud-léopard-fuchsia-36,Couleur,Pointure,Bronze noeud léopard/Fuchsia,1,36,1,1,54,,,,,,Bottines femme,Femme,Bottine,camino femme,camino,bronze,noeud,léopard,fuchsia,36,caminofemme
146,Camino,"Couleur:color:0, Pointure:select:1","Color:color:0, Size:select:1","Bronze noeud léopard/Fuchsia:0, 37:1","Bronze noeud léopard/Fuchsia:0, 37:1",,camino-bronze-noeud-léopard-fuchsia-37,CAMINO-FE-BRNOLEFU37,Couleur:color:0,Pointure:select:1,Bronze noeud léopard-Fuchsia:0,0,37:1,1,,,,,,https://cata.meduse.co/femmes/bottines/camino/bronze-noeud-leopard-fuchsia/bottines-femme-camino-bronze-noeud-leopard-fuchsia-cote.jpg,1,,,,,146,Camino,,camino-bronze-noeud-léopard-fuchsia-37,Couleur,Pointure,Bronze noeud léopard/Fuchsia,1,37,2,1,54,,,,,,Bottines femme,Femme,Bottine,camino femme,camino,bronze,noeud,léopard,fuchsia,37,caminofemme
146,Camino,"Couleur:color:0, Pointure:select:1","Color:color:0, Size:select:1","Bronze noeud léopard/Fuchsia:0, 38:1","Bronze noeud léopard/Fuchsia:0, 38:1",,camino-bronze-noeud-léopard-fuchsia-38,CAMINO-FE-BRNOLEFU38,Couleur:color:0,Pointure:select:1,Bronze noeud léopard-Fuchsia:0,0,38:1,1,,,,,,https://cata.meduse.co/femmes/bottines/camino/bronze-noeud-leopard-fuchsia/bottines-femme-camino-bronze-noeud-leopard-fuchsia-cote.jpg,1,,,,,146,Camino,,camino-bronze-noeud-léopard-fuchsia-38,Couleur,Pointure,Bronze noeud léopard/Fuchsia,1,38,3,1,54,,,,,,Bottines femme,Femme,Bottine,camino femme,camino,bronze,noeud,léopard,fuchsia,38,caminofemme
146,Camino,"Couleur:color:0, Pointure:select:1","Color:color:0, Size:select:1","Bronze noeud léopard/Fuchsia:0, 39:1","Bronze noeud léopard/Fuchsia:0, 39:1",,camino-bronze-noeud-léopard-fuchsia-39,CAMINO-FE-BRNOLEFU39,Couleur:color:0,Pointure:select:1,Bronze noeud léopard-Fuchsia:0,0,39:1,1,,,,,,https://cata.meduse.co/femmes/bottines/camino/bronze-noeud-leopard-fuchsia/bottines-femme-camino-bronze-noeud-leopard-fuchsia-cote.jpg,1,,,,,146,Camino,,camino-bronze-noeud-léopard-fuchsia-39,Couleur,Pointure,Bronze noeud léopard/Fuchsia,1,39,4,1,54,,,,,,Bottines femme,Femme,Bottine,camino femme,camino,bronze,noeud,léopard,fuchsia,39,caminofemme
146,Camino,"Couleur:color:0, Pointure:select:1","Color:color:0, Size:select:1","Bronze noeud léopard/Fuchsia:0, 40:1","Bronze noeud léopard/Fuchsia:0, 40:1",,camino-bronze-noeud-léopard-fuchsia-40,CAMINO-FE-BRNOLEFU40,Couleur:color:0,Pointure:select:1,Bronze noeud léopard-Fuchsia:0,0,40:1,1,,,,,,https://cata.meduse.co/femmes/bottines/camino/bronze-noeud-leopard-fuchsia/bottines-femme-camino-bronze-noeud-leopard-fuchsia-cote.jpg,1,,,,,146,Camino,,camino-bronze-noeud-léopard-fuchsia-40,Couleur,Pointure,Bronze noeud léopard/Fuchsia,1,40,5,1,54,,,,,,Bottines femme,Femme,Bottine,camino femme,camino,bronze,noeud,léopard,fuchsia,40,caminofemme
146,Camino,"Couleur:color:0, Pointure:select:1","Color:color:0, Size:select:1","Bronze noeud léopard/Fuchsia:0, 41:1","Bronze noeud léopard/Fuchsia:0, 41:1",,camino-bronze-noeud-léopard-fuchsia-41,CAMINO-FE-BRNOLEFU41,Couleur:color:0,Pointure:select:1,Bronze noeud léopard-Fuchsia:0,0,41:1,1,,,,,,https://cata.meduse.co/femmes/bottines/camino/bronze-noeud-leopard-fuchsia/bottines-femme-camino-bronze-noeud-leopard-fuchsia-cote.jpg,1,,,,,146,Camino,,camino-bronze-noeud-léopard-fuchsia-41,Couleur,Pointure,Bronze noeud léopard/Fuchsia,1,41,6,1,54,,,,,,Bottines femme,Femme,Bottine,camino femme,camino,bronze,noeud,léopard,fuchsia,41,caminofemme
146,Camino,"Couleur:color:0, Pointure:select:1","Color:color:0, Size:select:1","Bronze noeud léopard/Fuchsia:0, 42:1","Bronze noeud léopard/Fuchsia:0, 42:1",,camino-bronze-noeud-léopard-fuchsia-42,CAMINO-FE-BRNOLEFU42,Couleur:color:0,Pointure:select:1,Bronze noeud léopard-Fuchsia:0,0,42:1,1,,,,,,https://cata.meduse.co/femmes/bottines/camino/bronze-noeud-leopard-fuchsia/bottines-femme-camino-bronze-noeud-leopard-fuchsia-cote.jpg,1,,,,,146,Camino,,camino-bronze-noeud-léopard-fuchsia-42,Couleur,Pointure,Bronze noeud léopard/Fuchsia,1,42,7,1,54,,,,,,Bottines femme,Femme,Bottine,camino femme,camino,bronze,noeud,léopard,fuchsia,42,caminofemme
147,Skippy,"Couleur:color:0, Pointure:select:1","Color:color:0, Size:select:1","Jaune/Blanc:0, 22:1","Jaune/Blanc:0, 22:1",,skippy-jaune-blanc-22,SKIPPY-EN-JABL22,Couleur:color:0,Pointure:select:1,Jaune-Blanc:0,0,22:1,1,,,,,,https://cata.meduse.co/enfants/bottes/skippy/jaune-blanc/bottes-enfant-skippy-jaune-blanc-cote.jpg,1,,,,,147,Skippy,,skippy-jaune-blanc-22,Couleur,Pointure,Jaune/Blanc,1,22,1,1,30,,,,,,Bottes enfant,Enfant,Botte,skippy enfant,skippy,jaune,blanc,22,,,skippyenfant
147,Skippy,"Couleur:color:0, Pointure:select:1","Color:color:0, Size:select:1","Jaune/Blanc:0, 24:1","Jaune/Blanc:0, 24:1",,skippy-jaune-blanc-24,SKIPPY-EN-JABL24,Couleur:color:0,Pointure:select:1,Jaune-Blanc:0,0,24:1,1,,,,,,https://cata.meduse.co/enfants/bottes/skippy/jaune-blanc/bottes-enfant-skippy-jaune-blanc-cote.jpg,1,,,,,147,Skippy,,skippy-jaune-blanc-24,Couleur,Pointure,Jaune/Blanc,1,24,2,1,30,,,,,,Bottes enfant,Enfant,Botte,skippy enfant,skippy,jaune,blanc,24,,,skippyenfant
147,Skippy,"Couleur:color:0, Pointure:select:1","Color:color:0, Size:select:1","Jaune/Blanc:0, 26:1","Jaune/Blanc:0, 26:1",,skippy-jaune-blanc-26,SKIPPY-EN-JABL26,Couleur:color:0,Pointure:select:1,Jaune-Blanc:0,0,26:1,1,,,,,,https://cata.meduse.co/enfants/bottes/skippy/jaune-blanc/bottes-enfant-skippy-jaune-blanc-cote.jpg,1,,,,,147,Skippy,,skippy-jaune-blanc-26,Couleur,Pointure,Jaune/Blanc,1,26,3,1,30,,,,,,Bottes enfant,Enfant,Botte,skippy enfant,skippy,jaune,blanc,26,,,skippyenfant
