162,Airbus,"Couleur:color:0, Pointure:select:1","Color:color:0, Size:select:1","Bleu nuit/Gris:0, 27:1","Bleu nuit/Gris:0, 27:1",,airbus-bleu-nuit-gris-27,AIRBUS-EN-BLNUGR27,Couleur:color:0,Pointure:select:1,Bleu nuit-Gris:0,0,27:1,1,,,0,,,,1,,,,,162,Airbus,,airbus-bleu-nuit-gris-27,Couleur,Pointure,Bleu nuit/Gris,2,27,8,1,27,,,,,,Bottes enfant,Enfant,Botte,airbus enfant,airbus,bleu,nuit,gris,27,,airbusenfant
162,Airbus,"Couleur:color:0, Pointure:select:1","Color:color:0, Size:select:1","Bleu nuit/Gris:0, 28:1","Bleu nuit/Gris:0, 28:1",,airbus-bleu-nuit-gris-28,AIRBUS-EN-BLNUGR28,Couleur:color:0,Pointure:select:1,Bleu nuit-Gris:0,3,28:1,1,,,0,,,,1,,,,,162,Airbus,,airbus-bleu-nuit-gris-28,Couleur,Pointure,Bleu nuit/Gris,2,28,9,1,30,,,,,,Bottes enfant,Enfant,Botte,airbus enfant,airbus,bleu,nuit,gris,28,,airbusenfant
162,Airbus,"Couleur:color:0, Pointure:select:1","Color:color:0, Size:select:1","Bleu nuit/Gris:0, 29:1","Bleu nuit/Gris:0, 29:1",,airbus-bleu-nuit-gris-29,AIRBUS-EN-BLNUGR29,Couleur:color:0,Pointure:select:1,Bleu nuit-Gris:0,3,29:1,1,,,0,,,,1,,,,,162,Airbus,,airbus-bleu-nuit-gris-29,Couleur,Pointure,Bleu nuit/Gris,2,29,10,1,30,,,,,,Bottes enfant,Enfant,Botte,airbus enfant,airbus,bleu,nuit,gris,29,,airbusenfant
162,Airbus,"Couleur:color:0, Pointure:select:1","Color:color:0, Size:select:1","Bleu nuit/Gris:0, 30:1","Bleu nuit/Gris:0, 30:1",,airbus-bleu-nuit-gris-30,AIRBUS-EN-BLNUGR30,Couleur:color:0,Pointure:select:1,Bleu nuit-Gris:0,3,30:1,1,,,0,,,,1,,,,,162,Airbus,,airbus-bleu-nuit-gris-30,Couleur,Pointure,Bleu nuit/Gris,2,30,11,1,30,,,,,,Bottes enfant,Enfant,Botte,airbus enfant,airbus,bleu,nuit,gris,30,,airbusenfant
162,Airbus,"Couleur:color:0, Pointure:select:1","Color:color:0, Size:select:1","Bleu nuit/Gris:0, 31:1","Bleu nuit/Gris:0, 31:1",,airbus-bleu-nuit-gris-31,AIRBUS-EN-BLNUGR31,Couleur:color:0,Pointure:select:1,Bleu nuit-Gris:0,3,31:1,1,,,0,,,,1,,,,,162,Airbus,,airbus-bleu-nuit-gris-31,Couleur,Pointure,Bleu nuit/Gris,2,31,12,1,30,,,,,,Bottes enfant,Enfant,Botte,airbus enfant,airbus,bleu,nuit,gris,31,,airbusenfant
162,Airbus,"Couleur:color:0, Pointure:select:1","Color:color:0, Size:select:1","Bleu nuit/Gris:0, 32:1","Bleu nuit/Gris:0, 32:1",,airbus-bleu-nuit-gris-32,AIRBUS-EN-BLNUGR32,Couleur:color:0,Pointure:select:1,Bleu nuit-Gris:0,3,32:1,1,,,0,,,,1,,,,,162,Airbus,,airbus-bleu-nuit-gris-32,Couleur,Pointure,Bleu nuit/Gris,2,32,13,1,30,,,,,,Bottes enfant,Enfant,Botte,airbus enfant,airbus,bleu,nuit,gris,32,,airbusenfant
162,Airbus,"Couleur:color:0, Pointure:select:1","Color:color:0, Size:select:1","Bleu nuit/Gris:0, 33:1","Bleu nuit/Gris:0, 33:1",,airbus-bleu-nuit-gris-33,AIRBUS-EN-BLNUGR33,Couleur:color:0,Pointure:select:1,Bleu nuit-Gris:0,3,33:1,1,,,0,,,,1,,,,,162,Airbus,,airbus-bleu-nuit-gris-33,Couleur,Pointure,Bleu nuit/Gris,2,33,14,1,30,,,,,,Bottes enfant,Enfant,Botte,airbus enfant,airbus,bleu,nuit,gris,33,,airbusenfant
162,Airbus,"Couleur:color:0, Pointure:select:1","Color:color:0, Size:select:1","Bleu nuit/Gris:0, 34:1","Bleu nuit/Gris:0, 34:1",,airbus-bleu-nuit-gris-34,AIRBUS-EN-BLNUGR34,Couleur:color:0,Pointure:select:1,Bleu nuit-Gris:0,3,34:1,1,,,0,,,,1,,,,,162,Airbus,,airbus-bleu-nuit-gris-34,Couleur,Pointure,Bleu nuit/Gris,2,34,15,1,30,,,,,,Bottes enfant,Enfant,Botte,airbus enfant,airbus,bleu,nuit,gris,34,,airbusenfant
162,Airbus,"Couleur:color:0, Pointure:select:1","Color:color:0, Size:select:1","Fuchsia/Bordeaux:0, 20:1","Fuchsia/Bordeaux:0, 20:1",,airbus-fuchsia-bordeaux-20,AIRBUS-EN-FUBO20,Couleur:color:0,Pointure:select:1,Fuchsia-Bordeaux:0,0,20:1,1,,,0,,3,https://cata.meduse.co/enfants/bottes/airbus/fuchsia-bordeaux/bottes-enfant-airbus-fuchsia-bordeaux-cote.jpg,1,,,,,162,Airbus,,airbus-fuchsia-bordeaux-20,Couleur,Pointure,Fuchsia/Bordeaux,3,20,1,1,27,,,,,,Bottes enfant,Enfant,Botte,airbus enfant,airbus,fuchsia,bordeaux,20,,,airbusenfant
162,Airbus,"Couleur:color:0, Pointure:select:1","Color:color:0, Size:select:1","Fuchsia/Bordeaux:0, 21:1","Fuchsia/Bordeaux:0, 21:1",,airbus-fuchsia-bordeaux-21,AIRBUS-EN-FUBO21,Couleur:color:0,Pointure:select:1,Fuchsia-Bordeaux:0,0,21:1,1,,,0,,,,1,,,,,162,Airbus,,airbus-fuchsia-bordeaux-21,Couleur,Pointure,Fuchsia/Bordeaux,3,21,2,1,27,,,,,,Bottes enfant,Enfant,Botte,airbus enfant,airbus,fuchsia,bordeaux,21,,,airbusenfant
162,Airbus,"Couleur:color:0, Pointure:select:1","Color:color:0, Size:select:1","Fuchsia/Bordeaux:0, 22:1","Fuchsia/Bordeaux:0, 22:1",,airbus-fuchsia-bordeaux-22,AIRBUS-EN-FUBO22,Couleur:color:0,Pointure:select:1,Fuchsia-Bordeaux:0,0,22:1,1,,,0,,,,1,,,,,162,Airbus,,airbus-fuchsia-bordeaux-22,Couleur,Pointure,Fuchsia/Bordeaux,3,22,3,1,27,,,,,,Bottes enfant,Enfant,Botte,airbus enfant,airbus,fuchsia,bordeaux,22,,,airbusenfant
162,Airbus,"Couleur:color:0, Pointure:select:1","Color:color:0, Size:select:1","Fuchsia/Bordeaux:0, 23:1","Fuchsia/Bordeaux:0, 23:1",,airbus-fuchsia-bordeaux-23,AIRBUS-EN-FUBO23,Couleur:color:0,Pointure:select:1,Fuchsia-Bordeaux:0,0,23:1,1,,,0,,,,1,,,,,162,Airbus,,airbus-fuchsia-bordeaux-23,Couleur,Pointure,Fuchsia/Bordeaux,3,23,4,1,27,,,,,,Bottes enfant,Enfant,Botte,airbus enfant,airbus,fuchsia,bordeaux,23,,,airbusenfant
162,Airbus,"Couleur:color:0, Pointure:select:1","Color:color:0, Size:select:1","Fuchsia/Bordeaux:0, 24:1","Fuchsia/Bordeaux:0, 24:1",,airbus-fuchsia-bordeaux-24,AIRBUS-EN-FUBO24,Couleur:color:0,Pointure:select:1,Fuchsia-Bordeaux:0,0,24:1,1,,,0,,,,1,,,,,162,Airbus,,airbus-fuchsia-bordeaux-24,Couleur,Pointure,Fuchsia/Bordeaux,3,24,5,1,27,,,,,,Bottes enfant,Enfant,Botte,airbus enfant,airbus,fuchsia,bordeaux,24,,,airbusenfant
162,Airbus,"Couleur:color:0, Pointure:select:1","Color:color:0, Size:select:1","Fuchsia/Bordeaux:0, 25:1","Fuchsia/Bordeaux:0, 25:1",,airbus-fuchsia-bordeaux-25,AIRBUS-EN-FUBO25,Couleur:color:0,Pointure:select:1,Fuchsia-Bordeaux:0,0,25:1,1,,,0,,,,1,,,,,162,Airbus,,airbus-fuchsia-bordeaux-25,Couleur,Pointure,Fuchsia/Bordeaux,3,25,6,1,27,,,,,,Bottes enfant,Enfant,Botte,airbus enfant,airbus,fuchsia,bordeaux,25,,,airbusenfant
162,Airbus,"Couleur:color:0, Pointure:select:1","Color:color:0, Size:select:1","Fuchsia/Bordeaux:0, 26:1","Fuchsia/Bordeaux:0, 26:1",,airbus-fuchsia-bordeaux-26,AIRBUS-EN-FUBO26,Couleur:color:0,Pointure:select:1,Fuchsia-Bordeaux:0,0,26:1,1,,,0,,,,1,,,,,162,Airbus,,airbus-fuchsia-bordeaux-26,Couleur,Pointure,Fuchsia/Bordeaux,3,26,7,1,27,,,,,,Bottes enfant,Enfant,Botte,airbus enfant,airbus,fuchsia,bordeaux,26,,,airbusenfant
162,Airbus,"Couleur:color:0, Pointure:select:1","Color:color:0, Size:select:1","Fuchsia/Bordeaux:0, 27:1","Fuchsia/Bordeaux:0, 27:1",,airbus-fuchsia-bordeaux-27,AIRBUS-EN-FUBO27,Couleur:color:0,Pointure:select:1,Fuchsia-Bordeaux:0,0,27:1,1,,,0,,,,1,,,,,162,Airbus,,airbus-fuchsia-bordeaux-27,Couleur,Pointure,Fuchsia/Bordeaux,3,27,8,1,27,,,,,,Bottes enfant,Enfant,Botte,airbus enfant,airbus,fuchsia,bordeaux,27,,,airbusenfant
162,Airbus,"Couleur:color:0, Pointure:select:1","Color:color:0, Size:select:1","Fuchsia/Bordeaux:0, 28:1","Fuchsia/Bordeaux:0, 28:1",,airbus-fuchsia-bordeaux-28,AIRBUS-EN-FUBO28,Couleur:color:0,Pointure:select:1,Fuchsia-Bordeaux:0,3,28:1,1,,,0,,,,1,,,,,162,Airbus,,airbus-fuchsia-bordeaux-28,Couleur,Pointure,Fuchsia/Bordeaux,3,28,9,1,30,,,,,,Bottes enfant,Enfant,Botte,airbus enfant,airbus,fuchsia,bordeaux,28,,,airbusenfant
162,Airbus,"Couleur:color:0, Pointure:select:1","Color:color:0, Size:select:1","Fuchsia/Bordeaux:0, 29:1","Fuchsia/Bordeaux:0, 29:1",,airbus-fuchsia-bordeaux-29,AIRBUS-EN-FUBO29,Couleur:color:0,Pointure:select:1,Fuchsia-Bordeaux:0,3,29:1,1,,,0,,,,1,,,,,162,Airbus,,airbus-fuchsia-bordeaux-29,Couleur,Pointure,Fuchsia/Bordeaux,3,29,10,1,30,,,,,,Bottes enfant,Enfant,Botte,airbus enfant,airbus,fuchsia,bordeaux,29,,,airbusenfant
162,Airbus,"Couleur:color:0, Pointure:select:1","Color:color:0, Size:select:1","Fuchsia/Bordeaux:0, 30:1","Fuchsia/Bordeaux:0, 30:1",,airbus-fuchsia-bordeaux-30,AIRBUS-EN-FUBO30,Couleur:color:0,Pointure:select:1,Fuchsia-Bordeaux:0,3,30:1,1,,,0,,,,1,,,,,162,Airbus,,airbus-fuchsia-bordeaux-30,Couleur,Pointure,Fuchsia/Bordeaux,3,30,11,1,30,,,,,,Bottes enfant,Enfant,Botte,airbus enfant,airbus,fuchsia,bordeaux,30,,,airbusenfant
162,Airbus,"Couleur:color:0, Pointure:select:1","Color:color:0, Size:select:1","Fuchsia/Bordeaux:0, 31:1","Fuchsia/Bordeaux:0, 31:1",,airbus-fuchsia-bordeaux-31,AIRBUS-EN-FUBO31,Couleur:color:0,Pointure:select:1,Fuchsia-Bordeaux:0,3,31:1,1,,,0,,,,1,,,,,162,Airbus,,airbus-fuchsia-bordeaux-31,Couleur,Pointure,Fuchsia/Bordeaux,3,31,12,1,30,,,,,,Bottes enfant,Enfant,Botte,airbus enfant,airbus,fuchsia,bordeaux,31,,,airbusenfant
162,Airbus,"Couleur:color:0, Pointure:select:1","Color:color:0, Size:select:1","Fuchsia/Bordeaux:0, 32:1","Fuchsia/Bordeaux:0, 32:1",,airbus-fuchsia-bordeaux-32,AIRBUS-EN-FUBO32,Couleur:color:0,Pointure:select:1,Fuchsia-Bordeaux:0,3,32:1,1,,,0,,,,1,,,,,162,Airbus,,airbus-fuchsia-bordeaux-32,Couleur,Pointure,Fuchsia/Bordeaux,3,32,13,1,30,,,,,,Bottes enfant,Enfant,Botte,airbus enfant,airbus,fuchsia,bordeaux,32,,,airbusenfant
162,Airbus,"Couleur:color:0, Pointure:select:1","Color:color:0, Size:select:1","Fuchsia/Bordeaux:0, 33:1","Fuchsia/Bordeaux:0, 33:1",,airbus-fuchsia-bordeaux-33,AIRBUS-EN-FUBO33,Couleur:color:0,Pointure:select:1,Fuchsia-Bordeaux:0,3,33:1,1,,,0,,,,1,,,,,162,Airbus,,airbus-fuchsia-bordeaux-33,Couleur,Pointure,Fuchsia/Bordeaux,3,33,14,1,30,,,,,,Bottes enfant,Enfant,Botte,airbus enfant,airbus,fuchsia,bordeaux,33,,,airbusenfant
162,Airbus,"Couleur:color:0, Pointure:select:1","Color:color:0, Size:select:1","Fuchsia/Bordeaux:0, 34:1","Fuchsia/Bordeaux:0, 34:1",,airbus-fuchsia-bordeaux-34,AIRBUS-EN-FUBO34,Couleur:color:0,Pointure:select:1,Fuchsia-Bordeaux:0,3,34:1,1,,,0,,,,1,,,,,162,Airbus,,airbus-fuchsia-bordeaux-34,Couleur,Pointure,Fuchsia/Bordeaux,3,34,15,1,30,,,,,,Bottes enfant,Enfant,Botte,airbus enfant,airbus,fuchsia,bordeaux,34,,,airbusenfant
162,Airbus,"Couleur:color:0, Pointure:select:1","Color:color:0, Size:select:1","Fuchsia/Corail:0, 20:1","Fuchsia/Corail:0, 20:1",,airbus-fuchsia-corail-20,AIRBUS-EN-FUCO20,Couleur:color:0,Pointure:select:1,Fuchsia-Corail:0,0,20:1,1,,,0,,4,https://cata.meduse.co/enfants/bottes/airbus/fuchsia-corail/bottes-enfant-airbus-fuchsia-corail-cote.jpg,1,,,,,162,Airbus,,airbus-fuchsia-corail-20,Couleur,Pointure,Fuchsia/Corail,4,20,1,1,27,,,,,,Bottes enfant,Enfant,Botte,airbus enfant,airbus,fuchsia,corail,20,,,airbusenfant
162,Airbus,"Couleur:color:0, Pointure:select:1","Color:color:0, Size:select:1","Fuchsia/Corail:0, 21:1","Fuchsia/Corail:0, 21:1",,airbus-fuchsia-corail-21,AIRBUS-EN-FUCO21,Couleur:color:0,Pointure:select:1,Fuchsia-Corail:0,0,21:1,1,,,0,,,,1,,,,,162,Airbus,,airbus-fuchsia-corail-21,Couleur,Pointure,Fuchsia/Corail,4,21,2,1,27,,,,,,Bottes enfant,Enfant,Botte,airbus enfant,airbus,fuchsia,corail,21,,,airbusenfant
162,Airbus,"Couleur:color:0, Pointure:select:1","Color:color:0, Size:select:1","Fuchsia/Corail:0, 22:1","Fuchsia/Corail:0, 22:1",,airbus-fuchsia-corail-22,AIRBUS-EN-FUCO22,Couleur:color:0,Pointure:select:1,Fuchsia-Corail:0,0,22:1,1,,,0,,,,1,,,,,162,Airbus,,airbus-fuchsia-corail-22,Couleur,Pointure,Fuchsia/Corail,4,22,3,1,27,,,,,,Bottes enfant,Enfant,Botte,airbus enfant,airbus,fuchsia,corail,22,,,airbusenfant
162,Airbus,"Couleur:color:0, Pointure:select:1","Color:color:0, Size:select:1","Fuchsia/Corail:0, 23:1","Fuchsia/Corail:0, 23:1",,airbus-fuchsia-corail-23,AIRBUS-EN-FUCO23,Couleur:color:0,Pointure:select:1,Fuchsia-Corail:0,0,23:1,1,,,0,,,,1,,,,,162,Airbus,,airbus-fuchsia-corail-23,Couleur,Pointure,Fuchsia/Corail,4,23,4,1,27,,,,,,Bottes enfant,Enfant,Botte,airbus enfant,airbus,fuchsia,corail,23,,,airbusenfant
162,Airbus,"Couleur:color:0, Pointure:select:1","Color:color:0, Size:select:1","Fuchsia/Corail:0, 24:1","Fuchsia/Corail:0, 24:1",,airbus-fuchsia-corail-24,AIRBUS-EN-FUCO24,Couleur:color:0,Pointure:select:1,Fuchsia-Corail:0,0,24:1,1,,,0,,,,1,,,,,162,Airbus,,airbus-fuchsia-corail-24,Couleur,Pointure,Fuchsia/Corail,4,24,5,1,27,,,,,,Bottes enfant,Enfant,Botte,airbus enfant,airbus,fuchsia,corail,24,,,airbusenfant
162,Airbus,"Couleur:color:0, Pointure:select:1","Color:color:0, Size:select:1","Fuchsia/Corail:0, 25:1","Fuchsia/Corail:0, 25:1",,airbus-fuchsia-corail-25,AIRBUS-EN-FUCO25,Couleur:color:0,Pointure:select:1,Fuchsia-Corail:0,0,25:1,1,,,0,,,,1,,,,,162,Airbus,,airbus-fuchsia-corail-25,Couleur,Pointure,Fuchsia/Corail,4,25,6,1,27,,,,,,Bottes enfant,Enfant,Botte,airbus enfant,airbus,fuchsia,corail,25,,,airbusenfant
162,Airbus,"Couleur:color:0, Pointure:select:1","Color:color:0, Size:select:1","Fuchsia/Corail:0, 26:1","Fuchsia/Corail:0, 26:1",,airbus-fuchsia-corail-26,AIRBUS-EN-FUCO26,Couleur:color:0,Pointure:select:1,Fuchsia-Corail:0,0,26:1,1,,,0,,,,1,,,,,162,Airbus,,airbus-fuchsia-corail-26,Couleur,Pointure,Fuchsia/Corail,4,26,7,1,27,,,,,,Bottes enfant,Enfant,Botte,airbus enfant,airbus,fuchsia,corail,26,,,airbusenfant
162,Airbus,"Couleur:color:0, Pointure:select:1","Color:color:0, Size:select:1","Fuchsia/Corail:0, 27:1","Fuchsia/Corail:0, 27:1",,airbus-fuchsia-corail-27,AIRBUS-EN-FUCO27,Couleur:color:0,Pointure:select:1,Fuchsia-Corail:0,0,27:1,1,,,0,,,,1,,,,,162,Airbus,,airbus-fuchsia-corail-27,Couleur,Pointure,Fuchsia/Corail,4,27,8,1,27,,,,,,Bottes enfant,Enfant,Botte,airbus enfant,airbus,fuchsia,corail,27,,,airbusenfant
162,Airbus,"Couleur:color:0, Pointure:select:1","Color:color:0, Size:select:1","Fuchsia/Corail:0, 28:1","Fuchsia/Corail:0, 28:1",,airbus-fuchsia-corail-28,AIRBUS-EN-FUCO28,Couleur:color:0,Pointure:select:1,Fuchsia-Corail:0,3,28:1,1,,,0,,,,1,,,,,162,Airbus,,airbus-fuchsia-corail-28,Couleur,Pointure,Fuchsia/Corail,4,28,9,1,30,,,,,,Bottes enfant,Enfant,Botte,airbus enfant,airbus,fuchsia,corail,28,,,airbusenfant
162,Airbus,"Couleur:color:0, Pointure:select:1","Color:color:0, Size:select:1","Fuchsia/Corail:0, 29:1","Fuchsia/Corail:0, 29:1",,airbus-fuchsia-corail-29,AIRBUS-EN-FUCO29,Couleur:color:0,Pointure:select:1,Fuchsia-Corail:0,3,29:1,1,,,0,,,,1,,,,,162,Airbus,,airbus-fuchsia-corail-29,Couleur,Pointure,Fuchsia/Corail,4,29,10,1,30,,,,,,Bottes enfant,Enfant,Botte,airbus enfant,airbus,fuchsia,corail,29,,,airbusenfant
162,Airbus,"Couleur:color:0, Pointure:select:1","Color:color:0, Size:select:1","Fuchsia/Corail:0, 30:1","Fuchsia/Corail:0, 30:1",,airbus-fuchsia-corail-30,AIRBUS-EN-FUCO30,Couleur:color:0,Pointure:select:1,Fuchsia-Corail:0,3,30:1,1,,,0,,,,1,,,,,162,Airbus,,airbus-fuchsia-corail-30,Couleur,Pointure,Fuchsia/Corail,4,30,11,1,30,,,,,,Bottes enfant,Enfant,Botte,airbus enfant,airbus,fuchsia,corail,30,,,airbusenfant
162,Airbus,"Couleur:color:0, Pointure:select:1","Color:color:0, Size:select:1","Fuchsia/Corail:0, 31:1","Fuchsia/Corail:0, 31:1",,airbus-fuchsia-corail-31,AIRBUS-EN-FUCO31,Couleur:color:0,Pointure:select:1,Fuchsia-Corail:0,3,31:1,1,,,0,,,,1,,,,,162,Airbus,,airbus-fuchsia-corail-31,Couleur,Pointure,Fuchsia/Corail,4,31,12,1,30,,,,,,Bottes enfant,Enfant,Botte,airbus enfant,airbus,fuchsia,corail,31,,,airbusenfant
162,Airbus,"Couleur:color:0, Pointure:select:1","Color:color:0, Size:select:1","Fuchsia/Corail:0, 32:1","Fuchsia/Corail:0, 32:1",,airbus-fuchsia-corail-32,AIRBUS-EN-FUCO32,Couleur:color:0,Pointure:select:1,Fuchsia-Corail:0,3,32:1,1,,,0,,,,1,,,,,162,Airbus,,airbus-fuchsia-corail-32,Couleur,Pointure,Fuchsia/Corail,4,32,13,1,30,,,,,,Bottes enfant,Enfant,Botte,airbus enfant,airbus,fuchsia,corail,32,,,airbusenfant
162,Airbus,"Couleur:color:0, Pointure:select:1","Color:color:0, Size:select:1","Fuchsia/Corail:0, 33:1","Fuchsia/Corail:0, 33:1",,airbus-fuchsia-corail-33,AIRBUS-EN-FUCO33,Couleur:color:0,Pointure:select:1,Fuchsia-Corail:0,3,33:1,1,,,0,,,,1,,,,,162,Airbus,,airbus-fuchsia-corail-33,Couleur,Pointure,Fuchsia/Corail,4,33,14,1,30,,,,,,Bottes enfant,Enfant,Botte,airbus enfant,airbus,fuchsia,corail,33,,,airbusenfant
162,Airbus,"Couleur:color:0, Pointure:select:1","Color:color:0, Size:select:1","Fuchsia/Corail:0, 34:1","Fuchsia/Corail:0, 34:1",,airbus-fuchsia-corail-34,AIRBUS-EN-FUCO34,Couleur:color:0,Pointure:select:1,Fuchsia-Corail:0,3,34:1,1,,,0,,,,1,,,,,162,Airbus,,airbus-fuchsia-corail-34,Couleur,Pointure,Fuchsia/Corail,4,34,15,1,30,,,,,,Bottes enfant,Enfant,Botte,airbus enfant,airbus,fuchsia,corail,34,,,airbusenfant
162,Airbus,"Couleur:color:0, Pointure:select:1","Color:color:0, Size:select:1","Taupe/Miel:0, 20:1","Taupe/Miel:0, 20:1",,airbus-taupe-miel-20,AIRBUS-EN-TAMI20,Couleur:color:0,Pointure:select:1,Taupe-Miel:0,0,20:1,1,,,0,,5,https://cata.meduse.co/enfants/bottes/airbus/taupe-miel/bottes-enfant-airbus-taupe-miel-cote.jpg,1,,,,,162,Airbus,,airbus-taupe-miel-20,Couleur,Pointure,Taupe/Miel,5,20,1,1,27,,,,,,Bottes enfant,Enfant,Botte,airbus enfant,airbus,taupe,miel,20,,,airbusenfant
162,Airbus,"Couleur:color:0, Pointure:select:1","Color:color:0, Size:select:1","Taupe/Miel:0, 21:1","Taupe/Miel:0, 21:1",,airbus-taupe-miel-21,AIRBUS-EN-TAMI21,Couleur:color:0,Pointure:select:1,Taupe-Miel:0,0,21:1,1,,,0,,,,1,,,,,162,Airbus,,airbus-taupe-miel-21,Couleur,Pointure,Taupe/Miel,5,21,2,1,27,,,,,,Bottes enfant,Enfant,Botte,airbus enfant,airbus,taupe,miel,21,,,airbusenfant
162,Airbus,"Couleur:color:0, Pointure:select:1","Color:color:0, Size:select:1","Taupe/Miel:0, 22:1","Taupe/Miel:0, 22:1",,airbus-taupe-miel-22,AIRBUS-EN-TAMI22,Couleur:color:0,Pointure:select:1,Taupe-Miel:0,0,22:1,1,,,0,,,,1,,,,,162,Airbus,,airbus-taupe-miel-22,Couleur,Pointure,Taupe/Miel,5,22,3,1,27,,,,,,Bottes enfant,Enfant,Botte,airbus enfant,airbus,taupe,miel,22,,,airbusenfant
162,Airbus,"Couleur:color:0, Pointure:select:1","Color:color:0, Size:select:1","Taupe/Miel:0, 23:1","Taupe/Miel:0, 23:1",,airbus-taupe-miel-23,AIRBUS-EN-TAMI23,Couleur:color:0,Pointure:select:1,Taupe-Miel:0,0,23:1,1,,,0,,,,1,,,,,162,Airbus,,airbus-taupe-miel-23,Couleur,Pointure,Taupe/Miel,5,23,4,1,27,,,,,,Bottes enfant,Enfant,Botte,airbus enfant,airbus,taupe,miel,23,,,airbusenfant
162,Airbus,"Couleur:color:0, Pointure:select:1","Color:color:0, Size:select:1","Taupe/Miel:0, 24:1","Taupe/Miel:0, 24:1",,airbus-taupe-miel-24,AIRBUS-EN-TAMI24,Couleur:color:0,Pointure:select:1,Taupe-Miel:0,0,24:1,1,,,0,,,,1,,,,,162,Airbus,,airbus-taupe-miel-24,Couleur,Pointure,Taupe/Miel,5,24,5,1,27,,,,,,Bottes enfant,Enfant,Botte,airbus enfant,airbus,taupe,miel,24,,,airbusenfant
162,Airbus,"Couleur:color:0, Pointure:select:1","Color:color:0, Size:select:1","Taupe/Miel:0, 25:1","Taupe/Miel:0, 25:1",,airbus-taupe-miel-25,AIRBUS-EN-TAMI25,Couleur:color:0,Pointure:select:1,Taupe-Miel:0,0,25:1,1,,,0,,,,1,,,,,162,Airbus,,airbus-taupe-miel-25,Couleur,Pointure,Taupe/Miel,5,25,6,1,27,,,,,,Bottes enfant,Enfant,Botte,airbus enfant,airbus,taupe,miel,25,,,airbusenfant
162,Airbus,"Couleur:color:0, Pointure:select:1","Color:color:0, Size:select:1","Taupe/Miel:0, 26:1","Taupe/Miel:0, 26:1",,airbus-taupe-miel-26,AIRBUS-EN-TAMI26,Couleur:color:0,Pointure:select:1,Taupe-Miel:0,0,26:1,1,,,0,,,,1,,,,,162,Airbus,,airbus-taupe-miel-26,Couleur,Pointure,Taupe/Miel,5,26,7,1,27,,,,,,Bottes enfant,Enfant,Botte,airbus enfant,airbus,taupe,miel,26,,,airbusenfant
162,Airbus,"Couleur:color:0, Pointure:select:1","Color:color:0, Size:select:1","Taupe/Miel:0, 27:1","Taupe/Miel:0, 27:1",,airbus-taupe-miel-27,AIRBUS-EN-TAMI27,Couleur:color:0,Pointure:select:1,Taupe-Miel:0,0,27:1,1,,,0,,,,1,,,,,162,Airbus,,airbus-taupe-miel-27,Couleur,Pointure,Taupe/Miel,5,27,8,1,27,,,,,,Bottes enfant,Enfant,Botte,airbus enfant,airbus,taupe,miel,27,,,airbusenfant
162,Airbus,"Couleur:color:0, Pointure:select:1","Color:color:0, Size:select:1","Taupe/Miel:0, 28:1","Taupe/Miel:0, 28:1",,airbus-taupe-miel-28,AIRBUS-EN-TAMI28,Couleur:color:0,Pointure:select:1,Taupe-Miel:0,3,28:1,1,,,0,,,,1,,,,,162,Airbus,,airbus-taupe-miel-28,Couleur,Pointure,Taupe/Miel,5,28,9,1,30,,,,,,Bottes enfant,Enfant,Botte,airbus enfant,airbus,taupe,miel,28,,,airbusenfant
162,Airbus,"Couleur:color:0, Pointure:select:1","Color:color:0, Size:select:1","Taupe/Miel:0, 29:1","Taupe/Miel:0, 29:1",,airbus-taupe-miel-29,AIRBUS-EN-TAMI29,Couleur:color:0,Pointure:select:1,Taupe-Miel:0,3,29:1,1,,,0,,,,1,,,,,162,Airbus,,airbus-taupe-miel-29,Couleur,Pointure,Taupe/Miel,5,29,10,1,30,,,,,,Bottes enfant,Enfant,Botte,airbus enfant,airbus,taupe,miel,29,,,airbusenfant
162,Airbus,"Couleur:color:0, Pointure:select:1","Color:color:0, Size:select:1","Taupe/Miel:0, 30:1","Taupe/Miel:0, 30:1",,airbus-taupe-miel-30,AIRBUS-EN-TAMI30,Couleur:color:0,Pointure:select:1,Taupe-Miel:0,3,30:1,1,,,0,,,,1,,,,,162,Airbus,,airbus-taupe-miel-30,Couleur,Pointure,Taupe/Miel,5,30,11,1,30,,,,,,Bottes enfant,Enfant,Botte,airbus enfant,airbus,taupe,miel,30,,,airbusenfant
162,Airbus,"Couleur:color:0, Pointure:select:1","Color:color:0, Size:select:1","Taupe/Miel:0, 31:1","Taupe/Miel:0, 31:1",,airbus-taupe-miel-31,AIRBUS-EN-TAMI31,Couleur:color:0,Pointure:select:1,Taupe-Miel:0,3,31:1,1,,,0,,,,1,,,,,162,Airbus,,airbus-taupe-miel-31,Couleur,Pointure,Taupe/Miel,5,31,12,1,30,,,,,,Bottes enfant,Enfant,Botte,airbus enfant,airbus,taupe,miel,31,,,airbusenfant
162,Airbus,"Couleur:color:0, Pointure:select:1","Color:color:0, Size:select:1","Taupe/Miel:0, 32:1","Taupe/Miel:0, 32:1",,airbus-taupe-miel-32,AIRBUS-EN-TAMI32,Couleur:color:0,Pointure:select:1,Taupe-Miel:0,3,32:1,1,,,0,,,,1,,,,,162,Airbus,,airbus-taupe-miel-32,Couleur,Pointure,Taupe/Miel,5,32,13,1,30,,,,,,Bottes enfant,Enfant,Botte,airbus enfant,airbus,taupe,miel,32,,,airbusenfant
162,Airbus,"Couleur:color:0, Pointure:select:1","Color:color:0, Size:select:1","Taupe/Miel:0, 33:1","Taupe/Miel:0, 33:1",,airbus-taupe-miel-33,AIRBUS-EN-TAMI33,Couleur:color:0,Pointure:select:1,Taupe-Miel:0,3,33:1,1,,,0,,,,1,,,,,162,Airbus,,airbus-taupe-miel-33,Couleur,Pointure,Taupe/Miel,5,33,14,1,30,,,,,,Bottes enfant,Enfant,Botte,airbus enfant,airbus,taupe,miel,33,,,airbusenfant
162,Airbus,"Couleur:color:0, Pointure:select:1","Color:color:0, Size:select:1","Taupe/Miel:0, 34:1","Taupe/Miel:0, 34:1",,airbus-taupe-miel-34,AIRBUS-EN-TAMI34,Couleur:color:0,Pointure:select:1,Taupe-Miel:0,3,34:1,1,,,0,,,,1,,,,,162,Airbus,,airbus-taupe-miel-34,Couleur,Pointure,Taupe/Miel,5,34,15,1,30,,,,,,Bottes enfant,Enfant,Botte,airbus enfant,airbus,taupe,miel,34,,,airbusenfant
162,Airbus,"Couleur:color:0, Pointure:select:1","Color:color:0, Size:select:1","Taupe/Orange:0, 20:1","Taupe/Orange:0, 20:1",,airbus-taupe-orange-20,AIRBUS-EN-TAOR20,Couleur:color:0,Pointure:select:1,Taupe-Orange:0,0,20:1,1,,,0,,6,https://cata.meduse.co/enfants/bottes/airbus/taupe-orange/bottes-enfant-airbus-taupe-orange-cote.jpg,1,,,,,162,Airbus,,airbus-taupe-orange-20,Couleur,Pointure,Taupe/Orange,6,20,1,1,27,,,,,,Bottes enfant,Enfant,Botte,airbus enfant,airbus,taupe,orange,20,,,airbusenfant
162,Airbus,"Couleur:color:0, Pointure:select:1","Color:color:0, Size:select:1","Taupe/Orange:0, 21:1","Taupe/Orange:0, 21:1",,airbus-taupe-orange-21,AIRBUS-EN-TAOR21,Couleur:color:0,Pointure:select:1,Taupe-Orange:0,0,21:1,1,,,0,,,,1,,,,,162,Airbus,,airbus-taupe-orange-21,Couleur,Pointure,Taupe/Orange,6,21,2,1,27,,,,,,Bottes enfant,Enfant,Botte,airbus enfant,airbus,taupe,orange,21,,,airbusenfant
162,Airbus,"Couleur:color:0, Pointure:select:1","Color:color:0, Size:select:1","Taupe/Orange:0, 22:1","Taupe/Orange:0, 22:1",,airbus-taupe-orange-22,AIRBUS-EN-TAOR22,Couleur:color:0,Pointure:select:1,Taupe-Orange:0,0,22:1,1,,,0,,,,1,,,,,162,Airbus,,airbus-taupe-orange-22,Couleur,Pointure,Taupe/Orange,6,22,3,1,27,,,,,,Bottes enfant,Enfant,Botte,airbus enfant,airbus,taupe,orange,22,,,airbusenfant
162,Airbus,"Couleur:color:0, Pointure:select:1","Color:color:0, Size:select:1","Taupe/Orange:0, 23:1","Taupe/Orange:0, 23:1",,airbus-taupe-orange-23,AIRBUS-EN-TAOR23,Couleur:color:0,Pointure:select:1,Taupe-Orange:0,0,23:1,1,,,0,,,,1,,,,,162,Airbus,,airbus-taupe-orange-23,Couleur,Pointure,Taupe/Orange,6,23,4,1,27,,,,,,Bottes enfant,Enfant,Botte,airbus enfant,airbus,taupe,orange,23,,,airbusenfant
162,Airbus,"Couleur:color:0, Pointure:select:1","Color:color:0, Size:select:1","Taupe/Orange:0, 24:1","Taupe/Orange:0, 24:1",,airbus-taupe-orange-24,AIRBUS-EN-TAOR24,Couleur:color:0,Pointure:select:1,Taupe-Orange:0,0,24:1,1,,,0,,,,1,,,,,162,Airbus,,airbus-taupe-orange-24,Couleur,Pointure,Taupe/Orange,6,24,5,1,27,,,,,,Bottes enfant,Enfant,Botte,airbus enfant,airbus,taupe,orange,24,,,airbusenfant
162,Airbus,"Couleur:color:0, Pointure:select:1","Color:color:0, Size:select:1","Taupe/Orange:0, 25:1","Taupe/Orange:0, 25:1",,airbus-taupe-orange-25,AIRBUS-EN-TAOR25,Couleur:color:0,Pointure:select:1,Taupe-Orange:0,0,25:1,1,,,0,,,,1,,,,,162,Airbus,,airbus-taupe-orange-25,Couleur,Pointure,Taupe/Orange,6,25,6,1,27,,,,,,Bottes enfant,Enfant,Botte,airbus enfant,airbus,taupe,orange,25,,,airbusenfant
162,Airbus,"Couleur:color:0, Pointure:select:1","Color:color:0, Size:select:1","Taupe/Orange:0, 26:1","Taupe/Orange:0, 26:1",,airbus-taupe-orange-26,AIRBUS-EN-TAOR26,Couleur:color:0,Pointure:select:1,Taupe-Orange:0,0,26:1,1,,,0,,,,1,,,,,162,Airbus,,airbus-taupe-orange-26,Couleur,Pointure,Taupe/Orange,6,26,7,1,27,,,,,,Bottes enfant,Enfant,Botte,airbus enfant,airbus,taupe,orange,26,,,airbusenfant
162,Airbus,"Couleur:color:0, Pointure:select:1","Color:color:0, Size:select:1","Taupe/Orange:0, 27:1","Taupe/Orange:0, 27:1",,airbus-taupe-orange-27,AIRBUS-EN-TAOR27,Couleur:color:0,Pointure:select:1,Taupe-Orange:0,0,27:1,1,,,0,,,,1,,,,,162,Airbus,,airbus-taupe-orange-27,Couleur,Pointure,Taupe/Orange,6,27,8,1,27,,,,,,Bottes enfant,Enfant,Botte,airbus enfant,airbus,taupe,orange,27,,,airbusenfant
162,Airbus,"Couleur:color:0, Pointure:select:1","Color:color:0, Size:select:1","Taupe/Orange:0, 28:1","Taupe/Orange:0, 28:1",,airbus-taupe-orange-28,AIRBUS-EN-TAOR28,Couleur:color:0,Pointure:select:1,Taupe-Orange:0,3,28:1,1,,,0,,,,1,,,,,162,Airbus,,airbus-taupe-orange-28,Couleur,Pointure,Taupe/Orange,6,28,9,1,30,,,,,,Bottes enfant,Enfant,Botte,airbus enfant,airbus,taupe,orange,28,,,airbusenfant
162,Airbus,"Couleur:color:0, Pointure:select:1","Color:color:0, Size:select:1","Taupe/Orange:0, 29:1","Taupe/Orange:0, 29:1",,airbus-taupe-orange-29,AIRBUS-EN-TAOR29,Couleur:color:0,Pointure:select:1,Taupe-Orange:0,3,29:1,1,,,0,,,,1,,,,,162,Airbus,,airbus-taupe-orange-29,Couleur,Pointure,Taupe/Orange,6,29,10,1,30,,,,,,Bottes enfant,Enfant,Botte,airbus enfant,airbus,taupe,orange,29,,,airbusenfant
162,Airbus,"Couleur:color:0, Pointure:select:1","Color:color:0, Size:select:1","Taupe/Orange:0, 30:1","Taupe/Orange:0, 30:1",,airbus-taupe-orange-30,AIRBUS-EN-TAOR30,Couleur:color:0,Pointure:select:1,Taupe-Orange:0,3,30:1,1,,,0,,,,1,,,,,162,Airbus,,airbus-taupe-orange-30,Couleur,Pointure,Taupe/Orange,6,30,11,1,30,,,,,,Bottes enfant,Enfant,Botte,airbus enfant,airbus,taupe,orange,30,,,airbusenfant
162,Airbus,"Couleur:color:0, Pointure:select:1","Color:color:0, Size:select:1","Taupe/Orange:0, 31:1","Taupe/Orange:0, 31:1",,airbus-taupe-orange-31,AIRBUS-EN-TAOR31,Couleur:color:0,Pointure:select:1,Taupe-Orange:0,3,31:1,1,,,0,,,,1,,,,,162,Airbus,,airbus-taupe-orange-31,Couleur,Pointure,Taupe/Orange,6,31,12,1,30,,,,,,Bottes enfant,Enfant,Botte,airbus enfant,airbus,taupe,orange,31,,,airbusenfant
162,Airbus,"Couleur:color:0, Pointure:select:1","Color:color:0, Size:select:1","Taupe/Orange:0, 32:1","Taupe/Orange:0, 32:1",,airbus-taupe-orange-32,AIRBUS-EN-TAOR32,Couleur:color:0,Pointure:select:1,Taupe-Orange:0,3,32:1,1,,,0,,,,1,,,,,162,Airbus,,airbus-taupe-orange-32,Couleur,Pointure,Taupe/Orange,6,32,13,1,30,,,,,,Bottes enfant,Enfant,Botte,airbus enfant,airbus,taupe,orange,32,,,airbusenfant
162,Airbus,"Couleur:color:0, Pointure:select:1","Color:color:0, Size:select:1","Taupe/Orange:0, 33:1","Taupe/Orange:0, 33:1",,airbus-taupe-orange-33,AIRBUS-EN-TAOR33,Couleur:color:0,Pointure:select:1,Taupe-Orange:0,3,33:1,1,,,0,,,,1,,,,,162,Airbus,,airbus-taupe-orange-33,Couleur,Pointure,Taupe/Orange,6,33,14,1,30,,,,,,Bottes enfant,Enfant,Botte,airbus enfant,airbus,taupe,orange,33,,,airbusenfant
162,Airbus,"Couleur:color:0, Pointure:select:1","Color:color:0, Size:select:1","Taupe/Orange:0, 34:1","Taupe/Orange:0, 34:1",,airbus-taupe-orange-34,AIRBUS-EN-TAOR34,Couleur:color:0,Pointure:select:1,Taupe-Orange:0,3,34:1,1,,,0,,,,1,,,,,162,Airbus,,airbus-taupe-orange-34,Couleur,Pointure,Taupe/Orange,6,34,15,1,30,,,,,,Bottes enfant,Enfant,Botte,airbus enfant,airbus,taupe,orange,34,,,airbusenfant
162,Airbus,"Couleur:color:0, Pointure:select:1","Color:color:0, Size:select:1","Violet pailleté/Fuchsia:0, 20:1","Violet pailleté/Fuchsia:0, 20:1",,airbus-violet-pailleté-fuchsia-20,AIRBUS-EN-VIPAFU20,Couleur:color:0,Pointure:select:1,Violet pailleté-Fuchsia:0,0,20:1,1,,,0,,7,https://cata.meduse.co/enfants/bottes/airbus/violet-paillete-fuchsia/bottes-enfant-airbus-violet-paillete-fuchsia-cote.jpg,1,,,,,162,Airbus,,airbus-violet-pailleté-fuchsia-20,Couleur,Pointure,Violet pailleté/Fuchsia,7,20,1,1,27,,,,,,Bottes enfant,Enfant,Botte,airbus enfant,airbus,violet,pailleté,fuchsia,20,,airbusenfant
162,Airbus,"Couleur:color:0, Pointure:select:1","Color:color:0, Size:select:1","Violet pailleté/Fuchsia:0, 21:1","Violet pailleté/Fuchsia:0, 21:1",,airbus-violet-pailleté-fuchsia-21,AIRBUS-EN-VIPAFU21,Couleur:color:0,Pointure:select:1,Violet pailleté-Fuchsia:0,0,21:1,1,,,0,,,,1,,,,,162,Airbus,,airbus-violet-pailleté-fuchsia-21,Couleur,Pointure,Violet pailleté/Fuchsia,7,21,2,1,27,,,,,,Bottes enfant,Enfant,Botte,airbus enfant,airbus,violet,pailleté,fuchsia,21,,airbusenfant
162,Airbus,"Couleur:color:0, Pointure:select:1","Color:color:0, Size:select:1","Violet pailleté/Fuchsia:0, 22:1","Violet pailleté/Fuchsia:0, 22:1",,airbus-violet-pailleté-fuchsia-22,AIRBUS-EN-VIPAFU22,Couleur:color:0,Pointure:select:1,Violet pailleté-Fuchsia:0,0,22:1,1,,,0,,,,1,,,,,162,Airbus,,airbus-violet-pailleté-fuchsia-22,Couleur,Pointure,Violet pailleté/Fuchsia,7,22,3,1,27,,,,,,Bottes enfant,Enfant,Botte,airbus enfant,airbus,violet,pailleté,fuchsia,22,,airbusenfant
162,Airbus,"Couleur:color:0, Pointure:select:1","Color:color:0, Size:select:1","Violet pailleté/Fuchsia:0, 23:1","Violet pailleté/Fuchsia:0, 23:1",,airbus-violet-pailleté-fuchsia-23,AIRBUS-EN-VIPAFU23,Couleur:color:0,Pointure:select:1,Violet pailleté-Fuchsia:0,0,23:1,1,,,0,,,,1,,,,,162,Airbus,,airbus-violet-pailleté-fuchsia-23,Couleur,Pointure,Violet pailleté/Fuchsia,7,23,4,1,27,,,,,,Bottes enfant,Enfant,Botte,airbus enfant,airbus,violet,pailleté,fuchsia,23,,airbusenfant
162,Airbus,"Couleur:color:0, Pointure:select:1","Color:color:0, Size:select:1","Violet pailleté/Fuchsia:0, 24:1","Violet pailleté/Fuchsia:0, 24:1",,airbus-violet-pailleté-fuchsia-24,AIRBUS-EN-VIPAFU24,Couleur:color:0,Pointure:select:1,Violet pailleté-Fuchsia:0,0,24:1,1,,,0,,,,1,,,,,162,Airbus,,airbus-violet-pailleté-fuchsia-24,Couleur,Pointure,Violet pailleté/Fuchsia,7,24,5,1,27,,,,,,Bottes enfant,Enfant,Botte,airbus enfant,airbus,violet,pailleté,fuchsia,24,,airbusenfant
162,Airbus,"Couleur:color:0, Pointure:select:1","Color:color:0, Size:select:1","Violet pailleté/Fuchsia:0, 25:1","Violet pailleté/Fuchsia:0, 25:1",,airbus-violet-pailleté-fuchsia-25,AIRBUS-EN-VIPAFU25,Couleur:color:0,Pointure:select:1,Violet pailleté-Fuchsia:0,0,25:1,1,,,0,,,,1,,,,,162,Airbus,,airbus-violet-pailleté-fuchsia-25,Couleur,Pointure,Violet pailleté/Fuchsia,7,25,6,1,27,,,,,,Bottes enfant,Enfant,Botte,airbus enfant,airbus,violet,pailleté,fuchsia,25,,airbusenfant
162,Airbus,"Couleur:color:0, Pointure:select:1","Color:color:0, Size:select:1","Violet pailleté/Fuchsia:0, 26:1","Violet pailleté/Fuchsia:0, 26:1",,airbus-violet-pailleté-fuchsia-26,AIRBUS-EN-VIPAFU26,Couleur:color:0,Pointure:select:1,Violet pailleté-Fuchsia:0,0,26:1,1,,,0,,,,1,,,,,162,Airbus,,airbus-violet-pailleté-fuchsia-26,Couleur,Pointure,Violet pailleté/Fuchsia,7,26,7,1,27,,,,,,Bottes enfant,Enfant,Botte,airbus enfant,airbus,violet,pailleté,fuchsia,26,,airbusenfant
162,Airbus,"Couleur:color:0, Pointure:select:1","Color:color:0, Size:select:1","Violet pailleté/Fuchsia:0, 27:1","Violet pailleté/Fuchsia:0, 27:1",,airbus-violet-pailleté-fuchsia-27,AIRBUS-EN-VIPAFU27,Couleur:color:0,Pointure:select:1,Violet pailleté-Fuchsia:0,0,27:1,1,,,0,,,,1,,,,,162,Airbus,,airbus-violet-pailleté-fuchsia-27,Couleur,Pointure,Violet pailleté/Fuchsia,7,27,8,1,27,,,,,,Bottes enfant,Enfant,Botte,airbus enfant,airbus,violet,pailleté,fuchsia,27,,airbusenfant
162,Airbus,"Couleur:color:0, Pointure:select:1","Color:color:0, Size:select:1","Violet pailleté/Fuchsia:0, 28:1","Violet pailleté/Fuchsia:0, 28:1",,airbus-violet-pailleté-fuchsia-28,AIRBUS-EN-VIPAFU28,Couleur:color:0,Pointure:select:1,Violet pailleté-Fuchsia:0,3,28:1,1,,,0,,,,1,,,,,162,Airbus,,airbus-violet-pailleté-fuchsia-28,Couleur,Pointure,Violet pailleté/Fuchsia,7,28,9,1,30,,,,,,Bottes enfant,Enfant,Botte,airbus enfant,airbus,violet,pailleté,fuchsia,28,,airbusenfant
162,Airbus,"Couleur:color:0, Pointure:select:1","Color:color:0, Size:select:1","Violet pailleté/Fuchsia:0, 29:1","Violet pailleté/Fuchsia:0, 29:1",,airbus-violet-pailleté-fuchsia-29,AIRBUS-EN-VIPAFU29,Couleur:color:0,Pointure:select:1,Violet pailleté-Fuchsia:0,3,29:1,1,,,0,,,,1,,,,,162,Airbus,,airbus-violet-pailleté-fuchsia-29,Couleur,Pointure,Violet pailleté/Fuchsia,7,29,10,1,30,,,,,,Bottes enfant,Enfant,Botte,airbus enfant,airbus,violet,pailleté,fuchsia,29,,airbusenfant
162,Airbus,"Couleur:color:0, Pointure:select:1","Color:color:0, Size:select:1","Violet pailleté/Fuchsia:0, 30:1","Violet pailleté/Fuchsia:0, 30:1",,airbus-violet-pailleté-fuchsia-30,AIRBUS-EN-VIPAFU30,Couleur:color:0,Pointure:select:1,Violet pailleté-Fuchsia:0,3,30:1,1,,,0,,,,1,,,,,162,Airbus,,airbus-violet-pailleté-fuchsia-30,Couleur,Pointure,Violet pailleté/Fuchsia,7,30,11,1,30,,,,,,Bottes enfant,Enfant,Botte,airbus enfant,airbus,violet,pailleté,fuchsia,30,,airbusenfant
162,Airbus,"Couleur:color:0, Pointure:select:1","Color:color:0, Size:select:1","Violet pailleté/Fuchsia:0, 31:1","Violet pailleté/Fuchsia:0, 31:1",,airbus-violet-pailleté-fuchsia-31,AIRBUS-EN-VIPAFU31,Couleur:color:0,Pointure:select:1,Violet pailleté-Fuchsia:0,3,31:1,1,,,0,,,,1,,,,,162,Airbus,,airbus-violet-pailleté-fuchsia-31,Couleur,Pointure,Violet pailleté/Fuchsia,7,31,12,1,30,,,,,,Bottes enfant,Enfant,Botte,airbus enfant,airbus,violet,pailleté,fuchsia,31,,airbusenfant
162,Airbus,"Couleur:color:0, Pointure:select:1","Color:color:0, Size:select:1","Violet pailleté/Fuchsia:0, 32:1","Violet pailleté/Fuchsia:0, 32:1",,airbus-violet-pailleté-fuchsia-32,AIRBUS-EN-VIPAFU32,Couleur:color:0,Pointure:select:1,Violet pailleté-Fuchsia:0,3,32:1,1,,,0,,,,1,,,,,162,Airbus,,airbus-violet-pailleté-fuchsia-32,Couleur,Pointure,Violet pailleté/Fuchsia,7,32,13,1,30,,,,,,Bottes enfant,Enfant,Botte,airbus enfant,airbus,violet,pailleté,fuchsia,32,,airbusenfant
162,Airbus,"Couleur:color:0, Pointure:select:1","Color:color:0, Size:select:1","Violet pailleté/Fuchsia:0, 33:1","Violet pailleté/Fuchsia:0, 33:1",,airbus-violet-pailleté-fuchsia-33,AIRBUS-EN-VIPAFU33,Couleur:color:0,Pointure:select:1,Violet pailleté-Fuchsia:0,3,33:1,1,,,0,,,,1,,,,,162,Airbus,,airbus-violet-pailleté-fuchsia-33,Couleur,Pointure,Violet pailleté/Fuchsia,7,33,14,1,30,,,,,,Bottes enfant,Enfant,Botte,airbus enfant,airbus,violet,pailleté,fuchsia,33,,airbusenfant
162,Airbus,"Couleur:color:0, Pointure:select:1","Color:color:0, Size:select:1","Violet pailleté/Fuchsia:0, 34:1","Violet pailleté/Fuchsia:0, 34:1",,airbus-violet-pailleté-fuchsia-34,AIRBUS-EN-VIPAFU34,Couleur:color:0,Pointure:select:1,Violet pailleté-Fuchsia:0,3,34:1,1,,,0,,,,1,,,,,162,Airbus,,airbus-violet-pailleté-fuchsia-34,Couleur,Pointure,Violet pailleté/Fuchsia,7,34,15,1,30,,,,,,Bottes enfant,Enfant,Botte,airbus enfant,airbus,violet,pailleté,fuchsia,34,,airbusenfant
162,Airbus,"Couleur:color:0, Pointure:select:1","Color:color:0, Size:select:1","Violet/Rose:0, 20:1","Violet/Rose:0, 20:1",,airbus-violet-rose-20,AIRBUS-EN-VIRO20,Couleur:color:0,Pointure:select:1,Violet-Rose:0,0,20:1,1,,,0,,8,https://cata.meduse.co/enfants/bottes/airbus/violet-rose/bottes-enfant-airbus-violet-rose-cote.jpg,1,,,,,162,Airbus,,airbus-violet-rose-20,Couleur,Pointure,Violet/Rose,8,20,1,1,27,,,,,,Bottes enfant,Enfant,Botte,airbus enfant,airbus,violet,rose,20,,,airbusenfant
162,Airbus,"Couleur:color:0, Pointure:select:1","Color:color:0, Size:select:1","Violet/Rose:0, 21:1","Violet/Rose:0, 21:1",,airbus-violet-rose-21,AIRBUS-EN-VIRO21,Couleur:color:0,Pointure:select:1,Violet-Rose:0,0,21:1,1,,,0,,,,1,,,,,162,Airbus,,airbus-violet-rose-21,Couleur,Pointure,Violet/Rose,8,21,2,1,27,,,,,,Bottes enfant,Enfant,Botte,airbus enfant,airbus,violet,rose,21,,,airbusenfant
162,Airbus,"Couleur:color:0, Pointure:select:1","Color:color:0, Size:select:1","Violet/Rose:0, 22:1","Violet/Rose:0, 22:1",,airbus-violet-rose-22,AIRBUS-EN-VIRO22,Couleur:color:0,Pointure:select:1,Violet-Rose:0,0,22:1,1,,,0,,,,1,,,,,162,Airbus,,airbus-violet-rose-22,Couleur,Pointure,Violet/Rose,8,22,3,1,27,,,,,,Bottes enfant,Enfant,Botte,airbus enfant,airbus,violet,rose,22,,,airbusenfant
162,Airbus,"Couleur:color:0, Pointure:select:1","Color:color:0, Size:select:1","Violet/Rose:0, 23:1","Violet/Rose:0, 23:1",,airbus-violet-rose-23,AIRBUS-EN-VIRO23,Couleur:color:0,Pointure:select:1,Violet-Rose:0,0,23:1,1,,,0,,,,1,,,,,162,Airbus,,airbus-violet-rose-23,Couleur,Pointure,Violet/Rose,8,23,4,1,27,,,,,,Bottes enfant,Enfant,Botte,airbus enfant,airbus,violet,rose,23,,,airbusenfant
162,Airbus,"Couleur:color:0, Pointure:select:1","Color:color:0, Size:select:1","Violet/Rose:0, 24:1","Violet/Rose:0, 24:1",,airbus-violet-rose-24,AIRBUS-EN-VIRO24,Couleur:color:0,Pointure:select:1,Violet-Rose:0,0,24:1,1,,,0,,,,1,,,,,162,Airbus,,airbus-violet-rose-24,Couleur,Pointure,Violet/Rose,8,24,5,1,27,,,,,,Bottes enfant,Enfant,Botte,airbus enfant,airbus,violet,rose,24,,,airbusenfant
162,Airbus,"Couleur:color:0, Pointure:select:1","Color:color:0, Size:select:1","Violet/Rose:0, 25:1","Violet/Rose:0, 25:1",,airbus-violet-rose-25,AIRBUS-EN-VIRO25,Couleur:color:0,Pointure:select:1,Violet-Rose:0,0,25:1,1,,,0,,,,1,,,,,162,Airbus,,airbus-violet-rose-25,Couleur,Pointure,Violet/Rose,8,25,6,1,27,,,,,,Bottes enfant,Enfant,Botte,airbus enfant,airbus,violet,rose,25,,,airbusenfant
162,Airbus,"Couleur:color:0, Pointure:select:1","Color:color:0, Size:select:1","Violet/Rose:0, 26:1","Violet/Rose:0, 26:1",,airbus-violet-rose-26,AIRBUS-EN-VIRO26,Couleur:color:0,Pointure:select:1,Violet-Rose:0,0,26:1,1,,,0,,,,1,,,,,162,Airbus,,airbus-violet-rose-26,Couleur,Pointure,Violet/Rose,8,26,7,1,27,,,,,,Bottes enfant,Enfant,Botte,airbus enfant,airbus,violet,rose,26,,,airbusenfant
162,Airbus,"Couleur:color:0, Pointure:select:1","Color:color:0, Size:select:1","Violet/Rose:0, 27:1","Violet/Rose:0, 27:1",,airbus-violet-rose-27,AIRBUS-EN-VIRO27,Couleur:color:0,Pointure:select:1,Violet-Rose:0,0,27:1,1,,,0,,,,1,,,,,162,Airbus,,airbus-violet-rose-27,Couleur,Pointure,Violet/Rose,8,27,8,1,27,,,,,,Bottes enfant,Enfant,Botte,airbus enfant,airbus,violet,rose,27,,,airbusenfant
162,Airbus,"Couleur:color:0, Pointure:select:1","Color:color:0, Size:select:1","Violet/Rose:0, 28:1","Violet/Rose:0, 28:1",,airbus-violet-rose-28,AIRBUS-EN-VIRO28,Couleur:color:0,Pointure:select:1,Violet-Rose:0,3,28:1,1,,,0,,,,1,,,,,162,Airbus,,airbus-violet-rose-28,Couleur,Pointure,Violet/Rose,8,28,9,1,30,,,,,,Bottes enfant,Enfant,Botte,airbus enfant,airbus,violet,rose,28,,,airbusenfant
162,Airbus,"Couleur:color:0, Pointure:select:1","Color:color:0, Size:select:1","Violet/Rose:0, 29:1","Violet/Rose:0, 29:1",,airbus-violet-rose-29,AIRBUS-EN-VIRO29,Couleur:color:0,Pointure:select:1,Violet-Rose:0,3,29:1,1,,,0,,,,1,,,,,162,Airbus,,airbus-violet-rose-29,Couleur,Pointure,Violet/Rose,8,29,10,1,30,,,,,,Bottes enfant,Enfant,Botte,airbus enfant,airbus,violet,rose,29,,,airbusenfant
162,Airbus,"Couleur:color:0, Pointure:select:1","Color:color:0, Size:select:1","Violet/Rose:0, 30:1","Violet/Rose:0, 30:1",,airbus-violet-rose-30,AIRBUS-EN-VIRO30,Couleur:color:0,Pointure:select:1,Violet-Rose:0,3,30:1,1,,,0,,,,1,,,,,162,Airbus,,airbus-violet-rose-30,Couleur,Pointure,Violet/Rose,8,30,11,1,30,,,,,,Bottes enfant,Enfant,Botte,airbus enfant,airbus,violet,rose,30,,,airbusenfant
162,Airbus,"Couleur:color:0, Pointure:select:1","Color:color:0, Size:select:1","Violet/Rose:0, 31:1","Violet/Rose:0, 31:1",,airbus-violet-rose-31,AIRBUS-EN-VIRO31,Couleur:color:0,Pointure:select:1,Violet-Rose:0,3,31:1,1,,,0,,,,1,,,,,162,Airbus,,airbus-violet-rose-31,Couleur,Pointure,Violet/Rose,8,31,12,1,30,,,,,,Bottes enfant,Enfant,Botte,airbus enfant,airbus,violet,rose,31,,,airbusenfant
162,Airbus,"Couleur:color:0, Pointure:select:1","Color:color:0, Size:select:1","Violet/Rose:0, 32:1","Violet/Rose:0, 32:1",,airbus-violet-rose-32,AIRBUS-EN-VIRO32,Couleur:color:0,Pointure:select:1,Violet-Rose:0,3,32:1,1,,,0,,,,1,,,,,162,Airbus,,airbus-violet-rose-32,Couleur,Pointure,Violet/Rose,8,32,13,1,30,,,,,,Bottes enfant,Enfant,Botte,airbus enfant,airbus,violet,rose,32,,,airbusenfant
162,Airbus,"Couleur:color:0, Pointure:select:1","Color:color:0, Size:select:1","Violet/Rose:0, 33:1","Violet/Rose:0, 33:1",,airbus-violet-rose-33,AIRBUS-EN-VIRO33,Couleur:color:0,Pointure:select:1,Violet-Rose:0,3,33:1,1,,,0,,,,1,,,,,162,Airbus,,airbus-violet-rose-33,Couleur,Pointure,Violet/Rose,8,33,14,1,30,,,,,,Bottes enfant,Enfant,Botte,airbus enfant,airbus,violet,rose,33,,,airbusenfant
162,Airbus,"Couleur:color:0, Pointure:select:1","Color:color:0, Size:select:1","Violet/Rose:0, 34:1","Violet/Rose:0, 34:1",,airbus-violet-rose-34,AIRBUS-EN-VIRO34,Couleur:color:0,Pointure:select:1,Violet-Rose:0,3,34:1,1,,,0,,,,1,,,,,162,Airbus,,airbus-violet-rose-34,Couleur,Pointure,Violet/Rose,8,34,15,1,30,,,,,,Bottes enfant,Enfant,Botte,airbus enfant,airbus,violet,rose,34,,,airbusenfant
169,Jumper,"Couleur:color:0, Pointure:select:1","Color:color:0, Size:select:1","Noir:0, 35:1","Noir:0, 35:1",,jumper-noir,JUMPER-FE-NO,Couleur:color:0,Pointure:select:1,Noir:0,0,35:1,1,,,0,,1,https://cata.meduse.co/femmes/bottines/jumper/noir/bottines-femme-jumper-noir-cote.jpg,1,,,,,169,Jumper,,jumper-noir,Couleur,Pointure,Noir,1,35,1,1,57,,,,,,Bottines femme,Femme,Bottine,jumper femme,jumper,noir,,,,,jumperfemme
169,Jumper,"Couleur:color:0, Pointure:select:1","Color:color:0, Size:select:1","Noir:0, 36:1","Noir:0, 36:1",,jumper-noir,JUMPER-FE-NO,Couleur:color:0,Pointure:select:1,Noir:0,0,36:1,1,,,0,,,,1,,,,,169,Jumper,,jumper-noir,Couleur,Pointure,Noir,1,36,2,1,57,,,,,,Bottines femme,Femme,Bottine,jumper femme,jumper,noir,,,,,jumperfemme
169,Jumper,"Couleur:color:0, Pointure:select:1","Color:color:0, Size:select:1","Noir:0, 37:1","Noir:0, 37:1",,jumper-noir,JUMPER-FE-NO,Couleur:color:0,Pointure:select:1,Noir:0,0,37:1,1,,,0,,,,1,,,,,169,Jumper,,jumper-noir,Couleur,Pointure,Noir,1,37,3,1,57,,,,,,Bottines femme,Femme,Bottine,jumper femme,jumper,noir,,,,,jumperfemme
169,Jumper,"Couleur:color:0, Pointure:select:1","Color:color:0, Size:select:1","Noir:0, 38:1","Noir:0, 38:1",,jumper-noir,JUMPER-FE-NO,Couleur:color:0,Pointure:select:1,Noir:0,0,38:1,1,,,0,,,,1,,,,,169,Jumper,,jumper-noir,Couleur,Pointure,Noir,1,38,4,1,57,,,,,,Bottines femme,Femme,Bottine,jumper femme,jumper,noir,,,,,jumperfemme
169,Jumper,"Couleur:color:0, Pointure:select:1","Color:color:0, Size:select:1","Noir:0, 39:1","Noir:0, 39:1",,jumper-noir,JUMPER-FE-NO,Couleur:color:0,Pointure:select:1,Noir:0,0,39:1,1,,,0,,,,1,,,,,169,Jumper,,jumper-noir,Couleur,Pointure,Noir,1,39,5,1,57,,,,,,Bottines femme,Femme,Bottine,jumper femme,jumper,noir,,,,,jumperfemme
169,Jumper,"Couleur:color:0, Pointure:select:1","Color:color:0, Size:select:1","Noir:0, 40:1","Noir:0, 40:1",,jumper-noir,JUMPER-FE-NO,Couleur:color:0,Pointure:select:1,Noir:0,0,40:1,1,,,0,,,,1,,,,,169,Jumper,,jumper-noir,Couleur,Pointure,Noir,1,40,6,1,57,,,,,,Bottines femme,Femme,Bottine,jumper femme,jumper,noir,,,,,jumperfemme
169,Jumper,"Couleur:color:0, Pointure:select:1","Color:color:0, Size:select:1","Noir:0, 41:1","Noir:0, 41:1",,jumper-noir,JUMPER-FE-NO,Couleur:color:0,Pointure:select:1,Noir:0,0,41:1,1,,,0,,,,1,,,,,169,Jumper,,jumper-noir,Couleur,Pointure,Noir,1,41,7,1,57,,,,,,Bottines femme,Femme,Bottine,jumper femme,jumper,noir,,,,,jumperfemme
169,Jumper,"Couleur:color:0, Pointure:select:1","Color:color:0, Size:select:1","Noir:0, 42:1","Noir:0, 42:1",,jumper-noir,JUMPER-FE-NO,Couleur:color:0,Pointure:select:1,Noir:0,0,42:1,1,,,0,,,,1,,,,,169,Jumper,,jumper-noir,Couleur,Pointure,Noir,1,42,8,1,57,,,,,,Bottines femme,Femme,Bottine,jumper femme,jumper,noir,,,,,jumperfemme
170,Jumpzebr,"Couleur:color:0, Pointure:select:1","Color:color:0, Size:select:1","Noir:0, 30:1","Noir:0, 30:1",,jumpzebr-noir-30,JUMPZEBR-EN-NO30,Couleur:color:0,Pointure:select:1,Noir:0,0,30:1,1,,,1,,1,https://cata.meduse.co/enfants/bottines/jumpzebr/noir/bottines-enfant-jumpzebr-noir-cote.jpg,1,,,,,170,Jumpzebr,,jumpzebr-noir-30,Couleur,Pointure,Noir,1,30,1,1,57,,,,,,Bottines enfant,Enfant,Bottine,jumpzebr enfant,jumpzebr,noir,30,,,,jumpzebrenfant
170,Jumpzebr,"Couleur:color:0, Pointure:select:1","Color:color:0, Size:select:1","Noir:0, 31:1","Noir:0, 31:1",,jumpzebr-noir-31,JUMPZEBR-EN-NO31,Couleur:color:0,Pointure:select:1,Noir:0,0,31:1,1,,,0,,,,1,,,,,170,Jumpzebr,,jumpzebr-noir-31,Couleur,Pointure,Noir,1,31,2,1,57,,,,,,Bottines enfant,Enfant,Bottine,jumpzebr enfant,jumpzebr,noir,31,,,,jumpzebrenfant
170,Jumpzebr,"Couleur:color:0, Pointure:select:1","Color:color:0, Size:select:1","Noir:0, 32:1","Noir:0, 32:1",,jumpzebr-noir-32,JUMPZEBR-EN-NO32,Couleur:color:0,Pointure:select:1,Noir:0,0,32:1,1,,,0,,,,1,,,,,170,Jumpzebr,,jumpzebr-noir-32,Couleur,Pointure,Noir,1,32,3,1,57,,,,,,Bottines enfant,Enfant,Bottine,jumpzebr enfant,jumpzebr,noir,32,,,,jumpzebrenfant
170,Jumpzebr,"Couleur:color:0, Pointure:select:1","Color:color:0, Size:select:1","Noir:0, 33:1","Noir:0, 33:1",,jumpzebr-noir-33,JUMPZEBR-EN-NO33,Couleur:color:0,Pointure:select:1,Noir:0,0,33:1,1,,,0,,,,1,,,,,170,Jumpzebr,,jumpzebr-noir-33,Couleur,Pointure,Noir,1,33,4,1,57,,,,,,Bottines enfant,Enfant,Bottine,jumpzebr enfant,jumpzebr,noir,33,,,,jumpzebrenfant
170,Jumpzebr,"Couleur:color:0, Pointure:select:1","Color:color:0, Size:select:1","Noir:0, 34:1","Noir:0, 34:1",,jumpzebr-noir-34,JUMPZEBR-EN-NO34,Couleur:color:0,Pointure:select:1,Noir:0,0,34:1,1,,,0,,,,1,,,,,170,Jumpzebr,,jumpzebr-noir-34,Couleur,Pointure,Noir,1,34,5,1,57,,,,,,Bottines enfant,Enfant,Bottine,jumpzebr enfant,jumpzebr,noir,34,,,,jumpzebrenfant
171,Jumpzebr,"Couleur:color:0, Pointure:select:1","Color:color:0, Size:select:1","Noir:0, 35:1","Noir:0, 35:1",,jumpzebr-noir-35,JUMPZEBR-FE-NO35,Couleur:color:0,Pointure:select:1,Noir:0,0,35:1,1,,,0,,1,https://cata.meduse.co/femmes/bottines/jumpzebr/noir/bottines-femme-jumpzebr-noir-cote.jpg,1,,,,,170,Jumpzebr,,jumpzebr-noir-35,Couleur,Pointure,Noir,1,35,6,1,57,,,,,,Bottines femme,Femme,Bottine,jumpzebr femme,jumpzebr,noir,35,,,,jumpzebrfemme
171,Jumpzebr,"Couleur:color:0, Pointure:select:1","Color:color:0, Size:select:1","Noir:0, 36:1","Noir:0, 36:1",,jumpzebr-noir-36,JUMPZEBR-FE-NO36,Couleur:color:0,Pointure:select:1,Noir:0,0,36:1,1,,,0,,,,1,,,,,170,Jumpzebr,,jumpzebr-noir-36,Couleur,Pointure,Noir,1,36,7,1,57,,,,,,Bottines femme,Femme,Bottine,jumpzebr femme,jumpzebr,noir,36,,,,jumpzebrfemme
171,Jumpzebr,"Couleur:color:0, Pointure:select:1","Color:color:0, Size:select:1","Noir:0, 37:1","Noir:0, 37:1",,jumpzebr-noir-37,JUMPZEBR-FE-NO37,Couleur:color:0,Pointure:select:1,Noir:0,0,37:1,1,,,0,,,,1,,,,,170,Jumpzebr,,jumpzebr-noir-37,Couleur,Pointure,Noir,1,37,8,1,57,,,,,,Bottines femme,Femme,Bottine,jumpzebr femme,jumpzebr,noir,37,,,,jumpzebrfemme
171,Jumpzebr,"Couleur:color:0, Pointure:select:1","Color:color:0, Size:select:1","Noir:0, 38:1","Noir:0, 38:1",,jumpzebr-noir-38,JUMPZEBR-FE-NO38,Couleur:color:0,Pointure:select:1,Noir:0,0,38:1,1,,,0,,,,1,,,,,170,Jumpzebr,,jumpzebr-noir-38,Couleur,Pointure,Noir,1,38,9,1,57,,,,,,Bottines femme,Femme,Bottine,jumpzebr femme,jumpzebr,noir,38,,,,jumpzebrfemme
171,Jumpzebr,"Couleur:color:0, Pointure:select:1","Color:color:0, Size:select:1","Noir:0, 39:1","Noir:0, 39:1",,jumpzebr-noir-39,JUMPZEBR-FE-NO39,Couleur:color:0,Pointure:select:1,Noir:0,0,39:1,1,,,0,,,,1,,,,,170,Jumpzebr,,jumpzebr-noir-39,Couleur,Pointure,Noir,1,39,10,1,57,,,,,,Bottines femme,Femme,Bottine,jumpzebr femme,jumpzebr,noir,39,,,,jumpzebrfemme
171,Jumpzebr,"Couleur:color:0, Pointure:select:1","Color:color:0, Size:select:1","Noir:0, 40:1","Noir:0, 40:1",,jumpzebr-noir-40,JUMPZEBR-FE-NO40,Couleur:color:0,Pointure:select:1,Noir:0,0,40:1,1,,,0,,,,1,,,,,170,Jumpzebr,,jumpzebr-noir-40,Couleur,Pointure,Noir,1,40,11,1,57,,,,,,Bottines femme,Femme,Bottine,jumpzebr femme,jumpzebr,noir,40,,,,jumpzebrfemme
171,Jumpzebr,"Couleur:color:0, Pointure:select:1","Color:color:0, Size:select:1","Noir:0, 41:1","Noir:0, 41:1",,jumpzebr-noir-41,JUMPZEBR-FE-NO41,Couleur:color:0,Pointure:select:1,Noir:0,0,41:1,1,,,0,,,,1,,,,,170,Jumpzebr,,jumpzebr-noir-41,Couleur,Pointure,Noir,1,41,12,1,57,,,,,,Bottines femme,Femme,Bottine,jumpzebr femme,jumpzebr,noir,41,,,,jumpzebrfemme
171,Jumpzebr,"Couleur:color:0, Pointure:select:1","Color:color:0, Size:select:1","Noir:0, 42:1","Noir:0, 42:1",,jumpzebr-noir-42,JUMPZEBR-FE-NO42,Couleur:color:0,Pointure:select:1,Noir:0,0,42:1,1,,,0,,,,1,,,,,170,Jumpzebr,,jumpzebr-noir-42,Couleur,Pointure,Noir,1,42,13,1,57,,,,,,Bottines femme,Femme,Bottine,jumpzebr femme,jumpzebr,noir,42,,,,jumpzebrfemme
172,Flancuir,"Couleur:color:0, Pointure:select:1","Color:color:0, Size:select:1","Marron:0, 35:1","Marron:0, 35:1",,flancuir-marron-35,FLANCUIR-FE-MA35,Couleur:color:0,Pointure:select:1,Marron:0,0,35:1,1,,,1,,1,https://cata.meduse.co/femmes/bottes/flancuir/marron/bottes-femme-flancuir-marron-cote.jpg,1,,,,,172,Flancuir,,flancuir-marron-35,Couleur,Pointure,Marron,1,35,1,1,72,,,,,,Bottes femme,Femme,Botte,flancuir femme,flancuir,marron,35,,,,flancuirfemme
172,Flancuir,"Couleur:color:0, Pointure:select:1","Color:color:0, Size:select:1","Marron:0, 36:1","Marron:0, 36:1",,flancuir-marron-36,FLANCUIR-FE-MA36,Couleur:color:0,Pointure:select:1,Marron:0,0,36:1,1,,,0,,,,1,,,,,172,Flancuir,,flancuir-marron-36,Couleur,Pointure,Marron,1,36,2,1,72,,,,,,Bottes femme,Femme,Botte,flancuir femme,flancuir,marron,36,,,,flancuirfemme
172,Flancuir,"Couleur:color:0, Pointure:select:1","Color:color:0, Size:select:1","Marron:0, 37:1","Marron:0, 37:1",,flancuir-marron-37,FLANCUIR-FE-MA37,Couleur:color:0,Pointure:select:1,Marron:0,0,37:1,1,,,0,,,,1,,,,,172,Flancuir,,flancuir-marron-37,Couleur,Pointure,Marron,1,37,3,1,72,,,,,,Bottes femme,Femme,Botte,flancuir femme,flancuir,marron,37,,,,flancuirfemme
172,Flancuir,"Couleur:color:0, Pointure:select:1","Color:color:0, Size:select:1","Marron:0, 38:1","Marron:0, 38:1",,flancuir-marron-38,FLANCUIR-FE-MA38,Couleur:color:0,Pointure:select:1,Marron:0,0,38:1,1,,,0,,,,1,,,,,172,Flancuir,,flancuir-marron-38,Couleur,Pointure,Marron,1,38,4,1,72,,,,,,Bottes femme,Femme,Botte,flancuir femme,flancuir,marron,38,,,,flancuirfemme
172,Flancuir,"Couleur:color:0, Pointure:select:1","Color:color:0, Size:select:1","Marron:0, 39:1","Marron:0, 39:1",,flancuir-marron-39,FLANCUIR-FE-MA39,Couleur:color:0,Pointure:select:1,Marron:0,0,39:1,1,,,0,,,,1,,,,,172,Flancuir,,flancuir-marron-39,Couleur,Pointure,Marron,1,39,5,1,72,,,,,,Bottes femme,Femme,Botte,flancuir femme,flancuir,marron,39,,,,flancuirfemme
172,Flancuir,"Couleur:color:0, Pointure:select:1","Color:color:0, Size:select:1","Marron:0, 40:1","Marron:0, 40:1",,flancuir-marron-40,FLANCUIR-FE-MA40,Couleur:color:0,Pointure:select:1,Marron:0,0,40:1,1,,,0,,,,1,,,,,172,Flancuir,,flancuir-marron-40,Couleur,Pointure,Marron,1,40,6,1,72,,,,,,Bottes femme,Femme,Botte,flancuir femme,flancuir,marron,40,,,,flancuirfemme
172,Flancuir,"Couleur:color:0, Pointure:select:1","Color:color:0, Size:select:1","Marron:0, 41:1","Marron:0, 41:1",,flancuir-marron-41,FLANCUIR-FE-MA41,Couleur:color:0,Pointure:select:1,Marron:0,0,41:1,1,,,0,,,,1,,,,,172,Flancuir,,flancuir-marron-41,Couleur,Pointure,Marron,1,41,7,1,72,,,,,,Bottes femme,Femme,Botte,flancuir femme,flancuir,marron,41,,,,flancuirfemme
172,Flancuir,"Couleur:color:0, Pointure:select:1","Color:color:0, Size:select:1","Marron:0, 42:1","Marron:0, 42:1",,flancuir-marron-42,FLANCUIR-FE-MA42,Couleur:color:0,Pointure:select:1,Marron:0,0,42:1,1,,,0,,,,1,,,,,172,Flancuir,,flancuir-marron-42,Couleur,Pointure,Marron,1,42,8,1,72,,,,,,Bottes femme,Femme,Botte,flancuir femme,flancuir,marron,42,,,,flancuirfemme
172,Flancuir,"Couleur:color:0, Pointure:select:1","Color:color:0, Size:select:1","Noir:0, 35:1","Noir:0, 35:1",,flancuir-noir-35,FLANCUIR-FE-NO35,Couleur:color:0,Pointure:select:1,Noir:0,0,35:1,1,,,0,,2,https://cata.meduse.co/femmes/bottes/flancuir/noir/bottes-femme-flancuir-noir-cote.jpg,1,,,,,172,Flancuir,,flancuir-noir-35,Couleur,Pointure,Noir,2,35,1,1,72,,,,,,Bottes femme,Femme,Botte,flancuir femme,flancuir,noir,35,,,,flancuirfemme
172,Flancuir,"Couleur:color:0, Pointure:select:1","Color:color:0, Size:select:1","Noir:0, 36:1","Noir:0, 36:1",,flancuir-noir-36,FLANCUIR-FE-NO36,Couleur:color:0,Pointure:select:1,Noir:0,0,36:1,1,,,0,,,,1,,,,,172,Flancuir,,flancuir-noir-36,Couleur,Pointure,Noir,2,36,2,1,72,,,,,,Bottes femme,Femme,Botte,flancuir femme,flancuir,noir,36,,,,flancuirfemme
172,Flancuir,"Couleur:color:0, Pointure:select:1","Color:color:0, Size:select:1","Noir:0, 37:1","Noir:0, 37:1",,flancuir-noir-37,FLANCUIR-FE-NO37,Couleur:color:0,Pointure:select:1,Noir:0,0,37:1,1,,,0,,,,1,,,,,172,Flancuir,,flancuir-noir-37,Couleur,Pointure,Noir,2,37,3,1,72,,,,,,Bottes femme,Femme,Botte,flancuir femme,flancuir,noir,37,,,,flancuirfemme
172,Flancuir,"Couleur:color:0, Pointure:select:1","Color:color:0, Size:select:1","Noir:0, 38:1","Noir:0, 38:1",,flancuir-noir-38,FLANCUIR-FE-NO38,Couleur:color:0,Pointure:select:1,Noir:0,0,38:1,1,,,0,,,,1,,,,,172,Flancuir,,flancuir-noir-38,Couleur,Pointure,Noir,2,38,4,1,72,,,,,,Bottes femme,Femme,Botte,flancuir femme,flancuir,noir,38,,,,flancuirfemme
172,Flancuir,"Couleur:color:0, Pointure:select:1","Color:color:0, Size:select:1","Noir:0, 39:1","Noir:0, 39:1",,flancuir-noir-39,FLANCUIR-FE-NO39,Couleur:color:0,Pointure:select:1,Noir:0,0,39:1,1,,,0,,,,1,,,,,172,Flancuir,,flancuir-noir-39,Couleur,Pointure,Noir,2,39,5,1,72,,,,,,Bottes femme,Femme,Botte,flancuir femme,flancuir,noir,39,,,,flancuirfemme
172,Flancuir,"Couleur:color:0, Pointure:select:1","Color:color:0, Size:select:1","Noir:0, 40:1","Noir:0, 40:1",,flancuir-noir-40,FLANCUIR-FE-NO40,Couleur:color:0,Pointure:select:1,Noir:0,0,40:1,1,,,0,,,,1,,,,,172,Flancuir,,flancuir-noir-40,Couleur,Pointure,Noir,2,40,6,1,72,,,,,,Bottes femme,Femme,Botte,flancuir femme,flancuir,noir,40,,,,flancuirfemme
172,Flancuir,"Couleur:color:0, Pointure:select:1","Color:color:0, Size:select:1","Noir:0, 41:1","Noir:0, 41:1",,flancuir-noir-41,FLANCUIR-FE-NO41,Couleur:color:0,Pointure:select:1,Noir:0,0,41:1,1,,,0,,,,1,,,,,172,Flancuir,,flancuir-noir-41,Couleur,Pointure,Noir,2,41,7,1,72,,,,,,Bottes femme,Femme,Botte,flancuir femme,flancuir,noir,41,,,,flancuirfemme
172,Flancuir,"Couleur:color:0, Pointure:select:1","Color:color:0, Size:select:1","Noir:0, 42:1","Noir:0, 42:1",,flancuir-noir-42,FLANCUIR-FE-NO42,Couleur:color:0,Pointure:select:1,Noir:0,0,42:1,1,,,0,,,,1,,,,,172,Flancuir,,flancuir-noir-42,Couleur,Pointure,Noir,2,42,8,1,72,,,,,,Bottes femme,Femme,Botte,flancuir femme,flancuir,noir,42,,,,flancuirfemme
173,Flamboy,"Couleur:color:0, Pointure:select:1","Color:color:0, Size:select:1","Noir:0, 35:1","Noir:0, 35:1",,flamboy-noir-35,FLAMBOY-FE-NO35,Couleur:color:0,Pointure:select:1,Noir:0,0,35:1,1,,,1,,1,https://cata.meduse.co/femmes/bottes/flamboy/noir/bottes-femme-flamboy-noir-cote.jpg,1,,,,,173,Flamboy,,flamboy-noir-35,Couleur,Pointure,Noir,1,35,1,1,81,,,,,,Bottes femme,Femme,Botte,flamboy femme,flamboy,noir,35,,,,flamboyfemme
173,Flamboy,"Couleur:color:0, Pointure:select:1","Color:color:0, Size:select:1","Noir:0, 36:1","Noir:0, 36:1",,flamboy-noir-36,FLAMBOY-FE-NO36,Couleur:color:0,Pointure:select:1,Noir:0,0,36:1,1,,,0,,,,1,,,,,173,Flamboy,,flamboy-noir-36,Couleur,Pointure,Noir,1,36,2,1,81,,,,,,Bottes femme,Femme,Botte,flamboy femme,flamboy,noir,36,,,,flamboyfemme
173,Flamboy,"Couleur:color:0, Pointure:select:1","Color:color:0, Size:select:1","Noir:0, 37:1","Noir:0, 37:1",,flamboy-noir-37,FLAMBOY-FE-NO37,Couleur:color:0,Pointure:select:1,Noir:0,0,37:1,1,,,0,,,,1,,,,,173,Flamboy,,flamboy-noir-37,Couleur,Pointure,Noir,1,37,3,1,81,,,,,,Bottes femme,Femme,Botte,flamboy femme,flamboy,noir,37,,,,flamboyfemme
173,Flamboy,"Couleur:color:0, Pointure:select:1","Color:color:0, Size:select:1","Noir:0, 38:1","Noir:0, 38:1",,flamboy-noir-38,FLAMBOY-FE-NO38,Couleur:color:0,Pointure:select:1,Noir:0,0,38:1,1,,,0,,,,1,,,,,173,Flamboy,,flamboy-noir-38,Couleur,Pointure,Noir,1,38,4,1,81,,,,,,Bottes femme,Femme,Botte,flamboy femme,flamboy,noir,38,,,,flamboyfemme
173,Flamboy,"Couleur:color:0, Pointure:select:1","Color:color:0, Size:select:1","Noir:0, 39:1","Noir:0, 39:1",,flamboy-noir-39,FLAMBOY-FE-NO39,Couleur:color:0,Pointure:select:1,Noir:0,0,39:1,1,,,0,,,,1,,,,,173,Flamboy,,flamboy-noir-39,Couleur,Pointure,Noir,1,39,5,1,81,,,,,,Bottes femme,Femme,Botte,flamboy femme,flamboy,noir,39,,,,flamboyfemme
173,Flamboy,"Couleur:color:0, Pointure:select:1","Color:color:0, Size:select:1","Noir:0, 40:1","Noir:0, 40:1",,flamboy-noir-40,FLAMBOY-FE-NO40,Couleur:color:0,Pointure:select:1,Noir:0,0,40:1,1,,,0,,,,1,,,,,173,Flamboy,,flamboy-noir-40,Couleur,Pointure,Noir,1,40,6,1,81,,,,,,Bottes femme,Femme,Botte,flamboy femme,flamboy,noir,40,,,,flamboyfemme
173,Flamboy,"Couleur:color:0, Pointure:select:1","Color:color:0, Size:select:1","Noir:0, 41:1","Noir:0, 41:1",,flamboy-noir-41,FLAMBOY-FE-NO41,Couleur:color:0,Pointure:select:1,Noir:0,0,41:1,1,,,0,,,,1,,,,,173,Flamboy,,flamboy-noir-41,Couleur,Pointure,Noir,1,41,7,1,81,,,,,,Bottes femme,Femme,Botte,flamboy femme,flamboy,noir,41,,,,flamboyfemme
173,Flamboy,"Couleur:color:0, Pointure:select:1","Color:color:0, Size:select:1","Noir:0, 42:1","Noir:0, 42:1",,flamboy-noir-42,FLAMBOY-FE-NO42,Couleur:color:0,Pointure:select:1,Noir:0,0,42:1,1,,,0,,,,1,,,,,173,Flamboy,,flamboy-noir-42,Couleur,Pointure,Noir,1,42,8,1,81,,,,,,Bottes femme,Femme,Botte,flamboy femme,flamboy,noir,42,,,,flamboyfemme
174,Camapail,"Couleur:color:0, Pointure:select:1","Color:color:0, Size:select:1","Argent pailleté:0, 36:1","Argent pailleté:0, 36:1",,camapail-argent-pailleté-36,CAMAPAIL-FE-ARPA36,Couleur:color:0,Pointure:select:1,Argent pailleté:0,0,36:1,1,,,1,,1,https://cata.meduse.co/femmes/bottines/camapail/argent-paillete/bottines-femme-camapail-argent-paillete-cote.jpg,1,,,,,174,Camapail,,camapail-argent-pailleté-36,Couleur,Pointure,Argent pailleté,1,36,1,1,36,,,,,,Bottines femme,Femme,Bottine,camapail femme,camapail,argent,pailleté,36,,,camapailfemme
174,Camapail,"Couleur:color:0, Pointure:select:1","Color:color:0, Size:select:1","Argent pailleté:0, 37:1","Argent pailleté:0, 37:1",,camapail-argent-pailleté-37,CAMAPAIL-FE-ARPA37,Couleur:color:0,Pointure:select:1,Argent pailleté:0,0,37:1,1,,,0,,,,1,,,,,174,Camapail,,camapail-argent-pailleté-37,Couleur,Pointure,Argent pailleté,1,37,2,1,36,,,,,,Bottines femme,Femme,Bottine,camapail femme,camapail,argent,pailleté,37,,,camapailfemme
174,Camapail,"Couleur:color:0, Pointure:select:1","Color:color:0, Size:select:1","Argent pailleté:0, 38:1","Argent pailleté:0, 38:1",,camapail-argent-pailleté-38,CAMAPAIL-FE-ARPA38,Couleur:color:0,Pointure:select:1,Argent pailleté:0,0,38:1,1,,,0,,,,1,,,,,174,Camapail,,camapail-argent-pailleté-38,Couleur,Pointure,Argent pailleté,1,38,3,1,36,,,,,,Bottines femme,Femme,Bottine,camapail femme,camapail,argent,pailleté,38,,,camapailfemme
174,Camapail,"Couleur:color:0, Pointure:select:1","Color:color:0, Size:select:1","Argent pailleté:0, 39:1","Argent pailleté:0, 39:1",,camapail-argent-pailleté-39,CAMAPAIL-FE-ARPA39,Couleur:color:0,Pointure:select:1,Argent pailleté:0,0,39:1,1,,,0,,,,1,,,,,174,Camapail,,camapail-argent-pailleté-39,Couleur,Pointure,Argent pailleté,1,39,4,1,36,,,,,,Bottines femme,Femme,Bottine,camapail femme,camapail,argent,pailleté,39,,,camapailfemme
174,Camapail,"Couleur:color:0, Pointure:select:1","Color:color:0, Size:select:1","Argent pailleté:0, 40:1","Argent pailleté:0, 40:1",,camapail-argent-pailleté-40,CAMAPAIL-FE-ARPA40,Couleur:color:0,Pointure:select:1,Argent pailleté:0,0,40:1,1,,,0,,,,1,,,,,174,Camapail,,camapail-argent-pailleté-40,Couleur,Pointure,Argent pailleté,1,40,5,1,36,,,,,,Bottines femme,Femme,Bottine,camapail femme,camapail,argent,pailleté,40,,,camapailfemme
174,Camapail,"Couleur:color:0, Pointure:select:1","Color:color:0, Size:select:1","Argent pailleté:0, 41:1","Argent pailleté:0, 41:1",,camapail-argent-pailleté-41,CAMAPAIL-FE-ARPA41,Couleur:color:0,Pointure:select:1,Argent pailleté:0,0,41:1,1,,,0,,,,1,,,,,174,Camapail,,camapail-argent-pailleté-41,Couleur,Pointure,Argent pailleté,1,41,6,1,36,,,,,,Bottines femme,Femme,Bottine,camapail femme,camapail,argent,pailleté,41,,,camapailfemme
174,Camapail,"Couleur:color:0, Pointure:select:1","Color:color:0, Size:select:1","Argent pailleté:0, 42:1","Argent pailleté:0, 42:1",,camapail-argent-pailleté-42,CAMAPAIL-FE-ARPA42,Couleur:color:0,Pointure:select:1,Argent pailleté:0,0,42:1,1,,,0,,,,1,,,,,174,Camapail,,camapail-argent-pailleté-42,Couleur,Pointure,Argent pailleté,1,42,7,1,36,,,,,,Bottines femme,Femme,Bottine,camapail femme,camapail,argent,pailleté,42,,,camapailfemme
174,Camapail,"Couleur:color:0, Pointure:select:1","Color:color:0, Size:select:1","Bleu pailleté:0, 36:1","Bleu pailleté:0, 36:1",,camapail-bleu-pailleté-36,CAMAPAIL-FE-BLPA36,Couleur:color:0,Pointure:select:1,Bleu pailleté:0,0,36:1,1,,,0,,2,https://cata.meduse.co/femmes/bottines/camapail/bleu-paillete/bottines-femme-camapail-bleu-paillete-cote.jpg,1,,,,,174,Camapail,,camapail-bleu-pailleté-36,Couleur,Pointure,Bleu pailleté,2,36,1,1,36,,,,,,Bottines femme,Femme,Bottine,camapail femme,camapail,bleu,pailleté,36,,,camapailfemme
174,Camapail,"Couleur:color:0, Pointure:select:1","Color:color:0, Size:select:1","Bleu pailleté:0, 37:1","Bleu pailleté:0, 37:1",,camapail-bleu-pailleté-37,CAMAPAIL-FE-BLPA37,Couleur:color:0,Pointure:select:1,Bleu pailleté:0,0,37:1,1,,,0,,,,1,,,,,174,Camapail,,camapail-bleu-pailleté-37,Couleur,Pointure,Bleu pailleté,2,37,2,1,36,,,,,,Bottines femme,Femme,Bottine,camapail femme,camapail,bleu,pailleté,37,,,camapailfemme
174,Camapail,"Couleur:color:0, Pointure:select:1","Color:color:0, Size:select:1","Bleu pailleté:0, 38:1","Bleu pailleté:0, 38:1",,camapail-bleu-pailleté-38,CAMAPAIL-FE-BLPA38,Couleur:color:0,Pointure:select:1,Bleu pailleté:0,0,38:1,1,,,0,,,,1,,,,,174,Camapail,,camapail-bleu-pailleté-38,Couleur,Pointure,Bleu pailleté,2,38,3,1,36,,,,,,Bottines femme,Femme,Bottine,camapail femme,camapail,bleu,pailleté,38,,,camapailfemme
174,Camapail,"Couleur:color:0, Pointure:select:1","Color:color:0, Size:select:1","Bleu pailleté:0, 39:1","Bleu pailleté:0, 39:1",,camapail-bleu-pailleté-39,CAMAPAIL-FE-BLPA39,Couleur:color:0,Pointure:select:1,Bleu pailleté:0,0,39:1,1,,,0,,,,1,,,,,174,Camapail,,camapail-bleu-pailleté-39,Couleur,Pointure,Bleu pailleté,2,39,4,1,36,,,,,,Bottines femme,Femme,Bottine,camapail femme,camapail,bleu,pailleté,39,,,camapailfemme
174,Camapail,"Couleur:color:0, Pointure:select:1","Color:color:0, Size:select:1","Bleu pailleté:0, 40:1","Bleu pailleté:0, 40:1",,camapail-bleu-pailleté-40,CAMAPAIL-FE-BLPA40,Couleur:color:0,Pointure:select:1,Bleu pailleté:0,0,40:1,1,,,0,,,,1,,,,,174,Camapail,,camapail-bleu-pailleté-40,Couleur,Pointure,Bleu pailleté,2,40,5,1,36,,,,,,Bottines femme,Femme,Bottine,camapail femme,camapail,bleu,pailleté,40,,,camapailfemme
174,Camapail,"Couleur:color:0, Pointure:select:1","Color:color:0, Size:select:1","Bleu pailleté:0, 41:1","Bleu pailleté:0, 41:1",,camapail-bleu-pailleté-41,CAMAPAIL-FE-BLPA41,Couleur:color:0,Pointure:select:1,Bleu pailleté:0,0,41:1,1,,,0,,,,1,,,,,174,Camapail,,camapail-bleu-pailleté-41,Couleur,Pointure,Bleu pailleté,2,41,6,1,36,,,,,,Bottines femme,Femme,Bottine,camapail femme,camapail,bleu,pailleté,41,,,camapailfemme
174,Camapail,"Couleur:color:0, Pointure:select:1","Color:color:0, Size:select:1","Bleu pailleté:0, 42:1","Bleu pailleté:0, 42:1",,camapail-bleu-pailleté-42,CAMAPAIL-FE-BLPA42,Couleur:color:0,Pointure:select:1,Bleu pailleté:0,0,42:1,1,,,0,,,,1,,,,,174,Camapail,,camapail-bleu-pailleté-42,Couleur,Pointure,Bleu pailleté,2,42,7,1,36,,,,,,Bottines femme,Femme,Bottine,camapail femme,camapail,bleu,pailleté,42,,,camapailfemme
174,Camapail,"Couleur:color:0, Pointure:select:1","Color:color:0, Size:select:1","Bordeaux pailleté:0, 36:1","Bordeaux pailleté:0, 36:1",,camapail-bordeaux-pailleté-36,CAMAPAIL-FE-BOPA36,Couleur:color:0,Pointure:select:1,Bordeaux pailleté:0,0,36:1,1,,,0,,3,https://cata.meduse.co/femmes/bottines/camapail/bordeaux-paillete/bottines-femme-camapail-bordeaux-paillete-cote.jpg,1,,,,,174,Camapail,,camapail-bordeaux-pailleté-36,Couleur,Pointure,Bordeaux pailleté,3,36,1,1,36,,,,,,Bottines femme,Femme,Bottine,camapail femme,camapail,bordeaux,pailleté,36,,,camapailfemme
174,Camapail,"Couleur:color:0, Pointure:select:1","Color:color:0, Size:select:1","Bordeaux pailleté:0, 37:1","Bordeaux pailleté:0, 37:1",,camapail-bordeaux-pailleté-37,CAMAPAIL-FE-BOPA37,Couleur:color:0,Pointure:select:1,Bordeaux pailleté:0,0,37:1,1,,,0,,,,1,,,,,174,Camapail,,camapail-bordeaux-pailleté-37,Couleur,Pointure,Bordeaux pailleté,3,37,2,1,36,,,,,,Bottines femme,Femme,Bottine,camapail femme,camapail,bordeaux,pailleté,37,,,camapailfemme
174,Camapail,"Couleur:color:0, Pointure:select:1","Color:color:0, Size:select:1","Bordeaux pailleté:0, 38:1","Bordeaux pailleté:0, 38:1",,camapail-bordeaux-pailleté-38,CAMAPAIL-FE-BOPA38,Couleur:color:0,Pointure:select:1,Bordeaux pailleté:0,0,38:1,1,,,0,,,,1,,,,,174,Camapail,,camapail-bordeaux-pailleté-38,Couleur,Pointure,Bordeaux pailleté,3,38,3,1,36,,,,,,Bottines femme,Femme,Bottine,camapail femme,camapail,bordeaux,pailleté,38,,,camapailfemme
174,Camapail,"Couleur:color:0, Pointure:select:1","Color:color:0, Size:select:1","Bordeaux pailleté:0, 39:1","Bordeaux pailleté:0, 39:1",,camapail-bordeaux-pailleté-39,CAMAPAIL-FE-BOPA39,Couleur:color:0,Pointure:select:1,Bordeaux pailleté:0,0,39:1,1,,,0,,,,1,,,,,174,Camapail,,camapail-bordeaux-pailleté-39,Couleur,Pointure,Bordeaux pailleté,3,39,4,1,36,,,,,,Bottines femme,Femme,Bottine,camapail femme,camapail,bordeaux,pailleté,39,,,camapailfemme
174,Camapail,"Couleur:color:0, Pointure:select:1","Color:color:0, Size:select:1","Bordeaux pailleté:0, 40:1","Bordeaux pailleté:0, 40:1",,camapail-bordeaux-pailleté-40,CAMAPAIL-FE-BOPA40,Couleur:color:0,Pointure:select:1,Bordeaux pailleté:0,0,40:1,1,,,0,,,,1,,,,,174,Camapail,,camapail-bordeaux-pailleté-40,Couleur,Pointure,Bordeaux pailleté,3,40,5,1,36,,,,,,Bottines femme,Femme,Bottine,camapail femme,camapail,bordeaux,pailleté,40,,,camapailfemme
174,Camapail,"Couleur:color:0, Pointure:select:1","Color:color:0, Size:select:1","Bordeaux pailleté:0, 41:1","Bordeaux pailleté:0, 41:1",,camapail-bordeaux-pailleté-41,CAMAPAIL-FE-BOPA41,Couleur:color:0,Pointure:select:1,Bordeaux pailleté:0,0,41:1,1,,,0,,,,1,,,,,174,Camapail,,camapail-bordeaux-pailleté-41,Couleur,Pointure,Bordeaux pailleté,3,41,6,1,36,,,,,,Bottines femme,Femme,Bottine,camapail femme,camapail,bordeaux,pailleté,41,,,camapailfemme
174,Camapail,"Couleur:color:0, Pointure:select:1","Color:color:0, Size:select:1","Bordeaux pailleté:0, 42:1","Bordeaux pailleté:0, 42:1",,camapail-bordeaux-pailleté-42,CAMAPAIL-FE-BOPA42,Couleur:color:0,Pointure:select:1,Bordeaux pailleté:0,0,42:1,1,,,0,,,,1,,,,,174,Camapail,,camapail-bordeaux-pailleté-42,Couleur,Pointure,Bordeaux pailleté,3,42,7,1,36,,,,,,Bottines femme,Femme,Bottine,camapail femme,camapail,bordeaux,pailleté,42,,,camapailfemme
174,Camapail,"Couleur:color:0, Pointure:select:1","Color:color:0, Size:select:1","Silver pailleté:0, 36:1","Silver pailleté:0, 36:1",,camapail-silver-pailleté-36,CAMAPAIL-FE-SIPA36,Couleur:color:0,Pointure:select:1,Silver pailleté:0,0,36:1,1,,,0,,4,https://cata.meduse.co/femmes/bottines/camapail/silver-paillete/bottines-femme-camapail-silver-paillete-cote.jpg,1,,,,,174,Camapail,,camapail-silver-pailleté-36,Couleur,Pointure,Silver pailleté,4,36,1,1,36,,,,,,Bottines femme,Femme,Bottine,camapail femme,camapail,silver,pailleté,36,,,camapailfemme
174,Camapail,"Couleur:color:0, Pointure:select:1","Color:color:0, Size:select:1","Silver pailleté:0, 37:1","Silver pailleté:0, 37:1",,camapail-silver-pailleté-37,CAMAPAIL-FE-SIPA37,Couleur:color:0,Pointure:select:1,Silver pailleté:0,0,37:1,1,,,0,,,,1,,,,,174,Camapail,,camapail-silver-pailleté-37,Couleur,Pointure,Silver pailleté,4,37,2,1,36,,,,,,Bottines femme,Femme,Bottine,camapail femme,camapail,silver,pailleté,37,,,camapailfemme
174,Camapail,"Couleur:color:0, Pointure:select:1","Color:color:0, Size:select:1","Silver pailleté:0, 38:1","Silver pailleté:0, 38:1",,camapail-silver-pailleté-38,CAMAPAIL-FE-SIPA38,Couleur:color:0,Pointure:select:1,Silver pailleté:0,0,38:1,1,,,0,,,,1,,,,,174,Camapail,,camapail-silver-pailleté-38,Couleur,Pointure,Silver pailleté,4,38,3,1,36,,,,,,Bottines femme,Femme,Bottine,camapail femme,camapail,silver,pailleté,38,,,camapailfemme
174,Camapail,"Couleur:color:0, Pointure:select:1","Color:color:0, Size:select:1","Silver pailleté:0, 39:1","Silver pailleté:0, 39:1",,camapail-silver-pailleté-39,CAMAPAIL-FE-SIPA39,Couleur:color:0,Pointure:select:1,Silver pailleté:0,0,39:1,1,,,0,,,,1,,,,,174,Camapail,,camapail-silver-pailleté-39,Couleur,Pointure,Silver pailleté,4,39,4,1,36,,,,,,Bottines femme,Femme,Bottine,camapail femme,camapail,silver,pailleté,39,,,camapailfemme
174,Camapail,"Couleur:color:0, Pointure:select:1","Color:color:0, Size:select:1","Silver pailleté:0, 40:1","Silver pailleté:0, 40:1",,camapail-silver-pailleté-40,CAMAPAIL-FE-SIPA40,Couleur:color:0,Pointure:select:1,Silver pailleté:0,0,40:1,1,,,0,,,,1,,,,,174,Camapail,,camapail-silver-pailleté-40,Couleur,Pointure,Silver pailleté,4,40,5,1,36,,,,,,Bottines femme,Femme,Bottine,camapail femme,camapail,silver,pailleté,40,,,camapailfemme
174,Camapail,"Couleur:color:0, Pointure:select:1","Color:color:0, Size:select:1","Silver pailleté:0, 41:1","Silver pailleté:0, 41:1",,camapail-silver-pailleté-41,CAMAPAIL-FE-SIPA41,Couleur:color:0,Pointure:select:1,Silver pailleté:0,0,41:1,1,,,0,,,,1,,,,,174,Camapail,,camapail-silver-pailleté-41,Couleur,Pointure,Silver pailleté,4,41,6,1,36,,,,,,Bottines femme,Femme,Bottine,camapail femme,camapail,silver,pailleté,41,,,camapailfemme
174,Camapail,"Couleur:color:0, Pointure:select:1","Color:color:0, Size:select:1","Silver pailleté:0, 42:1","Silver pailleté:0, 42:1",,camapail-silver-pailleté-42,CAMAPAIL-FE-SIPA42,Couleur:color:0,Pointure:select:1,Silver pailleté:0,0,42:1,1,,,0,,,,1,,,,,174,Camapail,,camapail-silver-pailleté-42,Couleur,Pointure,Silver pailleté,4,42,7,1,36,,,,,,Bottines femme,Femme,Bottine,camapail femme,camapail,silver,pailleté,42,,,camapailfemme
176,Castic,"Couleur:color:0, Pointure:select:1","Color:color:0, Size:select:1","Aubergine/Bordeaux:0, 36:1","Aubergine/Bordeaux:0, 36:1",,castic-aubergine-bordeaux-36,CASTIC-FE-AUBO36,Couleur:color:0,Pointure:select:1,Aubergine-Bordeaux:0,0,36:1,1,,,1,,1,https://cata.meduse.co/femmes/bottines/castic/aubergine-bordeaux/bottines-femme-castic-aubergine-bordeaux-cote.jpg,1,,,,,176,Castic,,castic-aubergine-bordeaux-36,Couleur,Pointure,Aubergine/Bordeaux,1,36,1,1,48,,,,,,Bottines femme,Femme,Bottine,castic femme,castic,aubergine,bordeaux,36,,,casticfemme
176,Castic,"Couleur:color:0, Pointure:select:1","Color:color:0, Size:select:1","Aubergine/Bordeaux:0, 37:1","Aubergine/Bordeaux:0, 37:1",,castic-aubergine-bordeaux-37,CASTIC-FE-AUBO37,Couleur:color:0,Pointure:select:1,Aubergine-Bordeaux:0,0,37:1,1,,,0,,,,1,,,,,176,Castic,,castic-aubergine-bordeaux-37,Couleur,Pointure,Aubergine/Bordeaux,1,37,2,1,48,,,,,,Bottines femme,Femme,Bottine,castic femme,castic,aubergine,bordeaux,37,,,casticfemme
176,Castic,"Couleur:color:0, Pointure:select:1","Color:color:0, Size:select:1","Aubergine/Bordeaux:0, 38:1","Aubergine/Bordeaux:0, 38:1",,castic-aubergine-bordeaux-38,CASTIC-FE-AUBO38,Couleur:color:0,Pointure:select:1,Aubergine-Bordeaux:0,0,38:1,1,,,0,,,,1,,,,,176,Castic,,castic-aubergine-bordeaux-38,Couleur,Pointure,Aubergine/Bordeaux,1,38,3,1,48,,,,,,Bottines femme,Femme,Bottine,castic femme,castic,aubergine,bordeaux,38,,,casticfemme
176,Castic,"Couleur:color:0, Pointure:select:1","Color:color:0, Size:select:1","Aubergine/Bordeaux:0, 39:1","Aubergine/Bordeaux:0, 39:1",,castic-aubergine-bordeaux-39,CASTIC-FE-AUBO39,Couleur:color:0,Pointure:select:1,Aubergine-Bordeaux:0,0,39:1,1,,,0,,,,1,,,,,176,Castic,,castic-aubergine-bordeaux-39,Couleur,Pointure,Aubergine/Bordeaux,1,39,4,1,48,,,,,,Bottines femme,Femme,Bottine,castic femme,castic,aubergine,bordeaux,39,,,casticfemme
176,Castic,"Couleur:color:0, Pointure:select:1","Color:color:0, Size:select:1","Aubergine/Bordeaux:0, 40:1","Aubergine/Bordeaux:0, 40:1",,castic-aubergine-bordeaux-40,CASTIC-FE-AUBO40,Couleur:color:0,Pointure:select:1,Aubergine-Bordeaux:0,0,40:1,1,,,0,,,,1,,,,,176,Castic,,castic-aubergine-bordeaux-40,Couleur,Pointure,Aubergine/Bordeaux,1,40,5,1,48,,,,,,Bottines femme,Femme,Bottine,castic femme,castic,aubergine,bordeaux,40,,,casticfemme
176,Castic,"Couleur:color:0, Pointure:select:1","Color:color:0, Size:select:1","Aubergine/Bordeaux:0, 41:1","Aubergine/Bordeaux:0, 41:1",,castic-aubergine-bordeaux-41,CASTIC-FE-AUBO41,Couleur:color:0,Pointure:select:1,Aubergine-Bordeaux:0,0,41:1,1,,,0,,,,1,,,,,176,Castic,,castic-aubergine-bordeaux-41,Couleur,Pointure,Aubergine/Bordeaux,1,41,6,1,48,,,,,,Bottines femme,Femme,Bottine,castic femme,castic,aubergine,bordeaux,41,,,casticfemme
176,Castic,"Couleur:color:0, Pointure:select:1","Color:color:0, Size:select:1","Bronze/Bordeaux:0, 36:1","Bronze/Bordeaux:0, 36:1",,castic-bronze-bordeaux-36,CASTIC-FE-BRBO36,Couleur:color:0,Pointure:select:1,Bronze-Bordeaux:0,0,36:1,1,,,0,,2,https://cata.meduse.co/femmes/bottines/castic/bronze-bordeaux/bottines-femme-castic-bronze-bordeaux-cote.jpg,1,,,,,176,Castic,,castic-bronze-bordeaux-36,Couleur,Pointure,Bronze/Bordeaux,2,36,1,1,48,,,,,,Bottines femme,Femme,Bottine,castic femme,castic,bronze,bordeaux,36,,,casticfemme
176,Castic,"Couleur:color:0, Pointure:select:1","Color:color:0, Size:select:1","Bronze/Bordeaux:0, 37:1","Bronze/Bordeaux:0, 37:1",,castic-bronze-bordeaux-37,CASTIC-FE-BRBO37,Couleur:color:0,Pointure:select:1,Bronze-Bordeaux:0,0,37:1,1,,,0,,,,1,,,,,176,Castic,,castic-bronze-bordeaux-37,Couleur,Pointure,Bronze/Bordeaux,2,37,2,1,48,,,,,,Bottines femme,Femme,Bottine,castic femme,castic,bronze,bordeaux,37,,,casticfemme
176,Castic,"Couleur:color:0, Pointure:select:1","Color:color:0, Size:select:1","Bronze/Bordeaux:0, 38:1","Bronze/Bordeaux:0, 38:1",,castic-bronze-bordeaux-38,CASTIC-FE-BRBO38,Couleur:color:0,Pointure:select:1,Bronze-Bordeaux:0,0,38:1,1,,,0,,,,1,,,,,176,Castic,,castic-bronze-bordeaux-38,Couleur,Pointure,Bronze/Bordeaux,2,38,3,1,48,,,,,,Bottines femme,Femme,Bottine,castic femme,castic,bronze,bordeaux,38,,,casticfemme
176,Castic,"Couleur:color:0, Pointure:select:1","Color:color:0, Size:select:1","Bronze/Bordeaux:0, 39:1","Bronze/Bordeaux:0, 39:1",,castic-bronze-bordeaux-39,CASTIC-FE-BRBO39,Couleur:color:0,Pointure:select:1,Bronze-Bordeaux:0,0,39:1,1,,,0,,,,1,,,,,176,Castic,,castic-bronze-bordeaux-39,Couleur,Pointure,Bronze/Bordeaux,2,39,4,1,48,,,,,,Bottines femme,Femme,Bottine,castic femme,castic,bronze,bordeaux,39,,,casticfemme
176,Castic,"Couleur:color:0, Pointure:select:1","Color:color:0, Size:select:1","Bronze/Bordeaux:0, 40:1","Bronze/Bordeaux:0, 40:1",,castic-bronze-bordeaux-40,CASTIC-FE-BRBO40,Couleur:color:0,Pointure:select:1,Bronze-Bordeaux:0,0,40:1,1,,,0,,,,1,,,,,176,Castic,,castic-bronze-bordeaux-40,Couleur,Pointure,Bronze/Bordeaux,2,40,5,1,48,,,,,,Bottines femme,Femme,Bottine,castic femme,castic,bronze,bordeaux,40,,,casticfemme
176,Castic,"Couleur:color:0, Pointure:select:1","Color:color:0, Size:select:1","Bronze/Bordeaux:0, 41:1","Bronze/Bordeaux:0, 41:1",,castic-bronze-bordeaux-41,CASTIC-FE-BRBO41,Couleur:color:0,Pointure:select:1,Bronze-Bordeaux:0,0,41:1,1,,,0,,,,1,,,,,176,Castic,,castic-bronze-bordeaux-41,Couleur,Pointure,Bronze/Bordeaux,2,41,6,1,48,,,,,,Bottines femme,Femme,Bottine,castic femme,castic,bronze,bordeaux,41,,,casticfemme
176,Castic,"Couleur:color:0, Pointure:select:1","Color:color:0, Size:select:1","Marine/Blanc:0, 36:1","Marine/Blanc:0, 36:1",,castic-marine-blanc-36,CASTIC-FE-MABL36,Couleur:color:0,Pointure:select:1,Marine-Blanc:0,0,36:1,1,,,0,,3,https://cata.meduse.co/femmes/bottines/castic/marine-blanc/bottines-femme-castic-marine-blanc-cote.jpg,1,,,,,176,Castic,,castic-marine-blanc-36,Couleur,Pointure,Marine/Blanc,3,36,1,1,48,,,,,,Bottines femme,Femme,Bottine,castic femme,castic,marine,blanc,36,,,casticfemme
176,Castic,"Couleur:color:0, Pointure:select:1","Color:color:0, Size:select:1","Marine/Blanc:0, 37:1","Marine/Blanc:0, 37:1",,castic-marine-blanc-37,CASTIC-FE-MABL37,Couleur:color:0,Pointure:select:1,Marine-Blanc:0,0,37:1,1,,,0,,,,1,,,,,176,Castic,,castic-marine-blanc-37,Couleur,Pointure,Marine/Blanc,3,37,2,1,48,,,,,,Bottines femme,Femme,Bottine,castic femme,castic,marine,blanc,37,,,casticfemme
176,Castic,"Couleur:color:0, Pointure:select:1","Color:color:0, Size:select:1","Marine/Blanc:0, 38:1","Marine/Blanc:0, 38:1",,castic-marine-blanc-38,CASTIC-FE-MABL38,Couleur:color:0,Pointure:select:1,Marine-Blanc:0,0,38:1,1,,,0,,,,1,,,,,176,Castic,,castic-marine-blanc-38,Couleur,Pointure,Marine/Blanc,3,38,3,1,48,,,,,,Bottines femme,Femme,Bottine,castic femme,castic,marine,blanc,38,,,casticfemme
176,Castic,"Couleur:color:0, Pointure:select:1","Color:color:0, Size:select:1","Marine/Blanc:0, 39:1","Marine/Blanc:0, 39:1",,castic-marine-blanc-39,CASTIC-FE-MABL39,Couleur:color:0,Pointure:select:1,Marine-Blanc:0,0,39:1,1,,,0,,,,1,,,,,176,Castic,,castic-marine-blanc-39,Couleur,Pointure,Marine/Blanc,3,39,4,1,48,,,,,,Bottines femme,Femme,Bottine,castic femme,castic,marine,blanc,39,,,casticfemme
176,Castic,"Couleur:color:0, Pointure:select:1","Color:color:0, Size:select:1","Marine/Blanc:0, 40:1","Marine/Blanc:0, 40:1",,castic-marine-blanc-40,CASTIC-FE-MABL40,Couleur:color:0,Pointure:select:1,Marine-Blanc:0,0,40:1,1,,,0,,,,1,,,,,176,Castic,,castic-marine-blanc-40,Couleur,Pointure,Marine/Blanc,3,40,5,1,48,,,,,,Bottines femme,Femme,Bottine,castic femme,castic,marine,blanc,40,,,casticfemme
176,Castic,"Couleur:color:0, Pointure:select:1","Color:color:0, Size:select:1","Marine/Blanc:0, 41:1","Marine/Blanc:0, 41:1",,castic-marine-blanc-41,CASTIC-FE-MABL41,Couleur:color:0,Pointure:select:1,Marine-Blanc:0,0,41:1,1,,,0,,,,1,,,,,176,Castic,,castic-marine-blanc-41,Couleur,Pointure,Marine/Blanc,3,41,6,1,48,,,,,,Bottines femme,Femme,Bottine,castic femme,castic,marine,blanc,41,,,casticfemme
176,Castic,"Couleur:color:0, Pointure:select:1","Color:color:0, Size:select:1","Marine/Bleu pastel:0, 36:1","Marine/Bleu pastel:0, 36:1",,castic-marine-bleu-pastel-36,CASTIC-FE-MABLPA36,Couleur:color:0,Pointure:select:1,Marine-Bleu pastel:0,0,36:1,1,,,0,,4,https://cata.meduse.co/femmes/bottines/castic/marine-bleu-pastel/bottines-femme-castic-marine-bleu-pastel-cote.jpg,1,,,,,176,Castic,,castic-marine-bleu-pastel-36,Couleur,Pointure,Marine/Bleu pastel,4,36,1,1,48,,,,,,Bottines femme,Femme,Bottine,castic femme,castic,marine,bleu,pastel,36,,casticfemme
176,Castic,"Couleur:color:0, Pointure:select:1","Color:color:0, Size:select:1","Marine/Bleu pastel:0, 37:1","Marine/Bleu pastel:0, 37:1",,castic-marine-bleu-pastel-37,CASTIC-FE-MABLPA37,Couleur:color:0,Pointure:select:1,Marine-Bleu pastel:0,0,37:1,1,,,0,,,,1,,,,,176,Castic,,castic-marine-bleu-pastel-37,Couleur,Pointure,Marine/Bleu pastel,4,37,2,1,48,,,,,,Bottines femme,Femme,Bottine,castic femme,castic,marine,bleu,pastel,37,,casticfemme
176,Castic,"Couleur:color:0, Pointure:select:1","Color:color:0, Size:select:1","Marine/Bleu pastel:0, 38:1","Marine/Bleu pastel:0, 38:1",,castic-marine-bleu-pastel-38,CASTIC-FE-MABLPA38,Couleur:color:0,Pointure:select:1,Marine-Bleu pastel:0,0,38:1,1,,,0,,,,1,,,,,176,Castic,,castic-marine-bleu-pastel-38,Couleur,Pointure,Marine/Bleu pastel,4,38,3,1,48,,,,,,Bottines femme,Femme,Bottine,castic femme,castic,marine,bleu,pastel,38,,casticfemme
176,Castic,"Couleur:color:0, Pointure:select:1","Color:color:0, Size:select:1","Marine/Bleu pastel:0, 39:1","Marine/Bleu pastel:0, 39:1",,castic-marine-bleu-pastel-39,CASTIC-FE-MABLPA39,Couleur:color:0,Pointure:select:1,Marine-Bleu pastel:0,0,39:1,1,,,0,,,,1,,,,,176,Castic,,castic-marine-bleu-pastel-39,Couleur,Pointure,Marine/Bleu pastel,4,39,4,1,48,,,,,,Bottines femme,Femme,Bottine,castic femme,castic,marine,bleu,pastel,39,,casticfemme
176,Castic,"Couleur:color:0, Pointure:select:1","Color:color:0, Size:select:1","Marine/Bleu pastel:0, 40:1","Marine/Bleu pastel:0, 40:1",,castic-marine-bleu-pastel-40,CASTIC-FE-MABLPA40,Couleur:color:0,Pointure:select:1,Marine-Bleu pastel:0,0,40:1,1,,,0,,,,1,,,,,176,Castic,,castic-marine-bleu-pastel-40,Couleur,Pointure,Marine/Bleu pastel,4,40,5,1,48,,,,,,Bottines femme,Femme,Bottine,castic femme,castic,marine,bleu,pastel,40,,casticfemme
176,Castic,"Couleur:color:0, Pointure:select:1","Color:color:0, Size:select:1","Marine/Bleu pastel:0, 41:1","Marine/Bleu pastel:0, 41:1",,castic-marine-bleu-pastel-41,CASTIC-FE-MABLPA41,Couleur:color:0,Pointure:select:1,Marine-Bleu pastel:0,0,41:1,1,,,0,,,,1,,,,,176,Castic,,castic-marine-bleu-pastel-41,Couleur,Pointure,Marine/Bleu pastel,4,41,6,1,48,,,,,,Bottines femme,Femme,Bottine,castic femme,castic,marine,bleu,pastel,41,,casticfemme
176,Castic,"Couleur:color:0, Pointure:select:1","Color:color:0, Size:select:1","Noir/Pétrole:0, 36:1","Noir/Pétrole:0, 36:1",,castic-noir-pétrole-36,CASTIC-FE-NOPE36,Couleur:color:0,Pointure:select:1,Noir-Pétrole:0,0,36:1,1,,,0,,5,https://cata.meduse.co/femmes/bottines/castic/noir-petrole/bottines-femme-castic-noir-petrole-cote.jpg,1,,,,,176,Castic,,castic-noir-pétrole-36,Couleur,Pointure,Noir/Pétrole,5,36,1,1,48,,,,,,Bottines femme,Femme,Bottine,castic femme,castic,noir,pétrole,36,,,casticfemme
176,Castic,"Couleur:color:0, Pointure:select:1","Color:color:0, Size:select:1","Noir/Pétrole:0, 37:1","Noir/Pétrole:0, 37:1",,castic-noir-pétrole-37,CASTIC-FE-NOPE37,Couleur:color:0,Pointure:select:1,Noir-Pétrole:0,0,37:1,1,,,0,,,,1,,,,,176,Castic,,castic-noir-pétrole-37,Couleur,Pointure,Noir/Pétrole,5,37,2,1,48,,,,,,Bottines femme,Femme,Bottine,castic femme,castic,noir,pétrole,37,,,casticfemme
176,Castic,"Couleur:color:0, Pointure:select:1","Color:color:0, Size:select:1","Noir/Pétrole:0, 38:1","Noir/Pétrole:0, 38:1",,castic-noir-pétrole-38,CASTIC-FE-NOPE38,Couleur:color:0,Pointure:select:1,Noir-Pétrole:0,0,38:1,1,,,0,,,,1,,,,,176,Castic,,castic-noir-pétrole-38,Couleur,Pointure,Noir/Pétrole,5,38,3,1,48,,,,,,Bottines femme,Femme,Bottine,castic femme,castic,noir,pétrole,38,,,casticfemme
176,Castic,"Couleur:color:0, Pointure:select:1","Color:color:0, Size:select:1","Noir/Pétrole:0, 39:1","Noir/Pétrole:0, 39:1",,castic-noir-pétrole-39,CASTIC-FE-NOPE39,Couleur:color:0,Pointure:select:1,Noir-Pétrole:0,0,39:1,1,,,0,,,,1,,,,,176,Castic,,castic-noir-pétrole-39,Couleur,Pointure,Noir/Pétrole,5,39,4,1,48,,,,,,Bottines femme,Femme,Bottine,castic femme,castic,noir,pétrole,39,,,casticfemme
176,Castic,"Couleur:color:0, Pointure:select:1","Color:color:0, Size:select:1","Noir/Pétrole:0, 40:1","Noir/Pétrole:0, 40:1",,castic-noir-pétrole-40,CASTIC-FE-NOPE40,Couleur:color:0,Pointure:select:1,Noir-Pétrole:0,0,40:1,1,,,0,,,,1,,,,,176,Castic,,castic-noir-pétrole-40,Couleur,Pointure,Noir/Pétrole,5,40,5,1,48,,,,,,Bottines femme,Femme,Bottine,castic femme,castic,noir,pétrole,40,,,casticfemme
