16,Capri,"Couleur:color:0, Pointure:select:1","Color:color:0, Size:select:1","Rose pastel:0, 36:1","Rose pastel:0, 36:1",,capri-rose-pastel-36,CAPRI-FE-ROPA36,Couleur:color:0,Pointure:select:1,Rose pastel:0,0,36:1,1,,,0,,16,https://cata.meduse.co/femmes/sandales/capri/rose-pastel/sandales-femme-capri-rose-pastel-cote.jpg,1,,,,,16,Capri,,capri-rose-pastel-36,Couleur,Pointure,Rose pastel,4,36,1,1,24,,,,,,Sandales femme,Femme,Sandale,capri femme,capri,rose,pastel,36,,,caprifemme
16,Capri,"Couleur:color:0, Pointure:select:1","Color:color:0, Size:select:1","Rose pastel:0, 37:1","Rose pastel:0, 37:1",,capri-rose-pastel-37,CAPRI-FE-ROPA37,Couleur:color:0,Pointure:select:1,Rose pastel:0,0,37:1,1,,,0,,17,https://cata.meduse.co/femmes/sandales/capri/rose-pastel/sandales-femme-capri-rose-pastel-cote.jpg,1,,,,,16,Capri,,capri-rose-pastel-37,Couleur,Pointure,Rose pastel,4,37,2,1,24,,,,,,Sandales femme,Femme,Sandale,capri femme,capri,rose,pastel,37,,,caprifemme
16,Capri,"Couleur:color:0, Pointure:select:1","Color:color:0, Size:select:1","Rose pastel:0, 38:1","Rose pastel:0, 38:1",,capri-rose-pastel-38,CAPRI-FE-ROPA38,Couleur:color:0,Pointure:select:1,Rose pastel:0,0,38:1,1,,,0,,18,https://cata.meduse.co/femmes/sandales/capri/rose-pastel/sandales-femme-capri-rose-pastel-cote.jpg,1,,,,,16,Capri,,capri-rose-pastel-38,Couleur,Pointure,Rose pastel,4,38,3,1,24,,,,,,Sandales femme,Femme,Sandale,capri femme,capri,rose,pastel,38,,,caprifemme
16,Capri,"Couleur:color:0, Pointure:select:1","Color:color:0, Size:select:1","Rose pastel:0, 39:1","Rose pastel:0, 39:1",,capri-rose-pastel-39,CAPRI-FE-ROPA39,Couleur:color:0,Pointure:select:1,Rose pastel:0,0,39:1,1,,,0,,19,https://cata.meduse.co/femmes/sandales/capri/rose-pastel/sandales-femme-capri-rose-pastel-cote.jpg,1,,,,,16,Capri,,capri-rose-pastel-39,Couleur,Pointure,Rose pastel,4,39,4,1,24,,,,,,Sandales femme,Femme,Sandale,capri femme,capri,rose,pastel,39,,,caprifemme
16,Capri,"Couleur:color:0, Pointure:select:1","Color:color:0, Size:select:1","Rose pastel:0, 40:1","Rose pastel:0, 40:1",,capri-rose-pastel-40,CAPRI-FE-ROPA40,Couleur:color:0,Pointure:select:1,Rose pastel:0,0,40:1,1,,,0,,20,https://cata.meduse.co/femmes/sandales/capri/rose-pastel/sandales-femme-capri-rose-pastel-cote.jpg,1,,,,,16,Capri,,capri-rose-pastel-40,Couleur,Pointure,Rose pastel,4,40,5,1,24,,,,,,Sandales femme,Femme,Sandale,capri femme,capri,rose,pastel,40,,,caprifemme
16,Capri,"Couleur:color:0, Pointure:select:1","Color:color:0, Size:select:1","Silver:0, 36:1","Silver:0, 36:1",,capri-silver-36,CAPRI-FE-SI36,Couleur:color:0,Pointure:select:1,Silver:0,0,36:1,1,,,0,,21,https://cata.meduse.co/femmes/sandales/capri/silver/sandales-femme-capri-silver-cote.jpg,1,,,,,16,Capri,,capri-silver-36,Couleur,Pointure,Silver,5,36,1,1,24,,,,,,Sandales femme,Femme,Sandale,capri femme,capri,silver,36,,,,caprifemme
16,Capri,"Couleur:color:0, Pointure:select:1","Color:color:0, Size:select:1","Silver:0, 37:1","Silver:0, 37:1",,capri-silver-37,CAPRI-FE-SI37,Couleur:color:0,Pointure:select:1,Silver:0,0,37:1,1,,,0,,22,https://cata.meduse.co/femmes/sandales/capri/silver/sandales-femme-capri-silver-cote.jpg,1,,,,,16,Capri,,capri-silver-37,Couleur,Pointure,Silver,5,37,2,1,24,,,,,,Sandales femme,Femme,Sandale,capri femme,capri,silver,37,,,,caprifemme
16,Capri,"Couleur:color:0, Pointure:select:1","Color:color:0, Size:select:1","Silver:0, 38:1","Silver:0, 38:1",,capri-silver-38,CAPRI-FE-SI38,Couleur:color:0,Pointure:select:1,Silver:0,0,38:1,1,,,0,,23,https://cata.meduse.co/femmes/sandales/capri/silver/sandales-femme-capri-silver-cote.jpg,1,,,,,16,Capri,,capri-silver-38,Couleur,Pointure,Silver,5,38,3,1,24,,,,,,Sandales femme,Femme,Sandale,capri femme,capri,silver,38,,,,caprifemme
16,Capri,"Couleur:color:0, Pointure:select:1","Color:color:0, Size:select:1","Silver:0, 39:1","Silver:0, 39:1",,capri-silver-39,CAPRI-FE-SI39,Couleur:color:0,Pointure:select:1,Silver:0,0,39:1,1,,,0,,24,https://cata.meduse.co/femmes/sandales/capri/silver/sandales-femme-capri-silver-cote.jpg,1,,,,,16,Capri,,capri-silver-39,Couleur,Pointure,Silver,5,39,4,1,24,,,,,,Sandales femme,Femme,Sandale,capri femme,capri,silver,39,,,,caprifemme
16,Capri,"Couleur:color:0, Pointure:select:1","Color:color:0, Size:select:1","Silver:0, 40:1","Silver:0, 40:1",,capri-silver-40,CAPRI-FE-SI40,Couleur:color:0,Pointure:select:1,Silver:0,0,40:1,1,,,0,,25,https://cata.meduse.co/femmes/sandales/capri/silver/sandales-femme-capri-silver-cote.jpg,1,,,,,16,Capri,,capri-silver-40,Couleur,Pointure,Silver,5,40,5,1,24,,,,,,Sandales femme,Femme,Sandale,capri femme,capri,silver,40,,,,caprifemme
17,Javana,"Couleur:color:0, Pointure:select:1","Color:color:0, Size:select:1","Argent pailleté:0, 35:1","Argent pailleté:0, 35:1",,javana-argent-pailleté-35,JAVANA-FE-ARPA35,Couleur:color:0,Pointure:select:1,Argent pailleté:0,0,35:1,1,,,1,,1,https://cata.meduse.co/femmes/sandales/javana/argent-paillete/sandales-femme-javana-argent-paillete-cote.jpg,1,,,,,17,Javana,,javana-argent-pailleté-35,Couleur,Pointure,Argent pailleté,1,35,1,1,21,,,,,,Sandales femme,Femme,Sandale,javana femme,javana,argent,pailleté,35,,,javanafemme
17,Javana,"Couleur:color:0, Pointure:select:1","Color:color:0, Size:select:1","Argent pailleté:0, 36:1","Argent pailleté:0, 36:1",,javana-argent-pailleté-36,JAVANA-FE-ARPA36,Couleur:color:0,Pointure:select:1,Argent pailleté:0,0,36:1,1,,,0,,2,https://cata.meduse.co/femmes/sandales/javana/argent-paillete/sandales-femme-javana-argent-paillete-cote.jpg,1,,,,,17,Javana,,javana-argent-pailleté-36,Couleur,Pointure,Argent pailleté,1,36,2,1,21,,,,,,Sandales femme,Femme,Sandale,javana femme,javana,argent,pailleté,36,,,javanafemme
17,Javana,"Couleur:color:0, Pointure:select:1","Color:color:0, Size:select:1","Argent pailleté:0, 37:1","Argent pailleté:0, 37:1",,javana-argent-pailleté-37,JAVANA-FE-ARPA37,Couleur:color:0,Pointure:select:1,Argent pailleté:0,0,37:1,1,,,0,,3,https://cata.meduse.co/femmes/sandales/javana/argent-paillete/sandales-femme-javana-argent-paillete-cote.jpg,1,,,,,17,Javana,,javana-argent-pailleté-37,Couleur,Pointure,Argent pailleté,1,37,3,1,21,,,,,,Sandales femme,Femme,Sandale,javana femme,javana,argent,pailleté,37,,,javanafemme
17,Javana,"Couleur:color:0, Pointure:select:1","Color:color:0, Size:select:1","Argent pailleté:0, 38:1","Argent pailleté:0, 38:1",,javana-argent-pailleté-38,JAVANA-FE-ARPA38,Couleur:color:0,Pointure:select:1,Argent pailleté:0,0,38:1,1,,,0,,4,https://cata.meduse.co/femmes/sandales/javana/argent-paillete/sandales-femme-javana-argent-paillete-cote.jpg,1,,,,,17,Javana,,javana-argent-pailleté-38,Couleur,Pointure,Argent pailleté,1,38,4,1,21,,,,,,Sandales femme,Femme,Sandale,javana femme,javana,argent,pailleté,38,,,javanafemme
17,Javana,"Couleur:color:0, Pointure:select:1","Color:color:0, Size:select:1","Argent pailleté:0, 39:1","Argent pailleté:0, 39:1",,javana-argent-pailleté-39,JAVANA-FE-ARPA39,Couleur:color:0,Pointure:select:1,Argent pailleté:0,0,39:1,1,,,0,,5,https://cata.meduse.co/femmes/sandales/javana/argent-paillete/sandales-femme-javana-argent-paillete-cote.jpg,1,,,,,17,Javana,,javana-argent-pailleté-39,Couleur,Pointure,Argent pailleté,1,39,5,1,21,,,,,,Sandales femme,Femme,Sandale,javana femme,javana,argent,pailleté,39,,,javanafemme
17,Javana,"Couleur:color:0, Pointure:select:1","Color:color:0, Size:select:1","Argent pailleté:0, 40:1","Argent pailleté:0, 40:1",,javana-argent-pailleté-40,JAVANA-FE-ARPA40,Couleur:color:0,Pointure:select:1,Argent pailleté:0,0,40:1,1,,,0,,6,https://cata.meduse.co/femmes/sandales/javana/argent-paillete/sandales-femme-javana-argent-paillete-cote.jpg,1,,,,,17,Javana,,javana-argent-pailleté-40,Couleur,Pointure,Argent pailleté,1,40,6,1,21,,,,,,Sandales femme,Femme,Sandale,javana femme,javana,argent,pailleté,40,,,javanafemme
17,Javana,"Couleur:color:0, Pointure:select:1","Color:color:0, Size:select:1","Argent pailleté:0, 41:1","Argent pailleté:0, 41:1",,javana-argent-pailleté-41,JAVANA-FE-ARPA41,Couleur:color:0,Pointure:select:1,Argent pailleté:0,0,41:1,1,,,0,,7,https://cata.meduse.co/femmes/sandales/javana/argent-paillete/sandales-femme-javana-argent-paillete-cote.jpg,1,,,,,17,Javana,,javana-argent-pailleté-41,Couleur,Pointure,Argent pailleté,1,41,7,1,21,,,,,,Sandales femme,Femme,Sandale,javana femme,javana,argent,pailleté,41,,,javanafemme
17,Javana,"Couleur:color:0, Pointure:select:1","Color:color:0, Size:select:1","Bleu pastel:0, 35:1","Bleu pastel:0, 35:1",,javana-bleu-pastel-35,JAVANA-FE-BLPA35,Couleur:color:0,Pointure:select:1,Bleu pastel:0,0,35:1,1,,,0,,8,https://cata.meduse.co/femmes/sandales/javana/bleu-pastel/sandales-femme-javana-bleu-pastel-cote.jpg,1,,,,,17,Javana,,javana-bleu-pastel-35,Couleur,Pointure,Bleu pastel,2,35,1,1,21,,,,,,Sandales femme,Femme,Sandale,javana femme,javana,bleu,pastel,35,,,javanafemme
17,Javana,"Couleur:color:0, Pointure:select:1","Color:color:0, Size:select:1","Bleu pastel:0, 36:1","Bleu pastel:0, 36:1",,javana-bleu-pastel-36,JAVANA-FE-BLPA36,Couleur:color:0,Pointure:select:1,Bleu pastel:0,0,36:1,1,,,0,,9,https://cata.meduse.co/femmes/sandales/javana/bleu-pastel/sandales-femme-javana-bleu-pastel-cote.jpg,1,,,,,17,Javana,,javana-bleu-pastel-36,Couleur,Pointure,Bleu pastel,2,36,2,1,21,,,,,,Sandales femme,Femme,Sandale,javana femme,javana,bleu,pastel,36,,,javanafemme
17,Javana,"Couleur:color:0, Pointure:select:1","Color:color:0, Size:select:1","Bleu pastel:0, 37:1","Bleu pastel:0, 37:1",,javana-bleu-pastel-37,JAVANA-FE-BLPA37,Couleur:color:0,Pointure:select:1,Bleu pastel:0,0,37:1,1,,,0,,10,https://cata.meduse.co/femmes/sandales/javana/bleu-pastel/sandales-femme-javana-bleu-pastel-cote.jpg,1,,,,,17,Javana,,javana-bleu-pastel-37,Couleur,Pointure,Bleu pastel,2,37,3,1,21,,,,,,Sandales femme,Femme,Sandale,javana femme,javana,bleu,pastel,37,,,javanafemme
17,Javana,"Couleur:color:0, Pointure:select:1","Color:color:0, Size:select:1","Bleu pastel:0, 38:1","Bleu pastel:0, 38:1",,javana-bleu-pastel-38,JAVANA-FE-BLPA38,Couleur:color:0,Pointure:select:1,Bleu pastel:0,0,38:1,1,,,0,,11,https://cata.meduse.co/femmes/sandales/javana/bleu-pastel/sandales-femme-javana-bleu-pastel-cote.jpg,1,,,,,17,Javana,,javana-bleu-pastel-38,Couleur,Pointure,Bleu pastel,2,38,4,1,21,,,,,,Sandales femme,Femme,Sandale,javana femme,javana,bleu,pastel,38,,,javanafemme
17,Javana,"Couleur:color:0, Pointure:select:1","Color:color:0, Size:select:1","Bleu pastel:0, 39:1","Bleu pastel:0, 39:1",,javana-bleu-pastel-39,JAVANA-FE-BLPA39,Couleur:color:0,Pointure:select:1,Bleu pastel:0,0,39:1,1,,,0,,12,https://cata.meduse.co/femmes/sandales/javana/bleu-pastel/sandales-femme-javana-bleu-pastel-cote.jpg,1,,,,,17,Javana,,javana-bleu-pastel-39,Couleur,Pointure,Bleu pastel,2,39,5,1,21,,,,,,Sandales femme,Femme,Sandale,javana femme,javana,bleu,pastel,39,,,javanafemme
17,Javana,"Couleur:color:0, Pointure:select:1","Color:color:0, Size:select:1","Bleu pastel:0, 40:1","Bleu pastel:0, 40:1",,javana-bleu-pastel-40,JAVANA-FE-BLPA40,Couleur:color:0,Pointure:select:1,Bleu pastel:0,0,40:1,1,,,0,,13,https://cata.meduse.co/femmes/sandales/javana/bleu-pastel/sandales-femme-javana-bleu-pastel-cote.jpg,1,,,,,17,Javana,,javana-bleu-pastel-40,Couleur,Pointure,Bleu pastel,2,40,6,1,21,,,,,,Sandales femme,Femme,Sandale,javana femme,javana,bleu,pastel,40,,,javanafemme
17,Javana,"Couleur:color:0, Pointure:select:1","Color:color:0, Size:select:1","Bleu pastel:0, 41:1","Bleu pastel:0, 41:1",,javana-bleu-pastel-41,JAVANA-FE-BLPA41,Couleur:color:0,Pointure:select:1,Bleu pastel:0,0,41:1,1,,,0,,14,https://cata.meduse.co/femmes/sandales/javana/bleu-pastel/sandales-femme-javana-bleu-pastel-cote.jpg,1,,,,,17,Javana,,javana-bleu-pastel-41,Couleur,Pointure,Bleu pastel,2,41,7,1,21,,,,,,Sandales femme,Femme,Sandale,javana femme,javana,bleu,pastel,41,,,javanafemme
17,Javana,"Couleur:color:0, Pointure:select:1","Color:color:0, Size:select:1","Doré pailleté:0, 35:1","Doré pailleté:0, 35:1",,javana-doré-pailleté-35,JAVANA-FE-DOPA35,Couleur:color:0,Pointure:select:1,Doré pailleté:0,0,35:1,1,,,0,,15,https://cata.meduse.co/femmes/sandales/javana/dore-paillete/sandales-femme-javana-dore-paillete-cote.jpg,1,,,,,17,Javana,,javana-doré-pailleté-35,Couleur,Pointure,Doré pailleté,3,35,1,1,21,,,,,,Sandales femme,Femme,Sandale,javana femme,javana,doré,pailleté,35,,,javanafemme
17,Javana,"Couleur:color:0, Pointure:select:1","Color:color:0, Size:select:1","Doré pailleté:0, 36:1","Doré pailleté:0, 36:1",,javana-doré-pailleté-36,JAVANA-FE-DOPA36,Couleur:color:0,Pointure:select:1,Doré pailleté:0,0,36:1,1,,,0,,16,https://cata.meduse.co/femmes/sandales/javana/dore-paillete/sandales-femme-javana-dore-paillete-cote.jpg,1,,,,,17,Javana,,javana-doré-pailleté-36,Couleur,Pointure,Doré pailleté,3,36,2,1,21,,,,,,Sandales femme,Femme,Sandale,javana femme,javana,doré,pailleté,36,,,javanafemme
17,Javana,"Couleur:color:0, Pointure:select:1","Color:color:0, Size:select:1","Doré pailleté:0, 37:1","Doré pailleté:0, 37:1",,javana-doré-pailleté-37,JAVANA-FE-DOPA37,Couleur:color:0,Pointure:select:1,Doré pailleté:0,0,37:1,1,,,0,,17,https://cata.meduse.co/femmes/sandales/javana/dore-paillete/sandales-femme-javana-dore-paillete-cote.jpg,1,,,,,17,Javana,,javana-doré-pailleté-37,Couleur,Pointure,Doré pailleté,3,37,3,1,21,,,,,,Sandales femme,Femme,Sandale,javana femme,javana,doré,pailleté,37,,,javanafemme
17,Javana,"Couleur:color:0, Pointure:select:1","Color:color:0, Size:select:1","Doré pailleté:0, 38:1","Doré pailleté:0, 38:1",,javana-doré-pailleté-38,JAVANA-FE-DOPA38,Couleur:color:0,Pointure:select:1,Doré pailleté:0,0,38:1,1,,,0,,18,https://cata.meduse.co/femmes/sandales/javana/dore-paillete/sandales-femme-javana-dore-paillete-cote.jpg,1,,,,,17,Javana,,javana-doré-pailleté-38,Couleur,Pointure,Doré pailleté,3,38,4,1,21,,,,,,Sandales femme,Femme,Sandale,javana femme,javana,doré,pailleté,38,,,javanafemme
17,Javana,"Couleur:color:0, Pointure:select:1","Color:color:0, Size:select:1","Doré pailleté:0, 39:1","Doré pailleté:0, 39:1",,javana-doré-pailleté-39,JAVANA-FE-DOPA39,Couleur:color:0,Pointure:select:1,Doré pailleté:0,0,39:1,1,,,0,,19,https://cata.meduse.co/femmes/sandales/javana/dore-paillete/sandales-femme-javana-dore-paillete-cote.jpg,1,,,,,17,Javana,,javana-doré-pailleté-39,Couleur,Pointure,Doré pailleté,3,39,5,1,21,,,,,,Sandales femme,Femme,Sandale,javana femme,javana,doré,pailleté,39,,,javanafemme
17,Javana,"Couleur:color:0, Pointure:select:1","Color:color:0, Size:select:1","Doré pailleté:0, 40:1","Doré pailleté:0, 40:1",,javana-doré-pailleté-40,JAVANA-FE-DOPA40,Couleur:color:0,Pointure:select:1,Doré pailleté:0,0,40:1,1,,,0,,20,https://cata.meduse.co/femmes/sandales/javana/dore-paillete/sandales-femme-javana-dore-paillete-cote.jpg,1,,,,,17,Javana,,javana-doré-pailleté-40,Couleur,Pointure,Doré pailleté,3,40,6,1,21,,,,,,Sandales femme,Femme,Sandale,javana femme,javana,doré,pailleté,40,,,javanafemme
17,Javana,"Couleur:color:0, Pointure:select:1","Color:color:0, Size:select:1","Doré pailleté:0, 41:1","Doré pailleté:0, 41:1",,javana-doré-pailleté-41,JAVANA-FE-DOPA41,Couleur:color:0,Pointure:select:1,Doré pailleté:0,0,41:1,1,,,0,,21,https://cata.meduse.co/femmes/sandales/javana/dore-paillete/sandales-femme-javana-dore-paillete-cote.jpg,1,,,,,17,Javana,,javana-doré-pailleté-41,Couleur,Pointure,Doré pailleté,3,41,7,1,21,,,,,,Sandales femme,Femme,Sandale,javana femme,javana,doré,pailleté,41,,,javanafemme
17,Javana,"Couleur:color:0, Pointure:select:1","Color:color:0, Size:select:1","Nacre:0, 35:1","Nacre:0, 35:1",,javana-nacre-35,JAVANA-FE-NA35,Couleur:color:0,Pointure:select:1,Nacre:0,0,35:1,1,,,0,,22,https://cata.meduse.co/femmes/sandales/javana/nacre/sandales-femme-javana-nacre-cote.jpg,1,,,,,17,Javana,,javana-nacre-35,Couleur,Pointure,Nacre,4,35,1,1,21,6,,,,,Sandales femme,Femme,Sandale,javana femme,javana,nacre,35,,,,javanafemme
17,Javana,"Couleur:color:0, Pointure:select:1","Color:color:0, Size:select:1","Nacre:0, 36:1","Nacre:0, 36:1",,javana-nacre-36,JAVANA-FE-NA36,Couleur:color:0,Pointure:select:1,Nacre:0,0,36:1,1,,,0,,23,https://cata.meduse.co/femmes/sandales/javana/nacre/sandales-femme-javana-nacre-cote.jpg,1,,,,,17,Javana,,javana-nacre-36,Couleur,Pointure,Nacre,4,36,2,1,21,6,,,,,Sandales femme,Femme,Sandale,javana femme,javana,nacre,36,,,,javanafemme
17,Javana,"Couleur:color:0, Pointure:select:1","Color:color:0, Size:select:1","Nacre:0, 37:1","Nacre:0, 37:1",,javana-nacre-37,JAVANA-FE-NA37,Couleur:color:0,Pointure:select:1,Nacre:0,0,37:1,1,,,0,,24,https://cata.meduse.co/femmes/sandales/javana/nacre/sandales-femme-javana-nacre-cote.jpg,1,,,,,17,Javana,,javana-nacre-37,Couleur,Pointure,Nacre,4,37,3,1,21,6,,,,,Sandales femme,Femme,Sandale,javana femme,javana,nacre,37,,,,javanafemme
17,Javana,"Couleur:color:0, Pointure:select:1","Color:color:0, Size:select:1","Nacre:0, 38:1","Nacre:0, 38:1",,javana-nacre-38,JAVANA-FE-NA38,Couleur:color:0,Pointure:select:1,Nacre:0,0,38:1,1,,,0,,25,https://cata.meduse.co/femmes/sandales/javana/nacre/sandales-femme-javana-nacre-cote.jpg,1,,,,,17,Javana,,javana-nacre-38,Couleur,Pointure,Nacre,4,38,4,1,21,6,,,,,Sandales femme,Femme,Sandale,javana femme,javana,nacre,38,,,,javanafemme
17,Javana,"Couleur:color:0, Pointure:select:1","Color:color:0, Size:select:1","Nacre:0, 39:1","Nacre:0, 39:1",,javana-nacre-39,JAVANA-FE-NA39,Couleur:color:0,Pointure:select:1,Nacre:0,0,39:1,1,,,0,,26,https://cata.meduse.co/femmes/sandales/javana/nacre/sandales-femme-javana-nacre-cote.jpg,1,,,,,17,Javana,,javana-nacre-39,Couleur,Pointure,Nacre,4,39,5,1,21,6,,,,,Sandales femme,Femme,Sandale,javana femme,javana,nacre,39,,,,javanafemme
17,Javana,"Couleur:color:0, Pointure:select:1","Color:color:0, Size:select:1","Nacre:0, 40:1","Nacre:0, 40:1",,javana-nacre-40,JAVANA-FE-NA40,Couleur:color:0,Pointure:select:1,Nacre:0,0,40:1,1,,,0,,27,https://cata.meduse.co/femmes/sandales/javana/nacre/sandales-femme-javana-nacre-cote.jpg,1,,,,,17,Javana,,javana-nacre-40,Couleur,Pointure,Nacre,4,40,6,1,21,6,,,,,Sandales femme,Femme,Sandale,javana femme,javana,nacre,40,,,,javanafemme
17,Javana,"Couleur:color:0, Pointure:select:1","Color:color:0, Size:select:1","Nacre:0, 41:1","Nacre:0, 41:1",,javana-nacre-41,JAVANA-FE-NA41,Couleur:color:0,Pointure:select:1,Nacre:0,0,41:1,1,,,0,,28,https://cata.meduse.co/femmes/sandales/javana/nacre/sandales-femme-javana-nacre-cote.jpg,1,,,,,17,Javana,,javana-nacre-41,Couleur,Pointure,Nacre,4,41,7,1,21,6,,,,,Sandales femme,Femme,Sandale,javana femme,javana,nacre,41,,,,javanafemme
17,Javana,"Couleur:color:0, Pointure:select:1","Color:color:0, Size:select:1","Noir:0, 35:1","Noir:0, 35:1",,javana-noir-35,JAVANA-FE-NO35,Couleur:color:0,Pointure:select:1,Noir:0,0,35:1,1,,,0,,29,https://cata.meduse.co/femmes/sandales/javana/noir/sandales-femme-javana-noir-cote.jpg,1,,,,,17,Javana,,javana-noir-35,Couleur,Pointure,Noir,5,35,1,1,21,,,,,,Sandales femme,Femme,Sandale,javana femme,javana,noir,35,,,,javanafemme
17,Javana,"Couleur:color:0, Pointure:select:1","Color:color:0, Size:select:1","Noir:0, 36:1","Noir:0, 36:1",,javana-noir-36,JAVANA-FE-NO36,Couleur:color:0,Pointure:select:1,Noir:0,0,36:1,1,,,0,,30,https://cata.meduse.co/femmes/sandales/javana/noir/sandales-femme-javana-noir-cote.jpg,1,,,,,17,Javana,,javana-noir-36,Couleur,Pointure,Noir,5,36,2,1,21,,,,,,Sandales femme,Femme,Sandale,javana femme,javana,noir,36,,,,javanafemme
17,Javana,"Couleur:color:0, Pointure:select:1","Color:color:0, Size:select:1","Noir:0, 37:1","Noir:0, 37:1",,javana-noir-37,JAVANA-FE-NO37,Couleur:color:0,Pointure:select:1,Noir:0,0,37:1,1,,,0,,31,https://cata.meduse.co/femmes/sandales/javana/noir/sandales-femme-javana-noir-cote.jpg,1,,,,,17,Javana,,javana-noir-37,Couleur,Pointure,Noir,5,37,3,1,21,,,,,,Sandales femme,Femme,Sandale,javana femme,javana,noir,37,,,,javanafemme
17,Javana,"Couleur:color:0, Pointure:select:1","Color:color:0, Size:select:1","Noir:0, 38:1","Noir:0, 38:1",,javana-noir-38,JAVANA-FE-NO38,Couleur:color:0,Pointure:select:1,Noir:0,0,38:1,1,,,0,,32,https://cata.meduse.co/femmes/sandales/javana/noir/sandales-femme-javana-noir-cote.jpg,1,,,,,17,Javana,,javana-noir-38,Couleur,Pointure,Noir,5,38,4,1,21,,,,,,Sandales femme,Femme,Sandale,javana femme,javana,noir,38,,,,javanafemme
17,Javana,"Couleur:color:0, Pointure:select:1","Color:color:0, Size:select:1","Noir:0, 39:1","Noir:0, 39:1",,javana-noir-39,JAVANA-FE-NO39,Couleur:color:0,Pointure:select:1,Noir:0,0,39:1,1,,,0,,33,https://cata.meduse.co/femmes/sandales/javana/noir/sandales-femme-javana-noir-cote.jpg,1,,,,,17,Javana,,javana-noir-39,Couleur,Pointure,Noir,5,39,5,1,21,,,,,,Sandales femme,Femme,Sandale,javana femme,javana,noir,39,,,,javanafemme
17,Javana,"Couleur:color:0, Pointure:select:1","Color:color:0, Size:select:1","Noir:0, 40:1","Noir:0, 40:1",,javana-noir-40,JAVANA-FE-NO40,Couleur:color:0,Pointure:select:1,Noir:0,0,40:1,1,,,0,,34,https://cata.meduse.co/femmes/sandales/javana/noir/sandales-femme-javana-noir-cote.jpg,1,,,,,17,Javana,,javana-noir-40,Couleur,Pointure,Noir,5,40,6,1,21,,,,,,Sandales femme,Femme,Sandale,javana femme,javana,noir,40,,,,javanafemme
17,Javana,"Couleur:color:0, Pointure:select:1","Color:color:0, Size:select:1","Noir:0, 41:1","Noir:0, 41:1",,javana-noir-41,JAVANA-FE-NO41,Couleur:color:0,Pointure:select:1,Noir:0,0,41:1,1,,,0,,35,https://cata.meduse.co/femmes/sandales/javana/noir/sandales-femme-javana-noir-cote.jpg,1,,,,,17,Javana,,javana-noir-41,Couleur,Pointure,Noir,5,41,7,1,21,,,,,,Sandales femme,Femme,Sandale,javana femme,javana,noir,41,,,,javanafemme
17,Javana,"Couleur:color:0, Pointure:select:1","Color:color:0, Size:select:1","Orange fluo:0, 35:1","Orange fluo:0, 35:1",,javana-orange-fluo-35,JAVANA-FE-ORFL35,Couleur:color:0,Pointure:select:1,Orange fluo:0,0,35:1,1,,,0,,36,https://cata.meduse.co/femmes/sandales/javana/orange-fluo/sandales-femme-javana-orange-fluo-cote.jpg,1,,,,,17,Javana,,javana-orange-fluo-35,Couleur,Pointure,Orange fluo,6,35,1,1,21,6,,,,,Sandales femme,Femme,Sandale,javana femme,javana,orange,fluo,35,,,javanafemme
17,Javana,"Couleur:color:0, Pointure:select:1","Color:color:0, Size:select:1","Orange fluo:0, 36:1","Orange fluo:0, 36:1",,javana-orange-fluo-36,JAVANA-FE-ORFL36,Couleur:color:0,Pointure:select:1,Orange fluo:0,0,36:1,1,,,0,,37,https://cata.meduse.co/femmes/sandales/javana/orange-fluo/sandales-femme-javana-orange-fluo-cote.jpg,1,,,,,17,Javana,,javana-orange-fluo-36,Couleur,Pointure,Orange fluo,6,36,2,1,21,6,,,,,Sandales femme,Femme,Sandale,javana femme,javana,orange,fluo,36,,,javanafemme
17,Javana,"Couleur:color:0, Pointure:select:1","Color:color:0, Size:select:1","Orange fluo:0, 37:1","Orange fluo:0, 37:1",,javana-orange-fluo-37,JAVANA-FE-ORFL37,Couleur:color:0,Pointure:select:1,Orange fluo:0,0,37:1,1,,,0,,38,https://cata.meduse.co/femmes/sandales/javana/orange-fluo/sandales-femme-javana-orange-fluo-cote.jpg,1,,,,,17,Javana,,javana-orange-fluo-37,Couleur,Pointure,Orange fluo,6,37,3,1,21,6,,,,,Sandales femme,Femme,Sandale,javana femme,javana,orange,fluo,37,,,javanafemme
17,Javana,"Couleur:color:0, Pointure:select:1","Color:color:0, Size:select:1","Orange fluo:0, 38:1","Orange fluo:0, 38:1",,javana-orange-fluo-38,JAVANA-FE-ORFL38,Couleur:color:0,Pointure:select:1,Orange fluo:0,0,38:1,1,,,0,,39,https://cata.meduse.co/femmes/sandales/javana/orange-fluo/sandales-femme-javana-orange-fluo-cote.jpg,1,,,,,17,Javana,,javana-orange-fluo-38,Couleur,Pointure,Orange fluo,6,38,4,1,21,6,,,,,Sandales femme,Femme,Sandale,javana femme,javana,orange,fluo,38,,,javanafemme
17,Javana,"Couleur:color:0, Pointure:select:1","Color:color:0, Size:select:1","Orange fluo:0, 39:1","Orange fluo:0, 39:1",,javana-orange-fluo-39,JAVANA-FE-ORFL39,Couleur:color:0,Pointure:select:1,Orange fluo:0,0,39:1,1,,,0,,40,https://cata.meduse.co/femmes/sandales/javana/orange-fluo/sandales-femme-javana-orange-fluo-cote.jpg,1,,,,,17,Javana,,javana-orange-fluo-39,Couleur,Pointure,Orange fluo,6,39,5,1,21,6,,,,,Sandales femme,Femme,Sandale,javana femme,javana,orange,fluo,39,,,javanafemme
17,Javana,"Couleur:color:0, Pointure:select:1","Color:color:0, Size:select:1","Orange fluo:0, 40:1","Orange fluo:0, 40:1",,javana-orange-fluo-40,JAVANA-FE-ORFL40,Couleur:color:0,Pointure:select:1,Orange fluo:0,0,40:1,1,,,0,,41,https://cata.meduse.co/femmes/sandales/javana/orange-fluo/sandales-femme-javana-orange-fluo-cote.jpg,1,,,,,17,Javana,,javana-orange-fluo-40,Couleur,Pointure,Orange fluo,6,40,6,1,21,6,,,,,Sandales femme,Femme,Sandale,javana femme,javana,orange,fluo,40,,,javanafemme
17,Javana,"Couleur:color:0, Pointure:select:1","Color:color:0, Size:select:1","Orange fluo:0, 41:1","Orange fluo:0, 41:1",,javana-orange-fluo-41,JAVANA-FE-ORFL41,Couleur:color:0,Pointure:select:1,Orange fluo:0,0,41:1,1,,,0,,42,https://cata.meduse.co/femmes/sandales/javana/orange-fluo/sandales-femme-javana-orange-fluo-cote.jpg,1,,,,,17,Javana,,javana-orange-fluo-41,Couleur,Pointure,Orange fluo,6,41,7,1,21,6,,,,,Sandales femme,Femme,Sandale,javana femme,javana,orange,fluo,41,,,javanafemme
17,Javana,"Couleur:color:0, Pointure:select:1","Color:color:0, Size:select:1","Paille:0, 35:1","Paille:0, 35:1",,javana-paille-35,JAVANA-FE-PA35,Couleur:color:0,Pointure:select:1,Paille:0,0,35:1,1,,,0,,43,https://cata.meduse.co/femmes/sandales/javana/paille/sandales-femme-javana-paille-cote.jpg,1,,,,,17,Javana,,javana-paille-35,Couleur,Pointure,Paille,7,35,1,1,21,6,,,,,Sandales femme,Femme,Sandale,javana femme,javana,paille,35,,,,javanafemme
17,Javana,"Couleur:color:0, Pointure:select:1","Color:color:0, Size:select:1","Paille:0, 36:1","Paille:0, 36:1",,javana-paille-36,JAVANA-FE-PA36,Couleur:color:0,Pointure:select:1,Paille:0,0,36:1,1,,,0,,44,https://cata.meduse.co/femmes/sandales/javana/paille/sandales-femme-javana-paille-cote.jpg,1,,,,,17,Javana,,javana-paille-36,Couleur,Pointure,Paille,7,36,2,1,21,6,,,,,Sandales femme,Femme,Sandale,javana femme,javana,paille,36,,,,javanafemme
17,Javana,"Couleur:color:0, Pointure:select:1","Color:color:0, Size:select:1","Paille:0, 37:1","Paille:0, 37:1",,javana-paille-37,JAVANA-FE-PA37,Couleur:color:0,Pointure:select:1,Paille:0,0,37:1,1,,,0,,45,https://cata.meduse.co/femmes/sandales/javana/paille/sandales-femme-javana-paille-cote.jpg,1,,,,,17,Javana,,javana-paille-37,Couleur,Pointure,Paille,7,37,3,1,21,6,,,,,Sandales femme,Femme,Sandale,javana femme,javana,paille,37,,,,javanafemme
17,Javana,"Couleur:color:0, Pointure:select:1","Color:color:0, Size:select:1","Paille:0, 38:1","Paille:0, 38:1",,javana-paille-38,JAVANA-FE-PA38,Couleur:color:0,Pointure:select:1,Paille:0,0,38:1,1,,,0,,46,https://cata.meduse.co/femmes/sandales/javana/paille/sandales-femme-javana-paille-cote.jpg,1,,,,,17,Javana,,javana-paille-38,Couleur,Pointure,Paille,7,38,4,1,21,6,,,,,Sandales femme,Femme,Sandale,javana femme,javana,paille,38,,,,javanafemme
17,Javana,"Couleur:color:0, Pointure:select:1","Color:color:0, Size:select:1","Paille:0, 39:1","Paille:0, 39:1",,javana-paille-39,JAVANA-FE-PA39,Couleur:color:0,Pointure:select:1,Paille:0,0,39:1,1,,,0,,47,https://cata.meduse.co/femmes/sandales/javana/paille/sandales-femme-javana-paille-cote.jpg,1,,,,,17,Javana,,javana-paille-39,Couleur,Pointure,Paille,7,39,5,1,21,6,,,,,Sandales femme,Femme,Sandale,javana femme,javana,paille,39,,,,javanafemme
17,Javana,"Couleur:color:0, Pointure:select:1","Color:color:0, Size:select:1","Paille:0, 40:1","Paille:0, 40:1",,javana-paille-40,JAVANA-FE-PA40,Couleur:color:0,Pointure:select:1,Paille:0,0,40:1,1,,,0,,48,https://cata.meduse.co/femmes/sandales/javana/paille/sandales-femme-javana-paille-cote.jpg,1,,,,,17,Javana,,javana-paille-40,Couleur,Pointure,Paille,7,40,6,1,21,6,,,,,Sandales femme,Femme,Sandale,javana femme,javana,paille,40,,,,javanafemme
17,Javana,"Couleur:color:0, Pointure:select:1","Color:color:0, Size:select:1","Paille:0, 41:1","Paille:0, 41:1",,javana-paille-41,JAVANA-FE-PA41,Couleur:color:0,Pointure:select:1,Paille:0,0,41:1,1,,,0,,49,https://cata.meduse.co/femmes/sandales/javana/paille/sandales-femme-javana-paille-cote.jpg,1,,,,,17,Javana,,javana-paille-41,Couleur,Pointure,Paille,7,41,7,1,21,6,,,,,Sandales femme,Femme,Sandale,javana femme,javana,paille,41,,,,javanafemme
17,Javana,"Couleur:color:0, Pointure:select:1","Color:color:0, Size:select:1","Rose fluo:0, 35:1","Rose fluo:0, 35:1",,javana-rose-fluo-35,JAVANA-FE-ROFL35,Couleur:color:0,Pointure:select:1,Rose fluo:0,0,35:1,1,,,0,,50,https://cata.meduse.co/femmes/sandales/javana/rose-fluo/sandales-femme-javana-rose-fluo-cote.jpg,1,,,,,17,Javana,,javana-rose-fluo-35,Couleur,Pointure,Rose fluo,8,35,1,1,21,6,,,,,Sandales femme,Femme,Sandale,javana femme,javana,rose,fluo,35,,,javanafemme
17,Javana,"Couleur:color:0, Pointure:select:1","Color:color:0, Size:select:1","Rose fluo:0, 36:1","Rose fluo:0, 36:1",,javana-rose-fluo-36,JAVANA-FE-ROFL36,Couleur:color:0,Pointure:select:1,Rose fluo:0,0,36:1,1,,,0,,51,https://cata.meduse.co/femmes/sandales/javana/rose-fluo/sandales-femme-javana-rose-fluo-cote.jpg,1,,,,,17,Javana,,javana-rose-fluo-36,Couleur,Pointure,Rose fluo,8,36,2,1,21,6,,,,,Sandales femme,Femme,Sandale,javana femme,javana,rose,fluo,36,,,javanafemme
17,Javana,"Couleur:color:0, Pointure:select:1","Color:color:0, Size:select:1","Rose fluo:0, 37:1","Rose fluo:0, 37:1",,javana-rose-fluo-37,JAVANA-FE-ROFL37,Couleur:color:0,Pointure:select:1,Rose fluo:0,0,37:1,1,,,0,,52,https://cata.meduse.co/femmes/sandales/javana/rose-fluo/sandales-femme-javana-rose-fluo-cote.jpg,1,,,,,17,Javana,,javana-rose-fluo-37,Couleur,Pointure,Rose fluo,8,37,3,1,21,6,,,,,Sandales femme,Femme,Sandale,javana femme,javana,rose,fluo,37,,,javanafemme
17,Javana,"Couleur:color:0, Pointure:select:1","Color:color:0, Size:select:1","Rose fluo:0, 38:1","Rose fluo:0, 38:1",,javana-rose-fluo-38,JAVANA-FE-ROFL38,Couleur:color:0,Pointure:select:1,Rose fluo:0,0,38:1,1,,,0,,53,https://cata.meduse.co/femmes/sandales/javana/rose-fluo/sandales-femme-javana-rose-fluo-cote.jpg,1,,,,,17,Javana,,javana-rose-fluo-38,Couleur,Pointure,Rose fluo,8,38,4,1,21,6,,,,,Sandales femme,Femme,Sandale,javana femme,javana,rose,fluo,38,,,javanafemme
17,Javana,"Couleur:color:0, Pointure:select:1","Color:color:0, Size:select:1","Rose fluo:0, 39:1","Rose fluo:0, 39:1",,javana-rose-fluo-39,JAVANA-FE-ROFL39,Couleur:color:0,Pointure:select:1,Rose fluo:0,0,39:1,1,,,0,,54,https://cata.meduse.co/femmes/sandales/javana/rose-fluo/sandales-femme-javana-rose-fluo-cote.jpg,1,,,,,17,Javana,,javana-rose-fluo-39,Couleur,Pointure,Rose fluo,8,39,5,1,21,6,,,,,Sandales femme,Femme,Sandale,javana femme,javana,rose,fluo,39,,,javanafemme
17,Javana,"Couleur:color:0, Pointure:select:1","Color:color:0, Size:select:1","Rose fluo:0, 40:1","Rose fluo:0, 40:1",,javana-rose-fluo-40,JAVANA-FE-ROFL40,Couleur:color:0,Pointure:select:1,Rose fluo:0,0,40:1,1,,,0,,55,https://cata.meduse.co/femmes/sandales/javana/rose-fluo/sandales-femme-javana-rose-fluo-cote.jpg,1,,,,,17,Javana,,javana-rose-fluo-40,Couleur,Pointure,Rose fluo,8,40,6,1,21,6,,,,,Sandales femme,Femme,Sandale,javana femme,javana,rose,fluo,40,,,javanafemme
17,Javana,"Couleur:color:0, Pointure:select:1","Color:color:0, Size:select:1","Rose fluo:0, 41:1","Rose fluo:0, 41:1",,javana-rose-fluo-41,JAVANA-FE-ROFL41,Couleur:color:0,Pointure:select:1,Rose fluo:0,0,41:1,1,,,0,,56,https://cata.meduse.co/femmes/sandales/javana/rose-fluo/sandales-femme-javana-rose-fluo-cote.jpg,1,,,,,17,Javana,,javana-rose-fluo-41,Couleur,Pointure,Rose fluo,8,41,7,1,21,6,,,,,Sandales femme,Femme,Sandale,javana femme,javana,rose,fluo,41,,,javanafemme
17,Javana,"Couleur:color:0, Pointure:select:1","Color:color:0, Size:select:1","Rose pailleté:0, 35:1","Rose pailleté:0, 35:1",,javana-rose-pailleté-35,JAVANA-FE-ROPA35,Couleur:color:0,Pointure:select:1,Rose pailleté:0,0,35:1,1,,,0,,57,https://cata.meduse.co/femmes/sandales/javana/rose-paillete/sandales-femme-javana-rose-paillete-cote.jpg,1,,,,,17,Javana,,javana-rose-pailleté-35,Couleur,Pointure,Rose pailleté,9,35,1,1,21,,,,,,Sandales femme,Femme,Sandale,javana femme,javana,rose,pailleté,35,,,javanafemme
17,Javana,"Couleur:color:0, Pointure:select:1","Color:color:0, Size:select:1","Rose pailleté:0, 36:1","Rose pailleté:0, 36:1",,javana-rose-pailleté-36,JAVANA-FE-ROPA36,Couleur:color:0,Pointure:select:1,Rose pailleté:0,0,36:1,1,,,0,,58,https://cata.meduse.co/femmes/sandales/javana/rose-paillete/sandales-femme-javana-rose-paillete-cote.jpg,1,,,,,17,Javana,,javana-rose-pailleté-36,Couleur,Pointure,Rose pailleté,9,36,2,1,21,,,,,,Sandales femme,Femme,Sandale,javana femme,javana,rose,pailleté,36,,,javanafemme
17,Javana,"Couleur:color:0, Pointure:select:1","Color:color:0, Size:select:1","Rose pailleté:0, 37:1","Rose pailleté:0, 37:1",,javana-rose-pailleté-37,JAVANA-FE-ROPA37,Couleur:color:0,Pointure:select:1,Rose pailleté:0,0,37:1,1,,,0,,59,https://cata.meduse.co/femmes/sandales/javana/rose-paillete/sandales-femme-javana-rose-paillete-cote.jpg,1,,,,,17,Javana,,javana-rose-pailleté-37,Couleur,Pointure,Rose pailleté,9,37,3,1,21,,,,,,Sandales femme,Femme,Sandale,javana femme,javana,rose,pailleté,37,,,javanafemme
17,Javana,"Couleur:color:0, Pointure:select:1","Color:color:0, Size:select:1","Rose pailleté:0, 38:1","Rose pailleté:0, 38:1",,javana-rose-pailleté-38,JAVANA-FE-ROPA38,Couleur:color:0,Pointure:select:1,Rose pailleté:0,0,38:1,1,,,0,,60,https://cata.meduse.co/femmes/sandales/javana/rose-paillete/sandales-femme-javana-rose-paillete-cote.jpg,1,,,,,17,Javana,,javana-rose-pailleté-38,Couleur,Pointure,Rose pailleté,9,38,4,1,21,,,,,,Sandales femme,Femme,Sandale,javana femme,javana,rose,pailleté,38,,,javanafemme
17,Javana,"Couleur:color:0, Pointure:select:1","Color:color:0, Size:select:1","Rose pailleté:0, 39:1","Rose pailleté:0, 39:1",,javana-rose-pailleté-39,JAVANA-FE-ROPA39,Couleur:color:0,Pointure:select:1,Rose pailleté:0,0,39:1,1,,,0,,61,https://cata.meduse.co/femmes/sandales/javana/rose-paillete/sandales-femme-javana-rose-paillete-cote.jpg,1,,,,,17,Javana,,javana-rose-pailleté-39,Couleur,Pointure,Rose pailleté,9,39,5,1,21,,,,,,Sandales femme,Femme,Sandale,javana femme,javana,rose,pailleté,39,,,javanafemme
17,Javana,"Couleur:color:0, Pointure:select:1","Color:color:0, Size:select:1","Rose pailleté:0, 40:1","Rose pailleté:0, 40:1",,javana-rose-pailleté-40,JAVANA-FE-ROPA40,Couleur:color:0,Pointure:select:1,Rose pailleté:0,0,40:1,1,,,0,,62,https://cata.meduse.co/femmes/sandales/javana/rose-paillete/sandales-femme-javana-rose-paillete-cote.jpg,1,,,,,17,Javana,,javana-rose-pailleté-40,Couleur,Pointure,Rose pailleté,9,40,6,1,21,,,,,,Sandales femme,Femme,Sandale,javana femme,javana,rose,pailleté,40,,,javanafemme
17,Javana,"Couleur:color:0, Pointure:select:1","Color:color:0, Size:select:1","Rose pailleté:0, 41:1","Rose pailleté:0, 41:1",,javana-rose-pailleté-41,JAVANA-FE-ROPA41,Couleur:color:0,Pointure:select:1,Rose pailleté:0,0,41:1,1,,,0,,63,https://cata.meduse.co/femmes/sandales/javana/rose-paillete/sandales-femme-javana-rose-paillete-cote.jpg,1,,,,,17,Javana,,javana-rose-pailleté-41,Couleur,Pointure,Rose pailleté,9,41,7,1,21,,,,,,Sandales femme,Femme,Sandale,javana femme,javana,rose,pailleté,41,,,javanafemme
17,Javana,"Couleur:color:0, Pointure:select:1","Color:color:0, Size:select:1","Rose pastel:0, 35:1","Rose pastel:0, 35:1",,javana-rose-pastel-35,JAVANA-FE-ROPA35,Couleur:color:0,Pointure:select:1,Rose pastel:0,0,35:1,1,,,0,,64,https://cata.meduse.co/femmes/sandales/javana/rose-pastel/sandales-femme-javana-rose-pastel-cote.jpg,1,,,,,17,Javana,,javana-rose-pastel-35,Couleur,Pointure,Rose pastel,10,35,1,1,21,,,,,,Sandales femme,Femme,Sandale,javana femme,javana,rose,pastel,35,,,javanafemme
17,Javana,"Couleur:color:0, Pointure:select:1","Color:color:0, Size:select:1","Rose pastel:0, 36:1","Rose pastel:0, 36:1",,javana-rose-pastel-36,JAVANA-FE-ROPA36,Couleur:color:0,Pointure:select:1,Rose pastel:0,0,36:1,1,,,0,,65,https://cata.meduse.co/femmes/sandales/javana/rose-pastel/sandales-femme-javana-rose-pastel-cote.jpg,1,,,,,17,Javana,,javana-rose-pastel-36,Couleur,Pointure,Rose pastel,10,36,2,1,21,,,,,,Sandales femme,Femme,Sandale,javana femme,javana,rose,pastel,36,,,javanafemme
17,Javana,"Couleur:color:0, Pointure:select:1","Color:color:0, Size:select:1","Rose pastel:0, 37:1","Rose pastel:0, 37:1",,javana-rose-pastel-37,JAVANA-FE-ROPA37,Couleur:color:0,Pointure:select:1,Rose pastel:0,0,37:1,1,,,0,,66,https://cata.meduse.co/femmes/sandales/javana/rose-pastel/sandales-femme-javana-rose-pastel-cote.jpg,1,,,,,17,Javana,,javana-rose-pastel-37,Couleur,Pointure,Rose pastel,10,37,3,1,21,,,,,,Sandales femme,Femme,Sandale,javana femme,javana,rose,pastel,37,,,javanafemme
17,Javana,"Couleur:color:0, Pointure:select:1","Color:color:0, Size:select:1","Rose pastel:0, 38:1","Rose pastel:0, 38:1",,javana-rose-pastel-38,JAVANA-FE-ROPA38,Couleur:color:0,Pointure:select:1,Rose pastel:0,0,38:1,1,,,0,,67,https://cata.meduse.co/femmes/sandales/javana/rose-pastel/sandales-femme-javana-rose-pastel-cote.jpg,1,,,,,17,Javana,,javana-rose-pastel-38,Couleur,Pointure,Rose pastel,10,38,4,1,21,,,,,,Sandales femme,Femme,Sandale,javana femme,javana,rose,pastel,38,,,javanafemme
17,Javana,"Couleur:color:0, Pointure:select:1","Color:color:0, Size:select:1","Rose pastel:0, 39:1","Rose pastel:0, 39:1",,javana-rose-pastel-39,JAVANA-FE-ROPA39,Couleur:color:0,Pointure:select:1,Rose pastel:0,0,39:1,1,,,0,,68,https://cata.meduse.co/femmes/sandales/javana/rose-pastel/sandales-femme-javana-rose-pastel-cote.jpg,1,,,,,17,Javana,,javana-rose-pastel-39,Couleur,Pointure,Rose pastel,10,39,5,1,21,,,,,,Sandales femme,Femme,Sandale,javana femme,javana,rose,pastel,39,,,javanafemme
17,Javana,"Couleur:color:0, Pointure:select:1","Color:color:0, Size:select:1","Rose pastel:0, 40:1","Rose pastel:0, 40:1",,javana-rose-pastel-40,JAVANA-FE-ROPA40,Couleur:color:0,Pointure:select:1,Rose pastel:0,0,40:1,1,,,0,,69,https://cata.meduse.co/femmes/sandales/javana/rose-pastel/sandales-femme-javana-rose-pastel-cote.jpg,1,,,,,17,Javana,,javana-rose-pastel-40,Couleur,Pointure,Rose pastel,10,40,6,1,21,,,,,,Sandales femme,Femme,Sandale,javana femme,javana,rose,pastel,40,,,javanafemme
17,Javana,"Couleur:color:0, Pointure:select:1","Color:color:0, Size:select:1","Rose pastel:0, 41:1","Rose pastel:0, 41:1",,javana-rose-pastel-41,JAVANA-FE-ROPA41,Couleur:color:0,Pointure:select:1,Rose pastel:0,0,41:1,1,,,0,,70,https://cata.meduse.co/femmes/sandales/javana/rose-pastel/sandales-femme-javana-rose-pastel-cote.jpg,1,,,,,17,Javana,,javana-rose-pastel-41,Couleur,Pointure,Rose pastel,10,41,7,1,21,,,,,,Sandales femme,Femme,Sandale,javana femme,javana,rose,pastel,41,,,javanafemme
17,Javana,"Couleur:color:0, Pointure:select:1","Color:color:0, Size:select:1","Saumon:0, 35:1","Saumon:0, 35:1",,javana-saumon-35,JAVANA-FE-SA35,Couleur:color:0,Pointure:select:1,Saumon:0,0,35:1,1,,,0,,71,https://cata.meduse.co/femmes/sandales/javana/saumon/sandales-femme-javana-saumon-cote.jpg,1,,,,,17,Javana,,javana-saumon-35,Couleur,Pointure,Saumon,11,35,1,1,21,6,,,,,Sandales femme,Femme,Sandale,javana femme,javana,saumon,35,,,,javanafemme
17,Javana,"Couleur:color:0, Pointure:select:1","Color:color:0, Size:select:1","Saumon:0, 36:1","Saumon:0, 36:1",,javana-saumon-36,JAVANA-FE-SA36,Couleur:color:0,Pointure:select:1,Saumon:0,0,36:1,1,,,0,,72,https://cata.meduse.co/femmes/sandales/javana/saumon/sandales-femme-javana-saumon-cote.jpg,1,,,,,17,Javana,,javana-saumon-36,Couleur,Pointure,Saumon,11,36,2,1,21,6,,,,,Sandales femme,Femme,Sandale,javana femme,javana,saumon,36,,,,javanafemme
17,Javana,"Couleur:color:0, Pointure:select:1","Color:color:0, Size:select:1","Saumon:0, 37:1","Saumon:0, 37:1",,javana-saumon-37,JAVANA-FE-SA37,Couleur:color:0,Pointure:select:1,Saumon:0,0,37:1,1,,,0,,73,https://cata.meduse.co/femmes/sandales/javana/saumon/sandales-femme-javana-saumon-cote.jpg,1,,,,,17,Javana,,javana-saumon-37,Couleur,Pointure,Saumon,11,37,3,1,21,6,,,,,Sandales femme,Femme,Sandale,javana femme,javana,saumon,37,,,,javanafemme
17,Javana,"Couleur:color:0, Pointure:select:1","Color:color:0, Size:select:1","Saumon:0, 38:1","Saumon:0, 38:1",,javana-saumon-38,JAVANA-FE-SA38,Couleur:color:0,Pointure:select:1,Saumon:0,0,38:1,1,,,0,,74,https://cata.meduse.co/femmes/sandales/javana/saumon/sandales-femme-javana-saumon-cote.jpg,1,,,,,17,Javana,,javana-saumon-38,Couleur,Pointure,Saumon,11,38,4,1,21,6,,,,,Sandales femme,Femme,Sandale,javana femme,javana,saumon,38,,,,javanafemme
17,Javana,"Couleur:color:0, Pointure:select:1","Color:color:0, Size:select:1","Saumon:0, 39:1","Saumon:0, 39:1",,javana-saumon-39,JAVANA-FE-SA39,Couleur:color:0,Pointure:select:1,Saumon:0,0,39:1,1,,,0,,75,https://cata.meduse.co/femmes/sandales/javana/saumon/sandales-femme-javana-saumon-cote.jpg,1,,,,,17,Javana,,javana-saumon-39,Couleur,Pointure,Saumon,11,39,5,1,21,6,,,,,Sandales femme,Femme,Sandale,javana femme,javana,saumon,39,,,,javanafemme
17,Javana,"Couleur:color:0, Pointure:select:1","Color:color:0, Size:select:1","Saumon:0, 40:1","Saumon:0, 40:1",,javana-saumon-40,JAVANA-FE-SA40,Couleur:color:0,Pointure:select:1,Saumon:0,0,40:1,1,,,0,,76,https://cata.meduse.co/femmes/sandales/javana/saumon/sandales-femme-javana-saumon-cote.jpg,1,,,,,17,Javana,,javana-saumon-40,Couleur,Pointure,Saumon,11,40,6,1,21,6,,,,,Sandales femme,Femme,Sandale,javana femme,javana,saumon,40,,,,javanafemme
17,Javana,"Couleur:color:0, Pointure:select:1","Color:color:0, Size:select:1","Saumon:0, 41:1","Saumon:0, 41:1",,javana-saumon-41,JAVANA-FE-SA41,Couleur:color:0,Pointure:select:1,Saumon:0,0,41:1,1,,,0,,77,https://cata.meduse.co/femmes/sandales/javana/saumon/sandales-femme-javana-saumon-cote.jpg,1,,,,,17,Javana,,javana-saumon-41,Couleur,Pointure,Saumon,11,41,7,1,21,6,,,,,Sandales femme,Femme,Sandale,javana femme,javana,saumon,41,,,,javanafemme
17,Javana,"Couleur:color:0, Pointure:select:1","Color:color:0, Size:select:1","Silver:0, 35:1","Silver:0, 35:1",,javana-silver-35,JAVANA-FE-SI35,Couleur:color:0,Pointure:select:1,Silver:0,0,35:1,1,,,0,,78,https://cata.meduse.co/femmes/sandales/javana/silver/sandales-femme-javana-silver-cote.jpg,1,,,,,17,Javana,,javana-silver-35,Couleur,Pointure,Silver,12,35,1,1,21,6,,,,,Sandales femme,Femme,Sandale,javana femme,javana,silver,35,,,,javanafemme
17,Javana,"Couleur:color:0, Pointure:select:1","Color:color:0, Size:select:1","Silver:0, 36:1","Silver:0, 36:1",,javana-silver-36,JAVANA-FE-SI36,Couleur:color:0,Pointure:select:1,Silver:0,0,36:1,1,,,0,,79,https://cata.meduse.co/femmes/sandales/javana/silver/sandales-femme-javana-silver-cote.jpg,1,,,,,17,Javana,,javana-silver-36,Couleur,Pointure,Silver,12,36,2,1,21,6,,,,,Sandales femme,Femme,Sandale,javana femme,javana,silver,36,,,,javanafemme
17,Javana,"Couleur:color:0, Pointure:select:1","Color:color:0, Size:select:1","Silver:0, 37:1","Silver:0, 37:1",,javana-silver-37,JAVANA-FE-SI37,Couleur:color:0,Pointure:select:1,Silver:0,0,37:1,1,,,0,,80,https://cata.meduse.co/femmes/sandales/javana/silver/sandales-femme-javana-silver-cote.jpg,1,,,,,17,Javana,,javana-silver-37,Couleur,Pointure,Silver,12,37,3,1,21,6,,,,,Sandales femme,Femme,Sandale,javana femme,javana,silver,37,,,,javanafemme
17,Javana,"Couleur:color:0, Pointure:select:1","Color:color:0, Size:select:1","Silver:0, 38:1","Silver:0, 38:1",,javana-silver-38,JAVANA-FE-SI38,Couleur:color:0,Pointure:select:1,Silver:0,0,38:1,1,,,0,,81,https://cata.meduse.co/femmes/sandales/javana/silver/sandales-femme-javana-silver-cote.jpg,1,,,,,17,Javana,,javana-silver-38,Couleur,Pointure,Silver,12,38,4,1,21,6,,,,,Sandales femme,Femme,Sandale,javana femme,javana,silver,38,,,,javanafemme
17,Javana,"Couleur:color:0, Pointure:select:1","Color:color:0, Size:select:1","Silver:0, 39:1","Silver:0, 39:1",,javana-silver-39,JAVANA-FE-SI39,Couleur:color:0,Pointure:select:1,Silver:0,0,39:1,1,,,0,,82,https://cata.meduse.co/femmes/sandales/javana/silver/sandales-femme-javana-silver-cote.jpg,1,,,,,17,Javana,,javana-silver-39,Couleur,Pointure,Silver,12,39,5,1,21,6,,,,,Sandales femme,Femme,Sandale,javana femme,javana,silver,39,,,,javanafemme
17,Javana,"Couleur:color:0, Pointure:select:1","Color:color:0, Size:select:1","Silver:0, 40:1","Silver:0, 40:1",,javana-silver-40,JAVANA-FE-SI40,Couleur:color:0,Pointure:select:1,Silver:0,0,40:1,1,,,0,,83,https://cata.meduse.co/femmes/sandales/javana/silver/sandales-femme-javana-silver-cote.jpg,1,,,,,17,Javana,,javana-silver-40,Couleur,Pointure,Silver,12,40,6,1,21,6,,,,,Sandales femme,Femme,Sandale,javana femme,javana,silver,40,,,,javanafemme
17,Javana,"Couleur:color:0, Pointure:select:1","Color:color:0, Size:select:1","Silver:0, 41:1","Silver:0, 41:1",,javana-silver-41,JAVANA-FE-SI41,Couleur:color:0,Pointure:select:1,Silver:0,0,41:1,1,,,0,,84,https://cata.meduse.co/femmes/sandales/javana/silver/sandales-femme-javana-silver-cote.jpg,1,,,,,17,Javana,,javana-silver-41,Couleur,Pointure,Silver,12,41,7,1,21,6,,,,,Sandales femme,Femme,Sandale,javana femme,javana,silver,41,,,,javanafemme
17,Javana,"Couleur:color:0, Pointure:select:1","Color:color:0, Size:select:1","Vert d'eau:0, 35:1","Vert d'eau:0, 35:1",,javana-vert-d-eau-35,JAVANA-FE-VEDEA35,Couleur:color:0,Pointure:select:1,Vert d'eau:0,0,35:1,1,,,0,,85,https://cata.meduse.co/femmes/sandales/javana/vert-d-eau/sandales-femme-javana-vert-d-eau-cote.jpg,1,,,,,17,Javana,,javana-vert-d-eau-35,Couleur,Pointure,Vert d'eau,13,35,1,1,21,6,,,,,Sandales femme,Femme,Sandale,javana femme,javana,vert,d,eau,35,,javanafemme
17,Javana,"Couleur:color:0, Pointure:select:1","Color:color:0, Size:select:1","Vert d'eau:0, 36:1","Vert d'eau:0, 36:1",,javana-vert-d-eau-36,JAVANA-FE-VEDEA36,Couleur:color:0,Pointure:select:1,Vert d'eau:0,0,36:1,1,,,0,,86,https://cata.meduse.co/femmes/sandales/javana/vert-d-eau/sandales-femme-javana-vert-d-eau-cote.jpg,1,,,,,17,Javana,,javana-vert-d-eau-36,Couleur,Pointure,Vert d'eau,13,36,2,1,21,6,,,,,Sandales femme,Femme,Sandale,javana femme,javana,vert,d,eau,36,,javanafemme
17,Javana,"Couleur:color:0, Pointure:select:1","Color:color:0, Size:select:1","Vert d'eau:0, 37:1","Vert d'eau:0, 37:1",,javana-vert-d-eau-37,JAVANA-FE-VEDEA37,Couleur:color:0,Pointure:select:1,Vert d'eau:0,0,37:1,1,,,0,,87,https://cata.meduse.co/femmes/sandales/javana/vert-d-eau/sandales-femme-javana-vert-d-eau-cote.jpg,1,,,,,17,Javana,,javana-vert-d-eau-37,Couleur,Pointure,Vert d'eau,13,37,3,1,21,6,,,,,Sandales femme,Femme,Sandale,javana femme,javana,vert,d,eau,37,,javanafemme
17,Javana,"Couleur:color:0, Pointure:select:1","Color:color:0, Size:select:1","Vert d'eau:0, 38:1","Vert d'eau:0, 38:1",,javana-vert-d-eau-38,JAVANA-FE-VEDEA38,Couleur:color:0,Pointure:select:1,Vert d'eau:0,0,38:1,1,,,0,,88,https://cata.meduse.co/femmes/sandales/javana/vert-d-eau/sandales-femme-javana-vert-d-eau-cote.jpg,1,,,,,17,Javana,,javana-vert-d-eau-38,Couleur,Pointure,Vert d'eau,13,38,4,1,21,6,,,,,Sandales femme,Femme,Sandale,javana femme,javana,vert,d,eau,38,,javanafemme
17,Javana,"Couleur:color:0, Pointure:select:1","Color:color:0, Size:select:1","Vert d'eau:0, 39:1","Vert d'eau:0, 39:1",,javana-vert-d-eau-39,JAVANA-FE-VEDEA39,Couleur:color:0,Pointure:select:1,Vert d'eau:0,0,39:1,1,,,0,,89,https://cata.meduse.co/femmes/sandales/javana/vert-d-eau/sandales-femme-javana-vert-d-eau-cote.jpg,1,,,,,17,Javana,,javana-vert-d-eau-39,Couleur,Pointure,Vert d'eau,13,39,5,1,21,6,,,,,Sandales femme,Femme,Sandale,javana femme,javana,vert,d,eau,39,,javanafemme
17,Javana,"Couleur:color:0, Pointure:select:1","Color:color:0, Size:select:1","Vert d'eau:0, 40:1","Vert d'eau:0, 40:1",,javana-vert-d-eau-40,JAVANA-FE-VEDEA40,Couleur:color:0,Pointure:select:1,Vert d'eau:0,0,40:1,1,,,0,,90,https://cata.meduse.co/femmes/sandales/javana/vert-d-eau/sandales-femme-javana-vert-d-eau-cote.jpg,1,,,,,17,Javana,,javana-vert-d-eau-40,Couleur,Pointure,Vert d'eau,13,40,6,1,21,6,,,,,Sandales femme,Femme,Sandale,javana femme,javana,vert,d,eau,40,,javanafemme
17,Javana,"Couleur:color:0, Pointure:select:1","Color:color:0, Size:select:1","Vert d'eau:0, 41:1","Vert d'eau:0, 41:1",,javana-vert-d-eau-41,JAVANA-FE-VEDEA41,Couleur:color:0,Pointure:select:1,Vert d'eau:0,0,41:1,1,,,0,,91,https://cata.meduse.co/femmes/sandales/javana/vert-d-eau/sandales-femme-javana-vert-d-eau-cote.jpg,1,,,,,17,Javana,,javana-vert-d-eau-41,Couleur,Pointure,Vert d'eau,13,41,7,1,21,6,,,,,Sandales femme,Femme,Sandale,javana femme,javana,vert,d,eau,41,,javanafemme
17,Javana,"Couleur:color:0, Pointure:select:1","Color:color:0, Size:select:1","Vert fluo:0, 35:1","Vert fluo:0, 35:1",,javana-vert-fluo-35,JAVANA-FE-VEFL35,Couleur:color:0,Pointure:select:1,Vert fluo:0,0,35:1,1,,,0,,92,https://cata.meduse.co/femmes/sandales/javana/vert-fluo/sandales-femme-javana-vert-fluo-cote.jpg,1,,,,,17,Javana,,javana-vert-fluo-35,Couleur,Pointure,Vert fluo,14,35,1,1,21,6,,,,,Sandales femme,Femme,Sandale,javana femme,javana,vert,fluo,35,,,javanafemme
17,Javana,"Couleur:color:0, Pointure:select:1","Color:color:0, Size:select:1","Vert fluo:0, 36:1","Vert fluo:0, 36:1",,javana-vert-fluo-36,JAVANA-FE-VEFL36,Couleur:color:0,Pointure:select:1,Vert fluo:0,0,36:1,1,,,0,,93,https://cata.meduse.co/femmes/sandales/javana/vert-fluo/sandales-femme-javana-vert-fluo-cote.jpg,1,,,,,17,Javana,,javana-vert-fluo-36,Couleur,Pointure,Vert fluo,14,36,2,1,21,6,,,,,Sandales femme,Femme,Sandale,javana femme,javana,vert,fluo,36,,,javanafemme
17,Javana,"Couleur:color:0, Pointure:select:1","Color:color:0, Size:select:1","Vert fluo:0, 37:1","Vert fluo:0, 37:1",,javana-vert-fluo-37,JAVANA-FE-VEFL37,Couleur:color:0,Pointure:select:1,Vert fluo:0,0,37:1,1,,,0,,94,https://cata.meduse.co/femmes/sandales/javana/vert-fluo/sandales-femme-javana-vert-fluo-cote.jpg,1,,,,,17,Javana,,javana-vert-fluo-37,Couleur,Pointure,Vert fluo,14,37,3,1,21,6,,,,,Sandales femme,Femme,Sandale,javana femme,javana,vert,fluo,37,,,javanafemme
17,Javana,"Couleur:color:0, Pointure:select:1","Color:color:0, Size:select:1","Vert fluo:0, 38:1","Vert fluo:0, 38:1",,javana-vert-fluo-38,JAVANA-FE-VEFL38,Couleur:color:0,Pointure:select:1,Vert fluo:0,0,38:1,1,,,0,,95,https://cata.meduse.co/femmes/sandales/javana/vert-fluo/sandales-femme-javana-vert-fluo-cote.jpg,1,,,,,17,Javana,,javana-vert-fluo-38,Couleur,Pointure,Vert fluo,14,38,4,1,21,6,,,,,Sandales femme,Femme,Sandale,javana femme,javana,vert,fluo,38,,,javanafemme
17,Javana,"Couleur:color:0, Pointure:select:1","Color:color:0, Size:select:1","Vert fluo:0, 39:1","Vert fluo:0, 39:1",,javana-vert-fluo-39,JAVANA-FE-VEFL39,Couleur:color:0,Pointure:select:1,Vert fluo:0,0,39:1,1,,,0,,96,https://cata.meduse.co/femmes/sandales/javana/vert-fluo/sandales-femme-javana-vert-fluo-cote.jpg,1,,,,,17,Javana,,javana-vert-fluo-39,Couleur,Pointure,Vert fluo,14,39,5,1,21,6,,,,,Sandales femme,Femme,Sandale,javana femme,javana,vert,fluo,39,,,javanafemme
17,Javana,"Couleur:color:0, Pointure:select:1","Color:color:0, Size:select:1","Vert fluo:0, 40:1","Vert fluo:0, 40:1",,javana-vert-fluo-40,JAVANA-FE-VEFL40,Couleur:color:0,Pointure:select:1,Vert fluo:0,0,40:1,1,,,0,,97,https://cata.meduse.co/femmes/sandales/javana/vert-fluo/sandales-femme-javana-vert-fluo-cote.jpg,1,,,,,17,Javana,,javana-vert-fluo-40,Couleur,Pointure,Vert fluo,14,40,6,1,21,6,,,,,Sandales femme,Femme,Sandale,javana femme,javana,vert,fluo,40,,,javanafemme
17,Javana,"Couleur:color:0, Pointure:select:1","Color:color:0, Size:select:1","Vert fluo:0, 41:1","Vert fluo:0, 41:1",,javana-vert-fluo-41,JAVANA-FE-VEFL41,Couleur:color:0,Pointure:select:1,Vert fluo:0,0,41:1,1,,,0,,98,https://cata.meduse.co/femmes/sandales/javana/vert-fluo/sandales-femme-javana-vert-fluo-cote.jpg,1,,,,,17,Javana,,javana-vert-fluo-41,Couleur,Pointure,Vert fluo,14,41,7,1,21,6,,,,,Sandales femme,Femme,Sandale,javana femme,javana,vert,fluo,41,,,javanafemme
17,Javana,"Couleur:color:0, Pointure:select:1","Color:color:0, Size:select:1","Vert pailleté:0, 35:1","Vert pailleté:0, 35:1",,javana-vert-pailleté-35,JAVANA-FE-VEPA35,Couleur:color:0,Pointure:select:1,Vert pailleté:0,0,35:1,1,,,0,,99,https://cata.meduse.co/femmes/sandales/javana/vert-paillete/sandales-femme-javana-vert-paillete-cote.jpg,1,,,,,17,Javana,,javana-vert-pailleté-35,Couleur,Pointure,Vert pailleté,15,35,1,1,21,,,,,,Sandales femme,Femme,Sandale,javana femme,javana,vert,pailleté,35,,,javanafemme
17,Javana,"Couleur:color:0, Pointure:select:1","Color:color:0, Size:select:1","Vert pailleté:0, 36:1","Vert pailleté:0, 36:1",,javana-vert-pailleté-36,JAVANA-FE-VEPA36,Couleur:color:0,Pointure:select:1,Vert pailleté:0,0,36:1,1,,,0,,100,https://cata.meduse.co/femmes/sandales/javana/vert-paillete/sandales-femme-javana-vert-paillete-cote.jpg,1,,,,,17,Javana,,javana-vert-pailleté-36,Couleur,Pointure,Vert pailleté,15,36,2,1,21,,,,,,Sandales femme,Femme,Sandale,javana femme,javana,vert,pailleté,36,,,javanafemme
17,Javana,"Couleur:color:0, Pointure:select:1","Color:color:0, Size:select:1","Vert pailleté:0, 37:1","Vert pailleté:0, 37:1",,javana-vert-pailleté-37,JAVANA-FE-VEPA37,Couleur:color:0,Pointure:select:1,Vert pailleté:0,0,37:1,1,,,0,,101,https://cata.meduse.co/femmes/sandales/javana/vert-paillete/sandales-femme-javana-vert-paillete-cote.jpg,1,,,,,17,Javana,,javana-vert-pailleté-37,Couleur,Pointure,Vert pailleté,15,37,3,1,21,,,,,,Sandales femme,Femme,Sandale,javana femme,javana,vert,pailleté,37,,,javanafemme
17,Javana,"Couleur:color:0, Pointure:select:1","Color:color:0, Size:select:1","Vert pailleté:0, 38:1","Vert pailleté:0, 38:1",,javana-vert-pailleté-38,JAVANA-FE-VEPA38,Couleur:color:0,Pointure:select:1,Vert pailleté:0,0,38:1,1,,,0,,102,https://cata.meduse.co/femmes/sandales/javana/vert-paillete/sandales-femme-javana-vert-paillete-cote.jpg,1,,,,,17,Javana,,javana-vert-pailleté-38,Couleur,Pointure,Vert pailleté,15,38,4,1,21,,,,,,Sandales femme,Femme,Sandale,javana femme,javana,vert,pailleté,38,,,javanafemme
17,Javana,"Couleur:color:0, Pointure:select:1","Color:color:0, Size:select:1","Vert pailleté:0, 39:1","Vert pailleté:0, 39:1",,javana-vert-pailleté-39,JAVANA-FE-VEPA39,Couleur:color:0,Pointure:select:1,Vert pailleté:0,0,39:1,1,,,0,,103,https://cata.meduse.co/femmes/sandales/javana/vert-paillete/sandales-femme-javana-vert-paillete-cote.jpg,1,,,,,17,Javana,,javana-vert-pailleté-39,Couleur,Pointure,Vert pailleté,15,39,5,1,21,,,,,,Sandales femme,Femme,Sandale,javana femme,javana,vert,pailleté,39,,,javanafemme
17,Javana,"Couleur:color:0, Pointure:select:1","Color:color:0, Size:select:1","Vert pailleté:0, 40:1","Vert pailleté:0, 40:1",,javana-vert-pailleté-40,JAVANA-FE-VEPA40,Couleur:color:0,Pointure:select:1,Vert pailleté:0,0,40:1,1,,,0,,104,https://cata.meduse.co/femmes/sandales/javana/vert-paillete/sandales-femme-javana-vert-paillete-cote.jpg,1,,,,,17,Javana,,javana-vert-pailleté-40,Couleur,Pointure,Vert pailleté,15,40,6,1,21,,,,,,Sandales femme,Femme,Sandale,javana femme,javana,vert,pailleté,40,,,javanafemme
17,Javana,"Couleur:color:0, Pointure:select:1","Color:color:0, Size:select:1","Vert pailleté:0, 41:1","Vert pailleté:0, 41:1",,javana-vert-pailleté-41,JAVANA-FE-VEPA41,Couleur:color:0,Pointure:select:1,Vert pailleté:0,0,41:1,1,,,0,,105,https://cata.meduse.co/femmes/sandales/javana/vert-paillete/sandales-femme-javana-vert-paillete-cote.jpg,1,,,,,17,Javana,,javana-vert-pailleté-41,Couleur,Pointure,Vert pailleté,15,41,7,1,21,,,,,,Sandales femme,Femme,Sandale,javana femme,javana,vert,pailleté,41,,,javanafemme
17,Javana,"Couleur:color:0, Pointure:select:1","Color:color:0, Size:select:1","Vert pastel:0, 35:1","Vert pastel:0, 35:1",,javana-vert-pastel-35,JAVANA-FE-VEPA35,Couleur:color:0,Pointure:select:1,Vert pastel:0,0,35:1,1,,,0,,106,https://cata.meduse.co/femmes/sandales/javana/vert-pastel/sandales-femme-javana-vert-pastel-cote.jpg,1,,,,,17,Javana,,javana-vert-pastel-35,Couleur,Pointure,Vert pastel,16,35,1,1,21,,,,,,Sandales femme,Femme,Sandale,javana femme,javana,vert,pastel,35,,,javanafemme
17,Javana,"Couleur:color:0, Pointure:select:1","Color:color:0, Size:select:1","Vert pastel:0, 36:1","Vert pastel:0, 36:1",,javana-vert-pastel-36,JAVANA-FE-VEPA36,Couleur:color:0,Pointure:select:1,Vert pastel:0,0,36:1,1,,,0,,107,https://cata.meduse.co/femmes/sandales/javana/vert-pastel/sandales-femme-javana-vert-pastel-cote.jpg,1,,,,,17,Javana,,javana-vert-pastel-36,Couleur,Pointure,Vert pastel,16,36,2,1,21,,,,,,Sandales femme,Femme,Sandale,javana femme,javana,vert,pastel,36,,,javanafemme
17,Javana,"Couleur:color:0, Pointure:select:1","Color:color:0, Size:select:1","Vert pastel:0, 37:1","Vert pastel:0, 37:1",,javana-vert-pastel-37,JAVANA-FE-VEPA37,Couleur:color:0,Pointure:select:1,Vert pastel:0,0,37:1,1,,,0,,108,https://cata.meduse.co/femmes/sandales/javana/vert-pastel/sandales-femme-javana-vert-pastel-cote.jpg,1,,,,,17,Javana,,javana-vert-pastel-37,Couleur,Pointure,Vert pastel,16,37,3,1,21,,,,,,Sandales femme,Femme,Sandale,javana femme,javana,vert,pastel,37,,,javanafemme
17,Javana,"Couleur:color:0, Pointure:select:1","Color:color:0, Size:select:1","Vert pastel:0, 38:1","Vert pastel:0, 38:1",,javana-vert-pastel-38,JAVANA-FE-VEPA38,Couleur:color:0,Pointure:select:1,Vert pastel:0,0,38:1,1,,,0,,109,https://cata.meduse.co/femmes/sandales/javana/vert-pastel/sandales-femme-javana-vert-pastel-cote.jpg,1,,,,,17,Javana,,javana-vert-pastel-38,Couleur,Pointure,Vert pastel,16,38,4,1,21,,,,,,Sandales femme,Femme,Sandale,javana femme,javana,vert,pastel,38,,,javanafemme
17,Javana,"Couleur:color:0, Pointure:select:1","Color:color:0, Size:select:1","Vert pastel:0, 39:1","Vert pastel:0, 39:1",,javana-vert-pastel-39,JAVANA-FE-VEPA39,Couleur:color:0,Pointure:select:1,Vert pastel:0,0,39:1,1,,,0,,110,https://cata.meduse.co/femmes/sandales/javana/vert-pastel/sandales-femme-javana-vert-pastel-cote.jpg,1,,,,,17,Javana,,javana-vert-pastel-39,Couleur,Pointure,Vert pastel,16,39,5,1,21,,,,,,Sandales femme,Femme,Sandale,javana femme,javana,vert,pastel,39,,,javanafemme
17,Javana,"Couleur:color:0, Pointure:select:1","Color:color:0, Size:select:1","Vert pastel:0, 40:1","Vert pastel:0, 40:1",,javana-vert-pastel-40,JAVANA-FE-VEPA40,Couleur:color:0,Pointure:select:1,Vert pastel:0,0,40:1,1,,,0,,111,https://cata.meduse.co/femmes/sandales/javana/vert-pastel/sandales-femme-javana-vert-pastel-cote.jpg,1,,,,,17,Javana,,javana-vert-pastel-40,Couleur,Pointure,Vert pastel,16,40,6,1,21,,,,,,Sandales femme,Femme,Sandale,javana femme,javana,vert,pastel,40,,,javanafemme
17,Javana,"Couleur:color:0, Pointure:select:1","Color:color:0, Size:select:1","Vert pastel:0, 41:1","Vert pastel:0, 41:1",,javana-vert-pastel-41,JAVANA-FE-VEPA41,Couleur:color:0,Pointure:select:1,Vert pastel:0,0,41:1,1,,,0,,112,https://cata.meduse.co/femmes/sandales/javana/vert-pastel/sandales-femme-javana-vert-pastel-cote.jpg,1,,,,,17,Javana,,javana-vert-pastel-41,Couleur,Pointure,Vert pastel,16,41,7,1,21,,,,,,Sandales femme,Femme,Sandale,javana femme,javana,vert,pastel,41,,,javanafemme
18,Sun,"Couleur:color:0, Pointure:select:1","Color:color:0, Size:select:1","Argent pailleté:0, 35:1","Argent pailleté:0, 35:1",,sun-argent-pailleté-35,SUN-HO-ARPA35,Couleur:color:0,Pointure:select:1,Argent pailleté:0,6,35:1,1,,,1,,1,https://cata.meduse.co/hommes/sandales/sun/argent-paillete/sandales-homme-sun-argent-paillete-cote.jpg,1,,,,,18,Sun,,sun-argent-pailleté-35,Couleur,Pointure,Argent pailleté,1,35,26,1,18,,,,,,Sandales homme,Homme,Sandale,sun homme,sun,argent,pailleté,35,,,sunhomme
18,Sun,"Couleur:color:0, Pointure:select:1","Color:color:0, Size:select:1","Argent pailleté:0, 36:1","Argent pailleté:0, 36:1",,sun-argent-pailleté-36,SUN-HO-ARPA36,Couleur:color:0,Pointure:select:1,Argent pailleté:0,6,36:1,1,,,0,,2,https://cata.meduse.co/hommes/sandales/sun/argent-paillete/sandales-homme-sun-argent-paillete-cote.jpg,1,,,,,18,Sun,,sun-argent-pailleté-36,Couleur,Pointure,Argent pailleté,1,36,27,1,18,,,,,,Sandales homme,Homme,Sandale,sun homme,sun,argent,pailleté,36,,,sunhomme
18,Sun,"Couleur:color:0, Pointure:select:1","Color:color:0, Size:select:1","Argent pailleté:0, 37:1","Argent pailleté:0, 37:1",,sun-argent-pailleté-37,SUN-HO-ARPA37,Couleur:color:0,Pointure:select:1,Argent pailleté:0,6,37:1,1,,,0,,3,https://cata.meduse.co/hommes/sandales/sun/argent-paillete/sandales-homme-sun-argent-paillete-cote.jpg,1,,,,,18,Sun,,sun-argent-pailleté-37,Couleur,Pointure,Argent pailleté,1,37,28,1,18,,,,,,Sandales homme,Homme,Sandale,sun homme,sun,argent,pailleté,37,,,sunhomme
18,Sun,"Couleur:color:0, Pointure:select:1","Color:color:0, Size:select:1","Argent pailleté:0, 38:1","Argent pailleté:0, 38:1",,sun-argent-pailleté-38,SUN-HO-ARPA38,Couleur:color:0,Pointure:select:1,Argent pailleté:0,6,38:1,1,,,0,,4,https://cata.meduse.co/hommes/sandales/sun/argent-paillete/sandales-homme-sun-argent-paillete-cote.jpg,1,,,,,18,Sun,,sun-argent-pailleté-38,Couleur,Pointure,Argent pailleté,1,38,29,1,18,,,,,,Sandales homme,Homme,Sandale,sun homme,sun,argent,pailleté,38,,,sunhomme
18,Sun,"Couleur:color:0, Pointure:select:1","Color:color:0, Size:select:1","Argent pailleté:0, 39:1","Argent pailleté:0, 39:1",,sun-argent-pailleté-39,SUN-HO-ARPA39,Couleur:color:0,Pointure:select:1,Argent pailleté:0,6,39:1,1,,,0,,5,https://cata.meduse.co/hommes/sandales/sun/argent-paillete/sandales-homme-sun-argent-paillete-cote.jpg,1,,,,,18,Sun,,sun-argent-pailleté-39,Couleur,Pointure,Argent pailleté,1,39,30,1,18,,,,,,Sandales homme,Homme,Sandale,sun homme,sun,argent,pailleté,39,,,sunhomme
18,Sun,"Couleur:color:0, Pointure:select:1","Color:color:0, Size:select:1","Argent pailleté:0, 40:1","Argent pailleté:0, 40:1",,sun-argent-pailleté-40,SUN-HO-ARPA40,Couleur:color:0,Pointure:select:1,Argent pailleté:0,6,40:1,1,,,0,,6,https://cata.meduse.co/hommes/sandales/sun/argent-paillete/sandales-homme-sun-argent-paillete-cote.jpg,1,,,,,18,Sun,,sun-argent-pailleté-40,Couleur,Pointure,Argent pailleté,1,40,31,1,18,,,,,,Sandales homme,Homme,Sandale,sun homme,sun,argent,pailleté,40,,,sunhomme
18,Sun,"Couleur:color:0, Pointure:select:1","Color:color:0, Size:select:1","Argent pailleté:0, 41:1","Argent pailleté:0, 41:1",,sun-argent-pailleté-41,SUN-HO-ARPA41,Couleur:color:0,Pointure:select:1,Argent pailleté:0,6,41:1,1,,,0,,7,https://cata.meduse.co/hommes/sandales/sun/argent-paillete/sandales-homme-sun-argent-paillete-cote.jpg,1,,,,,18,Sun,,sun-argent-pailleté-41,Couleur,Pointure,Argent pailleté,1,41,32,1,18,,,,,,Sandales homme,Homme,Sandale,sun homme,sun,argent,pailleté,41,,,sunhomme
18,Sun,"Couleur:color:0, Pointure:select:1","Color:color:0, Size:select:1","Argent pailleté:0, 42:1","Argent pailleté:0, 42:1",,sun-argent-pailleté-42,SUN-HO-ARPA42,Couleur:color:0,Pointure:select:1,Argent pailleté:0,6,42:1,1,,,0,,8,https://cata.meduse.co/hommes/sandales/sun/argent-paillete/sandales-homme-sun-argent-paillete-cote.jpg,1,,,,,18,Sun,,sun-argent-pailleté-42,Couleur,Pointure,Argent pailleté,1,42,33,1,18,,,,,,Sandales homme,Homme,Sandale,sun homme,sun,argent,pailleté,42,,,sunhomme
18,Sun,"Couleur:color:0, Pointure:select:1","Color:color:0, Size:select:1","Argent pailleté:0, 43:1","Argent pailleté:0, 43:1",,sun-argent-pailleté-43,SUN-HO-ARPA43,Couleur:color:0,Pointure:select:1,Argent pailleté:0,6,43:1,1,,,0,,9,https://cata.meduse.co/hommes/sandales/sun/argent-paillete/sandales-homme-sun-argent-paillete-cote.jpg,1,,,,,15,Sun,,sun-argent-pailleté-43,Couleur,Pointure,Argent pailleté,1,43,34,1,18,,,,,,Sandales homme,Homme,Sandale,sun homme,sun,argent,pailleté,43,,,sunhomme
18,Sun,"Couleur:color:0, Pointure:select:1","Color:color:0, Size:select:1","Argent pailleté:0, 44:1","Argent pailleté:0, 44:1",,sun-argent-pailleté-44,SUN-HO-ARPA44,Couleur:color:0,Pointure:select:1,Argent pailleté:0,6,44:1,1,,,0,,10,https://cata.meduse.co/hommes/sandales/sun/argent-paillete/sandales-homme-sun-argent-paillete-cote.jpg,1,,,,,15,Sun,,sun-argent-pailleté-44,Couleur,Pointure,Argent pailleté,1,44,35,1,18,,,,,,Sandales homme,Homme,Sandale,sun homme,sun,argent,pailleté,44,,,sunhomme
18,Sun,"Couleur:color:0, Pointure:select:1","Color:color:0, Size:select:1","Argent pailleté:0, 45:1","Argent pailleté:0, 45:1",,sun-argent-pailleté-45,SUN-HO-ARPA45,Couleur:color:0,Pointure:select:1,Argent pailleté:0,6,45:1,1,,,0,,11,https://cata.meduse.co/hommes/sandales/sun/argent-paillete/sandales-homme-sun-argent-paillete-cote.jpg,1,,,,,15,Sun,,sun-argent-pailleté-45,Couleur,Pointure,Argent pailleté,1,45,36,1,18,,,,,,Sandales homme,Homme,Sandale,sun homme,sun,argent,pailleté,45,,,sunhomme
18,Sun,"Couleur:color:0, Pointure:select:1","Color:color:0, Size:select:1","Argent pailleté:0, 46:1","Argent pailleté:0, 46:1",,sun-argent-pailleté-46,SUN-HO-ARPA46,Couleur:color:0,Pointure:select:1,Argent pailleté:0,6,46:1,1,,,0,,12,https://cata.meduse.co/hommes/sandales/sun/argent-paillete/sandales-homme-sun-argent-paillete-cote.jpg,1,,,,,15,Sun,,sun-argent-pailleté-46,Couleur,Pointure,Argent pailleté,1,46,37,1,18,,,,,,Sandales homme,Homme,Sandale,sun homme,sun,argent,pailleté,46,,,sunhomme
18,Sun,"Couleur:color:0, Pointure:select:1","Color:color:0, Size:select:1","Argent pailleté:0, 47:1","Argent pailleté:0, 47:1",,sun-argent-pailleté-47,SUN-HO-ARPA47,Couleur:color:0,Pointure:select:1,Argent pailleté:0,6,47:1,1,,,0,,13,https://cata.meduse.co/hommes/sandales/sun/argent-paillete/sandales-homme-sun-argent-paillete-cote.jpg,1,,,,,15,Sun,,sun-argent-pailleté-47,Couleur,Pointure,Argent pailleté,1,47,38,1,18,,,,,,Sandales homme,Homme,Sandale,sun homme,sun,argent,pailleté,47,,,sunhomme
18,Sun,"Couleur:color:0, Pointure:select:1","Color:color:0, Size:select:1","Argent pailleté:0, 48:1","Argent pailleté:0, 48:1",,sun-argent-pailleté-48,SUN-HO-ARPA48,Couleur:color:0,Pointure:select:1,Argent pailleté:0,6,48:1,1,,,0,,14,https://cata.meduse.co/hommes/sandales/sun/argent-paillete/sandales-homme-sun-argent-paillete-cote.jpg,1,,,,,15,Sun,,sun-argent-pailleté-48,Couleur,Pointure,Argent pailleté,1,48,39,1,18,,,,,,Sandales homme,Homme,Sandale,sun homme,sun,argent,pailleté,48,,,sunhomme
18,Sun,"Couleur:color:0, Pointure:select:1","Color:color:0, Size:select:1","Bleu pastel:0, 35:1","Bleu pastel:0, 35:1",,sun-bleu-pastel-35,SUN-HO-BLPA35,Couleur:color:0,Pointure:select:1,Bleu pastel:0,6,35:1,1,,,0,,15,https://cata.meduse.co/hommes/sandales/sun/bleu-pastel/sandales-homme-sun-bleu-pastel-cote.jpg,1,,,,,15,Sun,,sun-bleu-pastel-35,Couleur,Pointure,Bleu pastel,3,35,18,1,18,,,,,,Sandales homme,Homme,Sandale,sun homme,sun,bleu,pastel,35,,,sunhomme
18,Sun,"Couleur:color:0, Pointure:select:1","Color:color:0, Size:select:1","Bleu pastel:0, 36:1","Bleu pastel:0, 36:1",,sun-bleu-pastel-36,SUN-HO-BLPA36,Couleur:color:0,Pointure:select:1,Bleu pastel:0,6,36:1,1,,,0,,16,https://cata.meduse.co/hommes/sandales/sun/bleu-pastel/sandales-homme-sun-bleu-pastel-cote.jpg,1,,,,,15,Sun,,sun-bleu-pastel-36,Couleur,Pointure,Bleu pastel,3,36,19,1,18,,,,,,Sandales homme,Homme,Sandale,sun homme,sun,bleu,pastel,36,,,sunhomme
18,Sun,"Couleur:color:0, Pointure:select:1","Color:color:0, Size:select:1","Bleu pastel:0, 37:1","Bleu pastel:0, 37:1",,sun-bleu-pastel-37,SUN-HO-BLPA37,Couleur:color:0,Pointure:select:1,Bleu pastel:0,6,37:1,1,,,0,,17,https://cata.meduse.co/hommes/sandales/sun/bleu-pastel/sandales-homme-sun-bleu-pastel-cote.jpg,1,,,,,15,Sun,,sun-bleu-pastel-37,Couleur,Pointure,Bleu pastel,3,37,20,1,18,,,,,,Sandales homme,Homme,Sandale,sun homme,sun,bleu,pastel,37,,,sunhomme
18,Sun,"Couleur:color:0, Pointure:select:1","Color:color:0, Size:select:1","Bleu pastel:0, 38:1","Bleu pastel:0, 38:1",,sun-bleu-pastel-38,SUN-HO-BLPA38,Couleur:color:0,Pointure:select:1,Bleu pastel:0,6,38:1,1,,,0,,18,https://cata.meduse.co/hommes/sandales/sun/bleu-pastel/sandales-homme-sun-bleu-pastel-cote.jpg,1,,,,,15,Sun,,sun-bleu-pastel-38,Couleur,Pointure,Bleu pastel,3,38,21,1,18,,,,,,Sandales homme,Homme,Sandale,sun homme,sun,bleu,pastel,38,,,sunhomme
18,Sun,"Couleur:color:0, Pointure:select:1","Color:color:0, Size:select:1","Bleu pastel:0, 39:1","Bleu pastel:0, 39:1",,sun-bleu-pastel-39,SUN-HO-BLPA39,Couleur:color:0,Pointure:select:1,Bleu pastel:0,6,39:1,1,,,0,,19,https://cata.meduse.co/hommes/sandales/sun/bleu-pastel/sandales-homme-sun-bleu-pastel-cote.jpg,1,,,,,15,Sun,,sun-bleu-pastel-39,Couleur,Pointure,Bleu pastel,3,39,22,1,18,,,,,,Sandales homme,Homme,Sandale,sun homme,sun,bleu,pastel,39,,,sunhomme
18,Sun,"Couleur:color:0, Pointure:select:1","Color:color:0, Size:select:1","Bleu pastel:0, 40:1","Bleu pastel:0, 40:1",,sun-bleu-pastel-40,SUN-HO-BLPA40,Couleur:color:0,Pointure:select:1,Bleu pastel:0,6,40:1,1,,,0,,20,https://cata.meduse.co/hommes/sandales/sun/bleu-pastel/sandales-homme-sun-bleu-pastel-cote.jpg,1,,,,,15,Sun,,sun-bleu-pastel-40,Couleur,Pointure,Bleu pastel,3,40,23,1,18,,,,,,Sandales homme,Homme,Sandale,sun homme,sun,bleu,pastel,40,,,sunhomme
18,Sun,"Couleur:color:0, Pointure:select:1","Color:color:0, Size:select:1","Bleu pastel:0, 41:1","Bleu pastel:0, 41:1",,sun-bleu-pastel-41,SUN-HO-BLPA41,Couleur:color:0,Pointure:select:1,Bleu pastel:0,6,41:1,1,,,0,,21,https://cata.meduse.co/hommes/sandales/sun/bleu-pastel/sandales-homme-sun-bleu-pastel-cote.jpg,1,,,,,15,Sun,,sun-bleu-pastel-41,Couleur,Pointure,Bleu pastel,3,41,24,1,18,,,,,,Sandales homme,Homme,Sandale,sun homme,sun,bleu,pastel,41,,,sunhomme
18,Sun,"Couleur:color:0, Pointure:select:1","Color:color:0, Size:select:1","Bleu pastel:0, 42:1","Bleu pastel:0, 42:1",,sun-bleu-pastel-42,SUN-HO-BLPA42,Couleur:color:0,Pointure:select:1,Bleu pastel:0,6,42:1,1,,,0,,22,https://cata.meduse.co/hommes/sandales/sun/bleu-pastel/sandales-homme-sun-bleu-pastel-cote.jpg,1,,,,,15,Sun,,sun-bleu-pastel-42,Couleur,Pointure,Bleu pastel,3,42,25,1,18,,,,,,Sandales homme,Homme,Sandale,sun homme,sun,bleu,pastel,42,,,sunhomme
18,Sun,"Couleur:color:0, Pointure:select:1","Color:color:0, Size:select:1","Bleu roy:0, 35:1","Bleu roy:0, 35:1",,sun-bleu-roy-35,SUN-HO-BLRO35,Couleur:color:0,Pointure:select:1,Bleu roy:0,6,35:1,1,,,0,,23,https://cata.meduse.co/hommes/sandales/sun/bleu-roy/sandales-homme-sun-bleu-roy-cote.jpg,1,,,,,15,Sun,,sun-bleu-roy-35,Couleur,Pointure,Bleu roy,4,35,18,1,18,,,,,,Sandales homme,Homme,Sandale,sun homme,sun,bleu,roy,35,,,sunhomme
18,Sun,"Couleur:color:0, Pointure:select:1","Color:color:0, Size:select:1","Bleu roy:0, 36:1","Bleu roy:0, 36:1",,sun-bleu-roy-36,SUN-HO-BLRO36,Couleur:color:0,Pointure:select:1,Bleu roy:0,6,36:1,1,,,0,,24,https://cata.meduse.co/hommes/sandales/sun/bleu-roy/sandales-homme-sun-bleu-roy-cote.jpg,1,,,,,15,Sun,,sun-bleu-roy-36,Couleur,Pointure,Bleu roy,4,36,19,1,18,,,,,,Sandales homme,Homme,Sandale,sun homme,sun,bleu,roy,36,,,sunhomme
18,Sun,"Couleur:color:0, Pointure:select:1","Color:color:0, Size:select:1","Bleu roy:0, 37:1","Bleu roy:0, 37:1",,sun-bleu-roy-37,SUN-HO-BLRO37,Couleur:color:0,Pointure:select:1,Bleu roy:0,6,37:1,1,,,0,,25,https://cata.meduse.co/hommes/sandales/sun/bleu-roy/sandales-homme-sun-bleu-roy-cote.jpg,1,,,,,15,Sun,,sun-bleu-roy-37,Couleur,Pointure,Bleu roy,4,37,20,1,18,,,,,,Sandales homme,Homme,Sandale,sun homme,sun,bleu,roy,37,,,sunhomme
18,Sun,"Couleur:color:0, Pointure:select:1","Color:color:0, Size:select:1","Bleu roy:0, 38:1","Bleu roy:0, 38:1",,sun-bleu-roy-38,SUN-HO-BLRO38,Couleur:color:0,Pointure:select:1,Bleu roy:0,6,38:1,1,,,0,,26,https://cata.meduse.co/hommes/sandales/sun/bleu-roy/sandales-homme-sun-bleu-roy-cote.jpg,1,,,,,15,Sun,,sun-bleu-roy-38,Couleur,Pointure,Bleu roy,4,38,21,1,18,,,,,,Sandales homme,Homme,Sandale,sun homme,sun,bleu,roy,38,,,sunhomme
18,Sun,"Couleur:color:0, Pointure:select:1","Color:color:0, Size:select:1","Bleu roy:0, 39:1","Bleu roy:0, 39:1",,sun-bleu-roy-39,SUN-HO-BLRO39,Couleur:color:0,Pointure:select:1,Bleu roy:0,6,39:1,1,,,0,,27,https://cata.meduse.co/hommes/sandales/sun/bleu-roy/sandales-homme-sun-bleu-roy-cote.jpg,1,,,,,15,Sun,,sun-bleu-roy-39,Couleur,Pointure,Bleu roy,4,39,22,1,18,,,,,,Sandales homme,Homme,Sandale,sun homme,sun,bleu,roy,39,,,sunhomme
18,Sun,"Couleur:color:0, Pointure:select:1","Color:color:0, Size:select:1","Bleu roy:0, 40:1","Bleu roy:0, 40:1",,sun-bleu-roy-40,SUN-HO-BLRO40,Couleur:color:0,Pointure:select:1,Bleu roy:0,6,40:1,1,,,0,,28,https://cata.meduse.co/hommes/sandales/sun/bleu-roy/sandales-homme-sun-bleu-roy-cote.jpg,1,,,,,15,Sun,,sun-bleu-roy-40,Couleur,Pointure,Bleu roy,4,40,23,1,18,,,,,,Sandales homme,Homme,Sandale,sun homme,sun,bleu,roy,40,,,sunhomme
18,Sun,"Couleur:color:0, Pointure:select:1","Color:color:0, Size:select:1","Bleu roy:0, 41:1","Bleu roy:0, 41:1",,sun-bleu-roy-41,SUN-HO-BLRO41,Couleur:color:0,Pointure:select:1,Bleu roy:0,6,41:1,1,,,0,,29,https://cata.meduse.co/hommes/sandales/sun/bleu-roy/sandales-homme-sun-bleu-roy-cote.jpg,1,,,,,15,Sun,,sun-bleu-roy-41,Couleur,Pointure,Bleu roy,4,41,24,1,18,,,,,,Sandales homme,Homme,Sandale,sun homme,sun,bleu,roy,41,,,sunhomme
18,Sun,"Couleur:color:0, Pointure:select:1","Color:color:0, Size:select:1","Bleu roy:0, 42:1","Bleu roy:0, 42:1",,sun-bleu-roy-42,SUN-HO-BLRO42,Couleur:color:0,Pointure:select:1,Bleu roy:0,6,42:1,1,,,0,,30,https://cata.meduse.co/hommes/sandales/sun/bleu-roy/sandales-homme-sun-bleu-roy-cote.jpg,1,,,,,15,Sun,,sun-bleu-roy-42,Couleur,Pointure,Bleu roy,4,42,25,1,18,,,,,,Sandales homme,Homme,Sandale,sun homme,sun,bleu,roy,42,,,sunhomme
18,Sun,"Couleur:color:0, Pointure:select:1","Color:color:0, Size:select:1","Bronze:0, 35:1","Bronze:0, 35:1",,sun-bronze-35,SUN-HO-BR35,Couleur:color:0,Pointure:select:1,Bronze:0,6,35:1,1,,,0,,31,https://cata.meduse.co/hommes/sandales/sun/bronze/sandales-homme-sun-bronze-cote.jpg,1,,,,,15,Sun,,sun-bronze-35,Couleur,Pointure,Bronze,5,35,18,1,18,,,,,,Sandales homme,Homme,Sandale,sun homme,sun,bronze,35,,,,sunhomme
18,Sun,"Couleur:color:0, Pointure:select:1","Color:color:0, Size:select:1","Bronze:0, 36:1","Bronze:0, 36:1",,sun-bronze-36,SUN-HO-BR36,Couleur:color:0,Pointure:select:1,Bronze:0,6,36:1,1,,,0,,32,https://cata.meduse.co/hommes/sandales/sun/bronze/sandales-homme-sun-bronze-cote.jpg,1,,,,,15,Sun,,sun-bronze-36,Couleur,Pointure,Bronze,5,36,19,1,18,,,,,,Sandales homme,Homme,Sandale,sun homme,sun,bronze,36,,,,sunhomme
18,Sun,"Couleur:color:0, Pointure:select:1","Color:color:0, Size:select:1","Bronze:0, 37:1","Bronze:0, 37:1",,sun-bronze-37,SUN-HO-BR37,Couleur:color:0,Pointure:select:1,Bronze:0,6,37:1,1,,,0,,33,https://cata.meduse.co/hommes/sandales/sun/bronze/sandales-homme-sun-bronze-cote.jpg,1,,,,,15,Sun,,sun-bronze-37,Couleur,Pointure,Bronze,5,37,20,1,18,,,,,,Sandales homme,Homme,Sandale,sun homme,sun,bronze,37,,,,sunhomme
18,Sun,"Couleur:color:0, Pointure:select:1","Color:color:0, Size:select:1","Bronze:0, 38:1","Bronze:0, 38:1",,sun-bronze-38,SUN-HO-BR38,Couleur:color:0,Pointure:select:1,Bronze:0,6,38:1,1,,,0,,34,https://cata.meduse.co/hommes/sandales/sun/bronze/sandales-homme-sun-bronze-cote.jpg,1,,,,,15,Sun,,sun-bronze-38,Couleur,Pointure,Bronze,5,38,21,1,18,,,,,,Sandales homme,Homme,Sandale,sun homme,sun,bronze,38,,,,sunhomme
18,Sun,"Couleur:color:0, Pointure:select:1","Color:color:0, Size:select:1","Bronze:0, 39:1","Bronze:0, 39:1",,sun-bronze-39,SUN-HO-BR39,Couleur:color:0,Pointure:select:1,Bronze:0,6,39:1,1,,,0,,35,https://cata.meduse.co/hommes/sandales/sun/bronze/sandales-homme-sun-bronze-cote.jpg,1,,,,,15,Sun,,sun-bronze-39,Couleur,Pointure,Bronze,5,39,22,1,18,,,,,,Sandales homme,Homme,Sandale,sun homme,sun,bronze,39,,,,sunhomme
18,Sun,"Couleur:color:0, Pointure:select:1","Color:color:0, Size:select:1","Bronze:0, 40:1","Bronze:0, 40:1",,sun-bronze-40,SUN-HO-BR40,Couleur:color:0,Pointure:select:1,Bronze:0,6,40:1,1,,,0,,36,https://cata.meduse.co/hommes/sandales/sun/bronze/sandales-homme-sun-bronze-cote.jpg,1,,,,,15,Sun,,sun-bronze-40,Couleur,Pointure,Bronze,5,40,23,1,18,,,,,,Sandales homme,Homme,Sandale,sun homme,sun,bronze,40,,,,sunhomme
18,Sun,"Couleur:color:0, Pointure:select:1","Color:color:0, Size:select:1","Bronze:0, 41:1","Bronze:0, 41:1",,sun-bronze-41,SUN-HO-BR41,Couleur:color:0,Pointure:select:1,Bronze:0,6,41:1,1,,,0,,37,https://cata.meduse.co/hommes/sandales/sun/bronze/sandales-homme-sun-bronze-cote.jpg,1,,,,,15,Sun,,sun-bronze-41,Couleur,Pointure,Bronze,5,41,24,1,18,,,,,,Sandales homme,Homme,Sandale,sun homme,sun,bronze,41,,,,sunhomme
18,Sun,"Couleur:color:0, Pointure:select:1","Color:color:0, Size:select:1","Bronze:0, 42:1","Bronze:0, 42:1",,sun-bronze-42,SUN-HO-BR42,Couleur:color:0,Pointure:select:1,Bronze:0,6,42:1,1,,,0,,38,https://cata.meduse.co/hommes/sandales/sun/bronze/sandales-homme-sun-bronze-cote.jpg,1,,,,,15,Sun,,sun-bronze-42,Couleur,Pointure,Bronze,5,42,25,1,18,,,,,,Sandales homme,Homme,Sandale,sun homme,sun,bronze,42,,,,sunhomme
18,Sun,"Couleur:color:0, Pointure:select:1","Color:color:0, Size:select:1","Canari:0, 35:1","Canari:0, 35:1",,sun-canari-35,SUN-HO-CA35,Couleur:color:0,Pointure:select:1,Canari:0,6,35:1,1,,,0,,39,https://cata.meduse.co/hommes/sandales/sun/canari/sandales-homme-sun-canari-cote.jpg,1,,,,,15,Sun,,sun-canari-35,Couleur,Pointure,Canari,6,35,18,1,18,,,,,,Sandales homme,Homme,Sandale,sun homme,sun,canari,35,,,,sunhomme
18,Sun,"Couleur:color:0, Pointure:select:1","Color:color:0, Size:select:1","Canari:0, 36:1","Canari:0, 36:1",,sun-canari-36,SUN-HO-CA36,Couleur:color:0,Pointure:select:1,Canari:0,6,36:1,1,,,0,,40,https://cata.meduse.co/hommes/sandales/sun/canari/sandales-homme-sun-canari-cote.jpg,1,,,,,15,Sun,,sun-canari-36,Couleur,Pointure,Canari,6,36,19,1,18,,,,,,Sandales homme,Homme,Sandale,sun homme,sun,canari,36,,,,sunhomme
18,Sun,"Couleur:color:0, Pointure:select:1","Color:color:0, Size:select:1","Canari:0, 37:1","Canari:0, 37:1",,sun-canari-37,SUN-HO-CA37,Couleur:color:0,Pointure:select:1,Canari:0,6,37:1,1,,,0,,41,https://cata.meduse.co/hommes/sandales/sun/canari/sandales-homme-sun-canari-cote.jpg,1,,,,,15,Sun,,sun-canari-37,Couleur,Pointure,Canari,6,37,20,1,18,,,,,,Sandales homme,Homme,Sandale,sun homme,sun,canari,37,,,,sunhomme
18,Sun,"Couleur:color:0, Pointure:select:1","Color:color:0, Size:select:1","Canari:0, 38:1","Canari:0, 38:1",,sun-canari-38,SUN-HO-CA38,Couleur:color:0,Pointure:select:1,Canari:0,6,38:1,1,,,0,,42,https://cata.meduse.co/hommes/sandales/sun/canari/sandales-homme-sun-canari-cote.jpg,1,,,,,15,Sun,,sun-canari-38,Couleur,Pointure,Canari,6,38,21,1,18,,,,,,Sandales homme,Homme,Sandale,sun homme,sun,canari,38,,,,sunhomme
18,Sun,"Couleur:color:0, Pointure:select:1","Color:color:0, Size:select:1","Canari:0, 39:1","Canari:0, 39:1",,sun-canari-39,SUN-HO-CA39,Couleur:color:0,Pointure:select:1,Canari:0,6,39:1,1,,,0,,43,https://cata.meduse.co/hommes/sandales/sun/canari/sandales-homme-sun-canari-cote.jpg,1,,,,,15,Sun,,sun-canari-39,Couleur,Pointure,Canari,6,39,22,1,18,,,,,,Sandales homme,Homme,Sandale,sun homme,sun,canari,39,,,,sunhomme
18,Sun,"Couleur:color:0, Pointure:select:1","Color:color:0, Size:select:1","Canari:0, 40:1","Canari:0, 40:1",,sun-canari-40,SUN-HO-CA40,Couleur:color:0,Pointure:select:1,Canari:0,6,40:1,1,,,0,,44,https://cata.meduse.co/hommes/sandales/sun/canari/sandales-homme-sun-canari-cote.jpg,1,,,,,15,Sun,,sun-canari-40,Couleur,Pointure,Canari,6,40,23,1,18,,,,,,Sandales homme,Homme,Sandale,sun homme,sun,canari,40,,,,sunhomme
18,Sun,"Couleur:color:0, Pointure:select:1","Color:color:0, Size:select:1","Canari:0, 41:1","Canari:0, 41:1",,sun-canari-41,SUN-HO-CA41,Couleur:color:0,Pointure:select:1,Canari:0,6,41:1,1,,,0,,45,https://cata.meduse.co/hommes/sandales/sun/canari/sandales-homme-sun-canari-cote.jpg,1,,,,,15,Sun,,sun-canari-41,Couleur,Pointure,Canari,6,41,24,1,18,,,,,,Sandales homme,Homme,Sandale,sun homme,sun,canari,41,,,,sunhomme
18,Sun,"Couleur:color:0, Pointure:select:1","Color:color:0, Size:select:1","Canari:0, 42:1","Canari:0, 42:1",,sun-canari-42,SUN-HO-CA42,Couleur:color:0,Pointure:select:1,Canari:0,6,42:1,1,,,0,,46,https://cata.meduse.co/hommes/sandales/sun/canari/sandales-homme-sun-canari-cote.jpg,1,,,,,15,Sun,,sun-canari-42,Couleur,Pointure,Canari,6,42,25,1,18,,,,,,Sandales homme,Homme,Sandale,sun homme,sun,canari,42,,,,sunhomme
18,Sun,"Couleur:color:0, Pointure:select:1","Color:color:0, Size:select:1","Carmin:0, 35:1","Carmin:0, 35:1",,sun-carmin-35,SUN-HO-CA35,Couleur:color:0,Pointure:select:1,Carmin:0,6,35:1,1,,,0,,47,https://cata.meduse.co/hommes/sandales/sun/carmin/sandales-homme-sun-carmin-cote.jpg,1,,,,,15,Sun,,sun-carmin-35,Couleur,Pointure,Carmin,7,35,18,1,18,,,,,,Sandales homme,Homme,Sandale,sun homme,sun,carmin,35,,,,sunhomme
18,Sun,"Couleur:color:0, Pointure:select:1","Color:color:0, Size:select:1","Carmin:0, 36:1","Carmin:0, 36:1",,sun-carmin-36,SUN-HO-CA36,Couleur:color:0,Pointure:select:1,Carmin:0,6,36:1,1,,,0,,48,https://cata.meduse.co/hommes/sandales/sun/carmin/sandales-homme-sun-carmin-cote.jpg,1,,,,,15,Sun,,sun-carmin-36,Couleur,Pointure,Carmin,7,36,19,1,18,,,,,,Sandales homme,Homme,Sandale,sun homme,sun,carmin,36,,,,sunhomme
18,Sun,"Couleur:color:0, Pointure:select:1","Color:color:0, Size:select:1","Carmin:0, 37:1","Carmin:0, 37:1",,sun-carmin-37,SUN-HO-CA37,Couleur:color:0,Pointure:select:1,Carmin:0,6,37:1,1,,,0,,49,https://cata.meduse.co/hommes/sandales/sun/carmin/sandales-homme-sun-carmin-cote.jpg,1,,,,,15,Sun,,sun-carmin-37,Couleur,Pointure,Carmin,7,37,20,1,18,,,,,,Sandales homme,Homme,Sandale,sun homme,sun,carmin,37,,,,sunhomme
18,Sun,"Couleur:color:0, Pointure:select:1","Color:color:0, Size:select:1","Carmin:0, 38:1","Carmin:0, 38:1",,sun-carmin-38,SUN-HO-CA38,Couleur:color:0,Pointure:select:1,Carmin:0,6,38:1,1,,,0,,50,https://cata.meduse.co/hommes/sandales/sun/carmin/sandales-homme-sun-carmin-cote.jpg,1,,,,,15,Sun,,sun-carmin-38,Couleur,Pointure,Carmin,7,38,21,1,18,,,,,,Sandales homme,Homme,Sandale,sun homme,sun,carmin,38,,,,sunhomme
18,Sun,"Couleur:color:0, Pointure:select:1","Color:color:0, Size:select:1","Carmin:0, 39:1","Carmin:0, 39:1",,sun-carmin-39,SUN-HO-CA39,Couleur:color:0,Pointure:select:1,Carmin:0,6,39:1,1,,,0,,51,https://cata.meduse.co/hommes/sandales/sun/carmin/sandales-homme-sun-carmin-cote.jpg,1,,,,,15,Sun,,sun-carmin-39,Couleur,Pointure,Carmin,7,39,22,1,18,,,,,,Sandales homme,Homme,Sandale,sun homme,sun,carmin,39,,,,sunhomme
18,Sun,"Couleur:color:0, Pointure:select:1","Color:color:0, Size:select:1","Carmin:0, 40:1","Carmin:0, 40:1",,sun-carmin-40,SUN-HO-CA40,Couleur:color:0,Pointure:select:1,Carmin:0,6,40:1,1,,,0,,52,https://cata.meduse.co/hommes/sandales/sun/carmin/sandales-homme-sun-carmin-cote.jpg,1,,,,,15,Sun,,sun-carmin-40,Couleur,Pointure,Carmin,7,40,23,1,18,,,,,,Sandales homme,Homme,Sandale,sun homme,sun,carmin,40,,,,sunhomme
18,Sun,"Couleur:color:0, Pointure:select:1","Color:color:0, Size:select:1","Carmin:0, 41:1","Carmin:0, 41:1",,sun-carmin-41,SUN-HO-CA41,Couleur:color:0,Pointure:select:1,Carmin:0,6,41:1,1,,,0,,53,https://cata.meduse.co/hommes/sandales/sun/carmin/sandales-homme-sun-carmin-cote.jpg,1,,,,,15,Sun,,sun-carmin-41,Couleur,Pointure,Carmin,7,41,24,1,18,,,,,,Sandales homme,Homme,Sandale,sun homme,sun,carmin,41,,,,sunhomme
18,Sun,"Couleur:color:0, Pointure:select:1","Color:color:0, Size:select:1","Carmin:0, 42:1","Carmin:0, 42:1",,sun-carmin-42,SUN-HO-CA42,Couleur:color:0,Pointure:select:1,Carmin:0,6,42:1,1,,,0,,54,https://cata.meduse.co/hommes/sandales/sun/carmin/sandales-homme-sun-carmin-cote.jpg,1,,,,,15,Sun,,sun-carmin-42,Couleur,Pointure,Carmin,7,42,25,1,18,,,,,,Sandales homme,Homme,Sandale,sun homme,sun,carmin,42,,,,sunhomme
18,Sun,"Couleur:color:0, Pointure:select:1","Color:color:0, Size:select:1","Cobalt:0, 35:1","Cobalt:0, 35:1",,sun-cobalt-35,SUN-HO-CO35,Couleur:color:0,Pointure:select:1,Cobalt:0,6,35:1,1,,,0,,55,https://cata.meduse.co/hommes/sandales/sun/cobalt/sandales-homme-sun-cobalt-cote.jpg,1,,,,,15,Sun,,sun-cobalt-35,Couleur,Pointure,Cobalt,8,35,18,1,18,,,,,,Sandales homme,Homme,Sandale,sun homme,sun,cobalt,35,,,,sunhomme
18,Sun,"Couleur:color:0, Pointure:select:1","Color:color:0, Size:select:1","Cobalt:0, 36:1","Cobalt:0, 36:1",,sun-cobalt-36,SUN-HO-CO36,Couleur:color:0,Pointure:select:1,Cobalt:0,6,36:1,1,,,0,,56,https://cata.meduse.co/hommes/sandales/sun/cobalt/sandales-homme-sun-cobalt-cote.jpg,1,,,,,15,Sun,,sun-cobalt-36,Couleur,Pointure,Cobalt,8,36,19,1,18,,,,,,Sandales homme,Homme,Sandale,sun homme,sun,cobalt,36,,,,sunhomme
18,Sun,"Couleur:color:0, Pointure:select:1","Color:color:0, Size:select:1","Cobalt:0, 37:1","Cobalt:0, 37:1",,sun-cobalt-37,SUN-HO-CO37,Couleur:color:0,Pointure:select:1,Cobalt:0,6,37:1,1,,,0,,57,https://cata.meduse.co/hommes/sandales/sun/cobalt/sandales-homme-sun-cobalt-cote.jpg,1,,,,,15,Sun,,sun-cobalt-37,Couleur,Pointure,Cobalt,8,37,20,1,18,,,,,,Sandales homme,Homme,Sandale,sun homme,sun,cobalt,37,,,,sunhomme
18,Sun,"Couleur:color:0, Pointure:select:1","Color:color:0, Size:select:1","Cobalt:0, 38:1","Cobalt:0, 38:1",,sun-cobalt-38,SUN-HO-CO38,Couleur:color:0,Pointure:select:1,Cobalt:0,6,38:1,1,,,0,,58,https://cata.meduse.co/hommes/sandales/sun/cobalt/sandales-homme-sun-cobalt-cote.jpg,1,,,,,15,Sun,,sun-cobalt-38,Couleur,Pointure,Cobalt,8,38,21,1,18,,,,,,Sandales homme,Homme,Sandale,sun homme,sun,cobalt,38,,,,sunhomme
18,Sun,"Couleur:color:0, Pointure:select:1","Color:color:0, Size:select:1","Cobalt:0, 39:1","Cobalt:0, 39:1",,sun-cobalt-39,SUN-HO-CO39,Couleur:color:0,Pointure:select:1,Cobalt:0,6,39:1,1,,,0,,59,https://cata.meduse.co/hommes/sandales/sun/cobalt/sandales-homme-sun-cobalt-cote.jpg,1,,,,,15,Sun,,sun-cobalt-39,Couleur,Pointure,Cobalt,8,39,22,1,18,,,,,,Sandales homme,Homme,Sandale,sun homme,sun,cobalt,39,,,,sunhomme
18,Sun,"Couleur:color:0, Pointure:select:1","Color:color:0, Size:select:1","Cobalt:0, 40:1","Cobalt:0, 40:1",,sun-cobalt-40,SUN-HO-CO40,Couleur:color:0,Pointure:select:1,Cobalt:0,6,40:1,1,,,0,,60,https://cata.meduse.co/hommes/sandales/sun/cobalt/sandales-homme-sun-cobalt-cote.jpg,1,,,,,15,Sun,,sun-cobalt-40,Couleur,Pointure,Cobalt,8,40,23,1,18,,,,,,Sandales homme,Homme,Sandale,sun homme,sun,cobalt,40,,,,sunhomme
18,Sun,"Couleur:color:0, Pointure:select:1","Color:color:0, Size:select:1","Cobalt:0, 41:1","Cobalt:0, 41:1",,sun-cobalt-41,SUN-HO-CO41,Couleur:color:0,Pointure:select:1,Cobalt:0,6,41:1,1,,,0,,61,https://cata.meduse.co/hommes/sandales/sun/cobalt/sandales-homme-sun-cobalt-cote.jpg,1,,,,,15,Sun,,sun-cobalt-41,Couleur,Pointure,Cobalt,8,41,24,1,18,,,,,,Sandales homme,Homme,Sandale,sun homme,sun,cobalt,41,,,,sunhomme
18,Sun,"Couleur:color:0, Pointure:select:1","Color:color:0, Size:select:1","Cobalt:0, 42:1","Cobalt:0, 42:1",,sun-cobalt-42,SUN-HO-CO42,Couleur:color:0,Pointure:select:1,Cobalt:0,6,42:1,1,,,0,,62,https://cata.meduse.co/hommes/sandales/sun/cobalt/sandales-homme-sun-cobalt-cote.jpg,1,,,,,15,Sun,,sun-cobalt-42,Couleur,Pointure,Cobalt,8,42,25,1,18,,,,,,Sandales homme,Homme,Sandale,sun homme,sun,cobalt,42,,,,sunhomme
18,Sun,"Couleur:color:0, Pointure:select:1","Color:color:0, Size:select:1","Cobalt:0, 43:1","Cobalt:0, 43:1",,sun-cobalt-43,SUN-HO-CO43,Couleur:color:0,Pointure:select:1,Cobalt:0,6,43:1,1,,,0,,63,https://cata.meduse.co/hommes/sandales/sun/cobalt/sandales-homme-sun-cobalt-cote.jpg,1,,,,,15,Sun,,sun-cobalt-43,Couleur,Pointure,Cobalt,8,43,26,1,18,,,,,,Sandales homme,Homme,Sandale,sun homme,sun,cobalt,43,,,,sunhomme
18,Sun,"Couleur:color:0, Pointure:select:1","Color:color:0, Size:select:1","Cobalt:0, 44:1","Cobalt:0, 44:1",,sun-cobalt-44,SUN-HO-CO44,Couleur:color:0,Pointure:select:1,Cobalt:0,6,44:1,1,,,0,,64,https://cata.meduse.co/hommes/sandales/sun/cobalt/sandales-homme-sun-cobalt-cote.jpg,1,,,,,15,Sun,,sun-cobalt-44,Couleur,Pointure,Cobalt,8,44,27,1,18,,,,,,Sandales homme,Homme,Sandale,sun homme,sun,cobalt,44,,,,sunhomme
18,Sun,"Couleur:color:0, Pointure:select:1","Color:color:0, Size:select:1","Cobalt:0, 45:1","Cobalt:0, 45:1",,sun-cobalt-45,SUN-HO-CO45,Couleur:color:0,Pointure:select:1,Cobalt:0,6,45:1,1,,,0,,65,https://cata.meduse.co/hommes/sandales/sun/cobalt/sandales-homme-sun-cobalt-cote.jpg,1,,,,,15,Sun,,sun-cobalt-45,Couleur,Pointure,Cobalt,8,45,28,1,18,,,,,,Sandales homme,Homme,Sandale,sun homme,sun,cobalt,45,,,,sunhomme
18,Sun,"Couleur:color:0, Pointure:select:1","Color:color:0, Size:select:1","Cobalt:0, 46:1","Cobalt:0, 46:1",,sun-cobalt-46,SUN-HO-CO46,Couleur:color:0,Pointure:select:1,Cobalt:0,6,46:1,1,,,0,,66,https://cata.meduse.co/hommes/sandales/sun/cobalt/sandales-homme-sun-cobalt-cote.jpg,1,,,,,15,Sun,,sun-cobalt-46,Couleur,Pointure,Cobalt,8,46,29,1,18,,,,,,Sandales homme,Homme,Sandale,sun homme,sun,cobalt,46,,,,sunhomme
18,Sun,"Couleur:color:0, Pointure:select:1","Color:color:0, Size:select:1","Cobalt:0, 47:1","Cobalt:0, 47:1",,sun-cobalt-47,SUN-HO-CO47,Couleur:color:0,Pointure:select:1,Cobalt:0,6,47:1,1,,,0,,67,https://cata.meduse.co/hommes/sandales/sun/cobalt/sandales-homme-sun-cobalt-cote.jpg,1,,,,,15,Sun,,sun-cobalt-47,Couleur,Pointure,Cobalt,8,47,30,1,18,,,,,,Sandales homme,Homme,Sandale,sun homme,sun,cobalt,47,,,,sunhomme
18,Sun,"Couleur:color:0, Pointure:select:1","Color:color:0, Size:select:1","Cobalt:0, 48:1","Cobalt:0, 48:1",,sun-cobalt-48,SUN-HO-CO48,Couleur:color:0,Pointure:select:1,Cobalt:0,6,48:1,1,,,0,,68,https://cata.meduse.co/hommes/sandales/sun/cobalt/sandales-homme-sun-cobalt-cote.jpg,1,,,,,15,Sun,,sun-cobalt-48,Couleur,Pointure,Cobalt,8,48,31,1,18,,,,,,Sandales homme,Homme,Sandale,sun homme,sun,cobalt,48,,,,sunhomme
18,Sun,"Couleur:color:0, Pointure:select:1","Color:color:0, Size:select:1","Cristal:0, 35:1","Cristal:0, 35:1",,sun-cristal-35,SUN-HO-CR35,Couleur:color:0,Pointure:select:1,Cristal:0,6,35:1,1,,,0,,69,https://cata.meduse.co/hommes/sandales/sun/cristal/sandales-homme-sun-cristal-cote.jpg,1,,,,,15,Sun,,sun-cristal-35,Couleur,Pointure,Cristal,10,35,18,1,18,,,,,,Sandales homme,Homme,Sandale,sun homme,sun,cristal,35,,,,sunhomme
18,Sun,"Couleur:color:0, Pointure:select:1","Color:color:0, Size:select:1","Cristal:0, 36:1","Cristal:0, 36:1",,sun-cristal-36,SUN-HO-CR36,Couleur:color:0,Pointure:select:1,Cristal:0,6,36:1,1,,,0,,70,https://cata.meduse.co/hommes/sandales/sun/cristal/sandales-homme-sun-cristal-cote.jpg,1,,,,,15,Sun,,sun-cristal-36,Couleur,Pointure,Cristal,10,36,19,1,18,,,,,,Sandales homme,Homme,Sandale,sun homme,sun,cristal,36,,,,sunhomme
18,Sun,"Couleur:color:0, Pointure:select:1","Color:color:0, Size:select:1","Cristal:0, 37:1","Cristal:0, 37:1",,sun-cristal-37,SUN-HO-CR37,Couleur:color:0,Pointure:select:1,Cristal:0,6,37:1,1,,,0,,71,https://cata.meduse.co/hommes/sandales/sun/cristal/sandales-homme-sun-cristal-cote.jpg,1,,,,,15,Sun,,sun-cristal-37,Couleur,Pointure,Cristal,10,37,20,1,18,,,,,,Sandales homme,Homme,Sandale,sun homme,sun,cristal,37,,,,sunhomme
18,Sun,"Couleur:color:0, Pointure:select:1","Color:color:0, Size:select:1","Cristal:0, 38:1","Cristal:0, 38:1",,sun-cristal-38,SUN-HO-CR38,Couleur:color:0,Pointure:select:1,Cristal:0,6,38:1,1,,,0,,72,https://cata.meduse.co/hommes/sandales/sun/cristal/sandales-homme-sun-cristal-cote.jpg,1,,,,,15,Sun,,sun-cristal-38,Couleur,Pointure,Cristal,10,38,21,1,18,,,,,,Sandales homme,Homme,Sandale,sun homme,sun,cristal,38,,,,sunhomme
18,Sun,"Couleur:color:0, Pointure:select:1","Color:color:0, Size:select:1","Cristal:0, 39:1","Cristal:0, 39:1",,sun-cristal-39,SUN-HO-CR39,Couleur:color:0,Pointure:select:1,Cristal:0,6,39:1,1,,,0,,73,https://cata.meduse.co/hommes/sandales/sun/cristal/sandales-homme-sun-cristal-cote.jpg,1,,,,,15,Sun,,sun-cristal-39,Couleur,Pointure,Cristal,10,39,22,1,18,,,,,,Sandales homme,Homme,Sandale,sun homme,sun,cristal,39,,,,sunhomme
18,Sun,"Couleur:color:0, Pointure:select:1","Color:color:0, Size:select:1","Cristal:0, 40:1","Cristal:0, 40:1",,sun-cristal-40,SUN-HO-CR40,Couleur:color:0,Pointure:select:1,Cristal:0,6,40:1,1,,,0,,74,https://cata.meduse.co/hommes/sandales/sun/cristal/sandales-homme-sun-cristal-cote.jpg,1,,,,,15,Sun,,sun-cristal-40,Couleur,Pointure,Cristal,10,40,23,1,18,,,,,,Sandales homme,Homme,Sandale,sun homme,sun,cristal,40,,,,sunhomme
18,Sun,"Couleur:color:0, Pointure:select:1","Color:color:0, Size:select:1","Cristal:0, 41:1","Cristal:0, 41:1",,sun-cristal-41,SUN-HO-CR41,Couleur:color:0,Pointure:select:1,Cristal:0,6,41:1,1,,,0,,75,https://cata.meduse.co/hommes/sandales/sun/cristal/sandales-homme-sun-cristal-cote.jpg,1,,,,,15,Sun,,sun-cristal-41,Couleur,Pointure,Cristal,10,41,24,1,18,,,,,,Sandales homme,Homme,Sandale,sun homme,sun,cristal,41,,,,sunhomme
18,Sun,"Couleur:color:0, Pointure:select:1","Color:color:0, Size:select:1","Cristal:0, 42:1","Cristal:0, 42:1",,sun-cristal-42,SUN-HO-CR42,Couleur:color:0,Pointure:select:1,Cristal:0,6,42:1,1,,,0,,76,https://cata.meduse.co/hommes/sandales/sun/cristal/sandales-homme-sun-cristal-cote.jpg,1,,,,,15,Sun,,sun-cristal-42,Couleur,Pointure,Cristal,10,42,25,1,18,,,,,,Sandales homme,Homme,Sandale,sun homme,sun,cristal,42,,,,sunhomme
18,Sun,"Couleur:color:0, Pointure:select:1","Color:color:0, Size:select:1","Cristal:0, 43:1","Cristal:0, 43:1",,sun-cristal-43,SUN-HO-CR43,Couleur:color:0,Pointure:select:1,Cristal:0,6,43:1,1,,,0,,77,https://cata.meduse.co/hommes/sandales/sun/cristal/sandales-homme-sun-cristal-cote.jpg,1,,,,,15,Sun,,sun-cristal-43,Couleur,Pointure,Cristal,10,43,26,1,18,,,,,,Sandales homme,Homme,Sandale,sun homme,sun,cristal,43,,,,sunhomme
18,Sun,"Couleur:color:0, Pointure:select:1","Color:color:0, Size:select:1","Cristal:0, 44:1","Cristal:0, 44:1",,sun-cristal-44,SUN-HO-CR44,Couleur:color:0,Pointure:select:1,Cristal:0,6,44:1,1,,,0,,78,https://cata.meduse.co/hommes/sandales/sun/cristal/sandales-homme-sun-cristal-cote.jpg,1,,,,,15,Sun,,sun-cristal-44,Couleur,Pointure,Cristal,10,44,27,1,18,,,,,,Sandales homme,Homme,Sandale,sun homme,sun,cristal,44,,,,sunhomme
